catalog,Taxon_Upham_style,Genus_species,Sex,TotL,Tail,mass_g,Fl,Fdw,Fsw,Tl,Tpw,Tmw,Hl,Hdw,Hpw,Hsw,Ul,Uol,Rl,Mcl,Ppl,Mtl,Pppl,MANUS,HRI,HPI,HEB,OLI,BI,IM,PRTI,FRI,FEB,CI,TRI,PES,log_Mass,pred_data,Mass_grams,Mass_source,Loc_mode_Categorical,Loc_mode_Ordinal,Loc_Ord,Loc_Ord2,Loc_mode_Binary,Loc_bin,Loc_mode_source
UF16909,Ochrotomys_nuttalli_CRICETIDAE_RODENTIA,Ochrotomys_nuttalli,M,161,72,16,-1.0861279305935891,-1.0477673179515004,-1.0732254217836286,NA,-1.0896591143496002,-1.204505857657688,-0.9795714979741259,-0.9749138054441053,-1.1296341778277523,-1.0362767169659473,-0.9601175642441111,-0.9681344524796172,-0.9540673691809959,-0.9611621777476504,-1.0011711186032861,-0.8649734074426431,-0.83731877044811,-0.14408838764834048,-0.38050909895976176,-0.227065056544899,-0.18794301126073742,-0.23974326486048772,0.40797863825865827,NA,-0.18046423327277383,-0.22500038556175678,-0.09215092333629844,NA,NA,-0.14108230795751878,-1.1343613904190133,T,NA,NA,NA,NA,NA,NA,NA,NA,NA
UF16911,Ochrotomys_nuttalli_CRICETIDAE_RODENTIA,Ochrotomys_nuttalli,M,NA,NA,17.6,-0.9834748556411851,-1.062396545156876,-0.9222024533973787,NA,-1.1214932453747792,-1.0785066900712823,-0.9329256800724437,-1.0044072111258466,-1.144939954535876,-0.8948043744082631,-0.9556834127266723,-1.0884891868595294,-0.9097229278103266,-0.9535117977248726,-0.8611012344706772,-0.9798157302251378,NA,0.2397365694296661,-0.17931951985324843,-0.34427002181698535,-0.34408965749119286,-0.4662564213644478,0.3820350182118563,NA,-0.26946116542198306,-0.05837006065715118,-0.5110988878566177,NA,NA,NA,-1.0883461443319828,T,NA,NA,NA,NA,NA,NA,NA,NA,NA
UF16912,Ochrotomys_nuttalli_CRICETIDAE_RODENTIA,Ochrotomys_nuttalli,F,NA,NA,NA,-0.7715617528740278,-0.7971645690853499,-0.6158920844108852,-0.7896761704502026,-0.8169688346256785,-0.8222477149591775,-0.8306136931813968,-0.7998363792431021,-1.00882402655123,-0.88270912484428,-0.8133773090262013,-0.7905123433275639,-0.7749714780325254,NA,-0.8154977285936635,-0.5703078201670456,-0.7711663736282791,NA,-0.34732367018242033,-0.26439070505021744,-0.11743606476218188,-0.16720045678153955,0.5381738782487239,-0.4816216099692513,NA,0.2894324414837111,-0.29114694989557843,0.4877818381284484,-0.6431091766397531,-0.565340314763957,NA,T,NA,NA,NA,NA,NA,NA,NA,NA,NA
UF17076,Ochrotomys_nuttalli_CRICETIDAE_RODENTIA,Ochrotomys_nuttalli,F,168,78,17.6,-1.0068831031089676,-1.05750181510235,-1.0063121578541425,NA,-1.1123134033376698,-1.1399106653927276,-0.9925777705170824,-0.9624764565485597,-1.0946260828109684,-0.9444011178813025,-0.9372089503586637,-1.0164113006589386,-0.8870372276159595,-0.9573315542204138,-0.9695034743824644,-0.9376319916912534,-0.9740403138367518,-0.06662146058526844,-0.1683391644460406,-0.12921312711087873,-0.13350476082683682,-0.36980307700202414,0.8777481988024063,NA,-0.23691217377005386,-0.25085776319481135,-0.4131486617713116,NA,NA,-0.27607209212129347,-1.0883461443319828,T,NA,NA,NA,NA,NA,NA,NA,NA,NA
UF17197,Ochrotomys_nuttalli_CRICETIDAE_RODENTIA,Ochrotomys_nuttalli,F,157,75,14.6,-1.172301232638908,-1.112385373216769,-1.2314236369035794,-1.1531674687074995,-1.343004585808173,-1.2211930581127814,-1.101399638281736,-1.056583949461558,-1.1813918788847722,-1.2273855227642902,-1.0594196969963459,-1.103374080221314,-1.0221744963689048,-0.9650037303154478,-0.9508419503431259,-1.0116723115884714,-1.09576312964895,0.009297711980036222,-0.5309631331006162,-0.09735594640206947,-0.11071763022301635,-0.315638928888582,0.7530484991767384,0.15190552242828867,0.044088615054817086,-0.45129572457841655,-0.020485195281824686,0.8767467196881688,-0.8685040271871219,-0.37382453833976564,-1.1785695427089848,T,NA,NA,NA,NA,NA,NA,NA,NA,NA
UF17198,Ochrotomys_nuttalli_CRICETIDAE_RODENTIA,Ochrotomys_nuttalli,F,183,82,23,-0.9221490850027758,-0.976993971137077,-0.8337388797478759,-0.9827030418606572,-1.0029970106332176,-1.0343655643696188,-0.852034785605153,-0.9020200498542879,-1.0799147189170455,-0.8471156778631579,-0.9120834369247761,-0.9681344524796172,-0.8839716768552486,-0.9383402201767564,-0.9947798796786359,-0.9464151364644101,-1.0171380002794306,-0.19164696408534954,-0.23509183246597018,-0.36479834320322513,-0.29295065378564283,-0.32549276780959835,0.055475609030685887,0.09853722946879166,-0.35690379113649695,0.038790716922441536,-0.41747262601247775,0.3519098170171595,-0.765545537938216,-0.3440888393554867,-0.9591525550906617,T,NA,NA,NA,NA,NA,NA,NA,NA,NA
UF17214,Ochrotomys_nuttalli_CRICETIDAE_RODENTIA,Ochrotomys_nuttalli,M,157,70,NA,-1.0824229817539741,-0.9678421777290552,-1.0732254217836286,NA,-1.028360654045032,-1.204505857657688,-0.9991281836533653,-0.909919752541883,-1.070201508576048,-1.0362767169659473,-0.9779932171081953,-0.9546496474075808,-0.9605171291383263,-0.8938249837436021,-0.9202831102358892,-0.9442145443114691,-0.9846960407150395,-0.11336567090269549,-0.34507645417555716,-0.06386047134173216,-7.052433994331325e-4,-0.18098006162918603,0.48797890230135677,NA,0.022480665205923244,-0.23576660722107373,0.2106857337993653,NA,NA,-0.2845694845928391,NA,T,NA,NA,NA,NA,NA,NA,NA,NA,NA
UF17196,Ochrotomys_nuttalli_CRICETIDAE_RODENTIA,Ochrotomys_nuttalli,F,152,71,13.3,-1.1962427823368222,-1.097185793009853,-1.2444411420656036,-1.1937780634255117,-1.1732447563409243,-1.1399106653927276,-1.1336548674806852,-1.0744538496967972,-1.2408882040797207,-1.1959976881161953,-1.0785919426065131,-1.1108779790171783,-1.0563432301363653,-0.9961372158934421,-1.007591742637778,-1.0489244125540316,-1.107349127771538,-0.06051758772384618,-0.4160446151240546,-0.15937651496793015,-0.0814996197255174,-0.29563263606677775,0.7511040405982765,0.19417146624575612,0.047220124149040435,-0.42305710377671557,0.13128798633108305,0.8023892606715127,-0.5879966477122626,-0.326279590626553,-1.2235937627981177,T,NA,NA,NA,NA,NA,NA,NA,NA,NA
UF26041,Ochrotomys_nuttalli_CRICETIDAE_RODENTIA,Ochrotomys_nuttalli,F,179,82,19,-0.9090727006255899,-1.033300942668704,-0.9324193460620797,-0.9431651489115416,-1.094156717620096,-1.0489058209757853,-0.8364221932923376,-0.9298823543846986,-1.119532435008455,-0.9571166472634532,-0.8950096421275676,-1.05919872063115,-0.8387670149241772,-0.8974788890026627,-0.8963085597377142,-0.890219334612182,-1.0785547405921134,-0.035085533811919194,-0.48076297589909545,-0.46705601893374776,-0.3807267641404673,-0.5154009039990574,0.21301683894118212,0.040878629567113196,-0.33003784483666593,-0.3086584569030809,-0.6591473975319412,0.4753789692008631,-0.8781062157758646,-0.5605834545762874,-1.0513930036335255,T,NA,NA,NA,NA,NA,NA,NA,NA,NA
UF16910,Ochrotomys_nuttalli_CRICETIDAE_RODENTIA,Ochrotomys_nuttalli,M,170,86,22.1,-1.0531444525353024,-1.05750181510235,-0.9427183030005624,NA,-1.0674145095407472,-1.0785066900712823,-1.0046112370396179,-1.0172557186830369,-1.15524785763872,-0.9571166472634532,-0.9556834127266723,-1.1108779790171783,-0.9254013779998126,-0.9383402201767564,NA,-0.9288997639854116,NA,NA,-0.171891799592954,-0.23154275271887484,-0.22731068211589495,-0.5048110014910399,0.7249507163720538,NA,-0.12899755934052085,0.09019842951665988,-0.24958911021651997,NA,NA,NA,-0.9784240800892692,T,NA,NA,NA,NA,NA,NA,NA,NA,NA
UF31473,Ochrotomys_nuttalli_CRICETIDAE_RODENTIA,Ochrotomys_nuttalli,M,147,72,12.2,-1.1151919460725905,-0.9542342073881441,-1.0063121578541425,-1.11603156253486,-1.054258307938033,-1.0785066900712823,-1.0346106633157917,-0.9258651504630958,-1.1095108655962471,-1.0227273662901457,-0.9942749779748641,-0.9886153525067048,-0.9844206762902779,-0.8974788890026627,-0.9202831102358892,-0.8796487294020663,-0.9582011555515942,-0.10277240103276686,-0.25166097799285675,-0.07710716781556069,0.04135896733151407,-0.21659769983087582,0.5644731001679366,0.26926786861090796,0.08892122009057653,0.07515695167929282,0.39855681972951773,0.7445154291762087,-0.5979452848032122,-0.3552792473568383,-1.2652725007262215,T,NA,NA,NA,NA,NA,NA,NA,NA,NA
UF31474,Ochrotomys_nuttalli_CRICETIDAE_RODENTIA,Ochrotomys_nuttalli,M,135,65,11.6,-1.2454409191719846,-1.062396545156876,-1.0732254217836286,-1.21323148548589,-1.1400610413018342,-1.2211930581127814,-1.1679389184713578,-0.9916848775302233,-1.2027039648469993,-1.1355099236796455,-1.113764619032712,-1.1413139760193547,-1.1044145254536135,-0.9961372158934421,-1.0270326589400678,-0.973076099022916,-1.0785547405921134,-0.1151420770599681,-0.23174638582831103,-0.008444052065450744,0.19024325899453015,-0.2898084330373419,0.6799856167500137,0.17993723686379592,0.15463959125269028,0.26709767081606306,0.4727799279226783,0.9830600716829733,-0.7490403549683783,-0.4123968221753456,-1.2896202476802687,T,NA,NA,NA,NA,NA,NA,NA,NA,NA
UF16918,Ochrotomys_nuttalli_CRICETIDAE_RODENTIA,Ochrotomys_nuttalli,F,160,78,17.9,-1.1114063416406579,-1.1277648342867517,-1.1198564968386444,-1.1224233973791065,-1.1926167019632177,-1.1088296023222053,-1.0424983114015713,-1.0477405893451932,-1.1813918788847722,-1.1503574454130263,-0.8425244818580092,-1.030524941841935,-0.9465795723888994,-0.9882860959132802,-0.9884177581165552,-0.9865856520064202,-1.0391735598088296,-0.0291826093449847,-0.4883774730929517,-0.2126104148245572,-0.2147764275635075,-0.551511019176373,0.8349044953348483,0.7689346331337504,-0.1821910359917772,-0.2934574227002551,-0.30182691658027144,0.690625375359839,-0.6606261547212239,-0.3110630578720112,-1.080186040290684,T,NA,NA,NA,NA,NA,NA,NA,NA,NA
UF16919,Ochrotomys_nuttalli_CRICETIDAE_RODENTIA,Ochrotomys_nuttalli,M,162,75,21,-1.0147770850834277,-1.1072990681205237,-0.8432721076428393,-1.0346019099536274,-1.2272695040196622,-1.1399106653927276,-0.9763394082130451,-1.0389571846735335,-1.1973421261412034,-1.0362767169659473,-0.9565691417191353,-1.0234498392500047,-0.9285579960686664,-1.0000800101065872,-1.014042023239532,-1.0047889558442982,-1.0559212934081579,-0.06719213431916872,-0.38631572361629674,-0.36711136616663165,-0.3295448864731698,-0.3490530505347582,0.5341244766065517,0.03358813144923766,-0.30843616370533045,0.30336742182463683,-0.5627392959216955,0.5981669680384026,-0.9107123733034657,-0.30930505803303343,-1.0030732440423082,T,NA,NA,NA,NA,NA,NA,NA,NA,NA
UF16920,Ochrotomys_nuttalli_CRICETIDAE_RODENTIA,Ochrotomys_nuttalli,F,177,87,NA,-0.9503649715112396,-1.0673097808510739,-0.9531006532105302,NA,-1.1123134033376698,-1.09357569600189,-0.9475935036385027,-1.0699632135657675,-1.1296341778277523,-1.0093244979500389,-0.9172456567489189,-0.9955113378020444,-0.8788771196800488,-0.9048165816127668,-0.9082443868217485,-0.8923423864939873,-1.022615785696304,-0.047383830724996426,-0.385214809906294,-0.28722561685855813,-0.4472368723547192,-0.3664553141929555,0.6471171636146329,NA,-0.1705967545570111,-0.25256294247153005,-0.6392678199657971,NA,NA,-0.45437716779928555,NA,T,NA,NA,NA,NA,NA,NA,NA,NA,NA
UF16932,Ochrotomys_nuttalli_CRICETIDAE_RODENTIA,Ochrotomys_nuttalli,F,167,81,17.7,-1.1038668853803537,-0.9632903366720731,-1.0618278956687632,NA,-1.0762641385310043,-1.1880396862311629,-1.0424983114015713,-1.0345877126507688,-1.1296341778277523,-1.0920053460122967,-0.9761955440424218,-1.0024424173212318,-0.9497837836841351,-1.0000800101065872,NA,-0.9979369119099999,-1.0671941532910778,NA,-0.3765106647146092,-0.10443820063526668,-0.1864417883638433,-0.27557826297037774,0.8158286632702985,NA,-0.2071921596873588,-0.13756242398255392,0.3147305637818468,NA,NA,-0.3443299668793087,-1.0856107564908943,T,NA,NA,NA,NA,NA,NA,NA,NA,NA
UF17185,Ochrotomys_nuttalli_CRICETIDAE_RODENTIA,Ochrotomys_nuttalli,M,163,67,16.8,-1.0218329875447951,-1.023745390107751,-1.0393323494553193,-1.03083387260918,-1.0630134561014768,-1.2552548536869286,-0.9795714979741259,-1.0433414434318267,-1.144939954535876,-1.0638279229468643,-0.9681339160670486,-1.0884891868595294,-0.93277779017494,-0.9922059335045984,-0.9570347909464573,-0.9574665804674796,-1.0336334085647236,0.07320358685117072,-0.43389601430006475,-0.2580392888027752,-0.3321811107009865,-0.4455395672955906,0.5293610627375603,-0.003225970638728389,-0.2810713148032479,-0.30755039076531987,-0.2362813867732579,0.6562936914101605,-1.1690782125273282,-0.3553091884234909,-1.1108057595777718,T,NA,NA,NA,NA,NA,NA,NA,NA,NA
UF17191,Ochrotomys_nuttalli_CRICETIDAE_RODENTIA,Ochrotomys_nuttalli,M,165,81,18.8,-0.9981659039470706,-1.0095425242228506,-1.0963289881990606,NA,-1.045565034130081,-1.1717887650463508,-0.9371002558661362,-0.983272203640583,-1.119532435008455,-1.0638279229468643,-0.9206975380577819,-1.0234498392500047,-0.890109425763358,-0.9383402201767564,-0.9385380534159522,-0.9245525602154699,-1.0171380002794306,-0.03465893590926713,-0.5074476468896467,-0.28664809981495165,-0.2922142069861192,-0.41064945228759553,0.5185193198700178,NA,-0.251195240305479,-0.5383903585943258,-0.2684101790716751,NA,NA,-0.3849686407933084,-1.0565019895358099,T,NA,NA,NA,NA,NA,NA,NA,NA,NA
UF17194,Ochrotomys_nuttalli_CRICETIDAE_RODENTIA,Ochrotomys_nuttalli,M,168,73,NA,-1.0522396694925067,-0.9954932058413072,-1.0393323494553193,-1.091520752866991,-1.058628092725588,-1.09357569600189,-1.016752893106145,-0.9749138054441053,-1.1656406004041677,-1.0362767169659473,-1.0043171521004324,-1.133640974394104,-0.9691627384154052,-0.9611621777476504,-1.0011711186032861,-1.0116723115884714,-1.050317339882592,-0.14408838764834048,-0.3127015800505258,-0.22959114335739164,-0.10968081588506005,-0.46407875573470425,0.5444391914926157,0.04813876123833113,-0.1174053870407205,-0.21994799347479582,-0.016116478450921717,0.5192136113065331,-0.6871434250447711,-0.28505544677294964,NA,T,NA,NA,NA,NA,NA,NA,NA,NA,NA
UF17195,Ochrotomys_nuttalli_CRICETIDAE_RODENTIA,Ochrotomys_nuttalli,M,170,80,NA,-1.0369505746107246,-0.976993971137077,-0.9020097015016539,NA,-1.1032015607546382,-1.1557475390240344,-0.9784932750075551,-0.9666089870913757,-1.139817387194467,-1.0093244979500389,-0.9319741563778735,-0.9546496474075808,-0.9086838409842677,-0.945904640418693,-0.9263416154759804,-0.9420171623597442,-0.9321785752202826,0.022829637789017233,-0.3291034218982484,-0.24974982946480648,-0.17216517047499993,-0.26505436196881044,0.6623440820539306,NA,-0.19906929780226082,0.1746314238383192,-0.0014109943871278006,NA,NA,-0.18284482548819977,NA,T,NA,NA,NA,NA,NA,NA,NA,NA,NA
UF31664,Ochrotomys_nuttalli_CRICETIDAE_RODENTIA,Ochrotomys_nuttalli,F,164,77,20.2,-1.0209489768265618,-0.9632903366720731,-0.9120663275271528,NA,-1.0630134561014768,NA,-0.9784932750075551,-0.8902600850526478,-1.1095108655962471,-0.7569120321630199,-0.9459764977386114,-0.9346695210693079,-0.93277779017494,-0.8938249837436021,-0.9385380534159522,-0.833999628088524,-0.9218980531505159,-0.16399324638495627,0.23101181278940244,-0.1878508050643911,-0.0010191255086861627,-0.20146587722124892,0.5228656983630098,NA,-0.038585114669357774,0.09026564466823833,-0.008175869653717277,NA,NA,-0.3706025937001284,-1.0218249082579918,T,NA,NA,NA,NA,NA,NA,NA,NA,NA
UF31665,Ochrotomys_nuttalli_CRICETIDAE_RODENTIA,Ochrotomys_nuttalli,F,166,80,19.2,-0.9033914395523187,-1.062396545156876,-0.8528767461499045,-0.9178463426281737,-1.094156717620096,-1.0785066900712823,-0.8728041133605482,-0.9420092500423397,-1.0847994875538178,-0.8707307394220347,-0.8916192551996587,-1.037636990306781,-0.8387670149241772,-0.8685215737748715,-0.9082443868217485,-0.8360448491234093,-0.9687414764374336,-0.15281747839286072,-0.24452021460769033,-0.33662925965338564,-0.33442318816922356,-0.48403207989651825,0.4266159913308605,-0.1303596676651801,-0.21822592742288138,-0.08020887777419473,-0.7756478085392902,0.5703494977172134,-0.9933450152084868,-0.4556585446279238,-1.046337515948643,T,NA,NA,NA,NA,NA,NA,NA,NA,NA
UF23194,Ochrotomys_nuttalli_CRICETIDAE_RODENTIA,Ochrotomys_nuttalli,F,128,61,14,-1.1595083174519092,-1.0673097808510739,-1.0505307895911706,-1.1474558805523578,-1.182892595006785,-1.09357569600189,-1.0698968679316816,-0.9959117890340463,-1.134715517151269,-0.9699639461357328,NA,NA,NA,NA,NA,-1.0093743629188796,-1.0447348164419599,NA,-0.06978448623402608,-0.060273268437231874,-0.04220371469245406,NA,NA,NA,NA,0.06839665451526895,0.10902204565644155,0.8333914122326909,-0.5690610563897096,-0.2783909989685811,-1.1988296340481421,T,NA,NA,NA,NA,NA,NA,NA,NA,NA
UF17199,Ochrotomys_nuttalli_CRICETIDAE_RODENTIA,Ochrotomys_nuttalli,M,175,84,21.4,-0.9520432709705092,-1.000159456072534,-0.8920313379503308,NA,-1.058628092725588,-1.0636181556177873,-0.892885884048021,-0.9666089870913757,-1.1145117082431109,-0.9444011178813025,-0.8933134420164265,-1.0024424173212318,-0.8576777991221245,-0.9048165816127668,-0.8381133365031606,-0.8670611486788384,-0.8914838676369731,0.15678639171165815,-0.3562950336125304,-0.3578528821910761,-0.3453421620029086,-0.4197345052021942,0.43886069104836484,NA,-0.26015655435434343,-0.05752100010381635,-0.3970445547710137,NA,NA,-0.24775026682184656,-0.9939636405315608,T,NA,NA,NA,NA,NA,NA,NA,NA,NA
UF17233,Ochrotomys_nuttalli_CRICETIDAE_RODENTIA,Ochrotomys_nuttalli,M,168,79,NA,-1.0271492638337543,-1.0526254518079092,-1.1559775684161009,NA,-1.0807129431057054,NA,-0.9624223888783552,-1.0001525366067394,-1.1500833877896202,-1.0638279229468643,-0.9477364883753523,-1.030524941841935,-0.9118033904805318,-1.0524155141019507,-0.9446764512884337,-0.8442536163640467,-0.9529593973140085,0.2979833798906654,-0.4638735251220647,-0.30028280009453623,-0.27672679407865125,-0.37714404615924674,0.5465154243042937,NA,-0.4638561997387292,-0.6275258888901114,-0.3243132895073109,NA,NA,-0.41097840504575334,NA,T,NA,NA,NA,NA,NA,NA,NA,NA,NA
UF17202,Peromyscus_gossypinus_CRICETIDAE_RODENTIA,Peromyscus_gossypinus,F,180,76,31.2,-0.7389112497950273,-0.8173130237390379,-0.402309721287888,NA,-0.860905402440335,-0.5497254041407665,-0.7962777539612182,-0.8863636994790612,-0.9284831529799105,-0.6830325361782988,-0.8238341486560998,-0.8701098433750772,-0.7940019162490639,-0.7919578192809075,-0.9508419503431259,-0.6155874509240294,-0.8518928825181519,-0.47564540701695773,0.01036204759382534,-0.16573578867586486,-0.3706169431616601,-0.2999425463085605,0.22765717461332696,NA,-0.17530258099911214,0.9680357576165652,-0.4783320631565129,NA,NA,-0.6305333945418632,-0.8119369339096841,T,NA,NA,NA,NA,NA,NA,NA,NA,NA
UF17210,Peromyscus_gossypinus_CRICETIDAE_RODENTIA,Peromyscus_gossypinus,M,181,79,31.3,-0.7656991039694933,-0.7733916629912316,-0.5533326896741381,NA,-0.7850165674060182,-0.5694587989141066,-0.8181136647992288,-0.8556074247671683,-0.9113031448629597,-0.7788551403373898,-0.8286863421975551,-0.8513239705563561,-0.807476968595418,-0.8021454839859457,-0.9385380534159522,-0.49338763221456655,-0.8276829064151904,-0.41725929487342533,-0.15684024705742058,-0.08618461863776868,-0.26390185092432344,-0.2560515406893851,0.2800109376678795,NA,-0.1579254239172725,0.49101542266401893,-0.2236750624279851,NA,NA,-0.789953672670568,-0.810391989671479,T,NA,NA,NA,NA,NA,NA,NA,NA,NA
UF17212,Peromyscus_gossypinus_CRICETIDAE_RODENTIA,Peromyscus_gossypinus,M,170,77,29.2,-0.7112402080151392,-0.8502147632091431,-0.6901245103607451,NA,-0.9378112636790062,-0.6306110168900364,-0.7710868313393143,-0.9339120535174653,-1.0605624456017615,-0.7678350389170279,-0.805385394387216,-0.8891584641807478,-0.7533978861263386,-0.7751478223970563,-0.8611012344706772,-0.5583461742962579,-0.832492888034352,-0.2877355834817944,-0.2247515858604855,-0.47096505150635704,-0.5117568040621084,-0.36714682510379487,0.3064652122836109,NA,-0.2125069067973746,-0.1433491201550093,-0.685300382431402,NA,NA,-0.6927914436306961,-0.8439217836398131,T,NA,NA,NA,NA,NA,NA,NA,NA,NA
UF17048,Peromyscus_gossypinus_CRICETIDAE_RODENTIA,Peromyscus_gossypinus,F,165,73,35.1,-0.7028390943163321,-0.8173130237390379,-0.3754561063856092,-0.7782104504133468,-0.8387409627150318,-0.48302554353918026,-0.8152453999463811,-0.8034806776423862,-0.9635607174280043,-0.6933210039116204,-0.818194025269456,-0.9084772871867143,-0.7882658969816283,-0.8227550179105901,-0.8043258028698915,-0.5980107630333537,-0.83731877044811,0.006370497332982396,0.026613325449353912,-0.20164019168824643,-0.15794016048431414,-0.37995208425478055,0.37074839957655104,-0.6538090676499918,-0.23474890749007565,0.938339528673873,-0.6003063531322701,0.1775579560754555,0.300772301724402,-0.6348283232308256,-0.7550719129671885,T,NA,NA,NA,NA,NA,NA,NA,NA,NA
UF17208,Peromyscus_gossypinus_CRICETIDAE_RODENTIA,Peromyscus_gossypinus,F,181,84,34.8,-0.6697487536914665,-0.8051865037746752,-0.41595041637482416,-0.7215669921299834,-0.8314406853587888,-0.5895104879394338,-0.731913501128353,-0.9020200498542879,-0.9028000075593593,-0.6830325361782988,-0.7598944952179928,-0.8513239705563561,-0.7121157380139387,-0.6909664586156951,-0.7822465561048206,-0.48040216333983876,-0.7034651494436325,-0.3102113490015525,-0.12088682582214307,-0.23667585556108406,-0.5226204763681909,-0.3772062536013511,0.30749917118669573,-0.5244170059180473,-0.10077274841995305,0.6607593439795909,-0.6682323425819195,0.2745777575942999,-0.17165829434878827,-0.5999261770126991,-0.7592160986052628,T,NA,NA,NA,NA,NA,NA,NA,NA,NA
UF17305,Peromyscus_gossypinus_CRICETIDAE_RODENTIA,Peromyscus_gossypinus,M,162,71,28.5,-0.794523508134725,-0.8295537669226429,-0.6816610258679296,-0.8430634006229465,-0.8534727929744388,-0.7744272898199583,-0.8589224649121503,-0.8442594932937395,-0.995073860357564,-0.8588669814555329,-0.8417067492515405,-0.8327936957840123,-0.8113506410668124,-0.681583401398904,-0.7987731781886706,-0.4852586051418009,-0.6686019259713019,-0.37916044218456046,-0.2463398643152668,-0.1823948891079872,-0.1554854878795746,-0.1968601570205634,0.49984890788890984,-0.4285243399092842,0.21427667386340687,0.14004842497211242,-0.32889072189489815,0.3495300886064754,-0.4024799637298997,-0.5290032301637786,-0.8556366136276915,T,NA,NA,NA,NA,NA,NA,NA,NA,NA
UF17242,Peromyscus_gossypinus_CRICETIDAE_RODENTIA,Peromyscus_gossypinus,F,178,74,24,-0.7204009051388925,-0.8712095541305502,-0.4507008697081767,-0.7712471083131575,-0.8721392076774223,-0.5497254041407665,-0.7878284613699879,-0.9020200498542879,-1.0180746988255858,-0.7247088385597151,NA,-0.8024593864801045,NA,-0.8578211471677156,-0.8611012344706772,-0.6209007017973424,-0.8038678904895006,-0.05191795395852784,-0.09986707102222192,-0.3613153498815876,-0.4182504235902938,NA,NA,NA,NA,0.7114195978903092,-0.726389021934097,0.3031770818138506,0.07101445148009856,-0.5359143901671576,-0.9386050004131794,T,NA,NA,NA,NA,NA,NA,NA,NA,NA
UF17245,Peromyscus_gossypinus_CRICETIDAE_RODENTIA,Peromyscus_gossypinus,F,183,70,51.9,-0.705633650613951,-0.8213804739864268,-0.4791956700448897,-0.7375307959717715,-0.860905402440335,-0.6516823309615783,-0.7364105888467526,-0.8518137259313743,-0.9724845080525786,-0.7569120321630199,NA,-0.8145121570521969,NA,-0.882922387643426,-0.9757798142394598,-0.6102928758392345,-0.8421606591346621,-0.29546162787921093,-0.2679834425103368,-0.36610815785460354,-0.41650242458740033,NA,NA,NA,NA,0.5528720244064075,-0.6050532005004083,0.38819478486325537,-0.30937657677222546,-0.622481818225758,-0.5662423944726351,T,NA,NA,NA,NA,NA,NA,NA,NA,NA
UF17250,Peromyscus_gossypinus_CRICETIDAE_RODENTIA,Peromyscus_gossypinus,F,170,76,37.3,-0.7000503208605013,-0.7733916629912316,-0.5009901876020917,-0.7375307959717715,-0.8759067240194954,-0.6306110168900364,-0.753637415041305,-0.8255644037142463,-1.0320790322193145,-0.8125156671832805,-0.8085767925318444,-0.7437453731054927,-0.7901753242569263,-0.7919578192809075,NA,-0.5823652149363067,NA,NA,-0.3482605163150111,-0.4484331506906015,-0.33006139538826695,-0.08340030727766345,0.004611719291001081,-0.5960109879477093,-0.23136602530002867,0.4545656294386614,-0.4553599913451616,0.3583020791267461,-0.25052447830450253,NA,-0.7257217651336363,T,NA,NA,NA,NA,NA,NA,NA,NA,NA
UF22943,Peromyscus_gossypinus_CRICETIDAE_RODENTIA,Peromyscus_gossypinus,F,164,70,25,-0.8896929880060053,-0.8754495229590766,-0.7599220532143774,-0.9039653077598052,-0.9537867235978074,-0.9370841728938978,-0.899985652076754,-0.9624764565485597,-1.0462404268318095,-0.9444011178813025,-0.9345891535530572,-0.9084772871867143,-0.9212034643395228,-0.9611621777476504,-0.9757798142394598,-0.599759231088967,-0.8814850059393882,-0.07312323910910429,-0.34336338376816516,-0.20871686675358714,-0.3228946969192537,-0.17170822730847907,0.1265322817410127,-0.3952751197965459,-0.31290300644398794,0.18131907692917107,-0.15757991605841304,0.5645435214490598,-0.6898133561528625,-0.7078427316075826,-0.9188963593480862,T,NA,NA,NA,NA,NA,NA,NA,NA,NA
UF22949,Peromyscus_gossypinus_CRICETIDAE_RODENTIA,Peromyscus_gossypinus,M,164,70,23,-0.7893042927365844,-0.8543866746352509,-0.796299336850887,-0.8083376556710808,-0.857183483945474,-0.8847321105330395,-0.8238685351295987,-0.8786059084740221,-0.9859895685293254,-1.0362767169659473,-0.858151081201542,-0.8701098433750772,-0.8328472507806106,-0.7195144522833614,-0.7713364750857933,-0.5566450955601002,-0.761956071147775,-0.20124067691833303,-0.6450308150747234,-0.23101123987170372,-0.30045257859546964,-0.23835402883553167,0.17308852808466355,-0.4987457392177827,0.0934035770277144,-0.24172447617411777,-0.437211252345306,0.4918415060640203,-0.757991828899489,-0.5725530858824046,-0.9591525550906617,T,NA,NA,NA,NA,NA,NA,NA,NA,NA
UF22981,Peromyscus_gossypinus_CRICETIDAE_RODENTIA,Peromyscus_gossypinus,M,165,70,25,-0.8856903884150664,-0.8797033705973829,-0.7333007527811025,-0.8956987641058621,-0.8721392076774223,-0.9106325841853146,-0.8868299358105575,-0.8292819018938961,-0.9814718137355346,-0.8948043744082631,-0.9026675859990432,-0.8891584641807478,-0.8677331630039531,-0.7421446196307758,-0.9022637212889038,-0.5532486903764182,-0.8814850059393882,-0.48344957013015916,-0.2675844268025879,-0.09886422598912274,-0.06260187758887671,-0.19337080582010555,0.34618765237459853,-0.30427984992930474,0.16090701409606978,0.25901038568249846,-0.1883198754313597,0.5839491426615215,-0.6413827395069208,-0.7830445523771589,-0.9188963593480862,T,NA,NA,NA,NA,NA,NA,NA,NA,NA
UF23026,Peromyscus_gossypinus_CRICETIDAE_RODENTIA,Peromyscus_gossypinus,F,192,83,31.5,-0.6176517840020039,-0.8295537669226429,-0.6648998297390727,-0.7468196366797024,-0.8350854083929415,-0.6623534502841362,-0.6894867388449443,-0.7394020953979157,-0.9028000075593593,-0.7788551403373898,-0.8014061550506942,-0.7786691888217774,-0.7797051771364947,-0.7818466584117917,-0.8903786855728755,-0.5806368096281578,-0.7991511558507108,-0.34680803266503624,-0.3978460869310971,-0.3158897878823473,-0.278997958378382,-0.1663779239729822,-0.29475677438813597,-0.5953580751788218,-0.2964186006502979,-0.33772006356607354,-0.9152951293598446,-0.11113805716949629,-0.3173075270695136,-0.5973506080735216,-0.8073168540364745,T,NA,NA,NA,NA,NA,NA,NA,NA,NA
UF23036,Peromyscus_gossypinus_CRICETIDAE_RODENTIA,Peromyscus_gossypinus,M,151,60,22,-0.9098862679860199,-0.8460562019224203,-0.7245484099561129,-0.9297484777310853,-0.9417857198800513,-0.8719814575486461,-0.9142981544846923,-0.9420092500423397,-1.0653727794873988,-0.9960649785430522,-0.8975577277055827,-0.863819050730607,-0.881931655158188,-0.8055585739292566,-0.8963085597377142,-0.6262327606775572,-0.8518928825181519,-0.2975009898521329,-0.41882253972529154,-0.22048047850530036,-0.25151370329904393,-0.15344153539788777,0.42869863659246055,-0.20080825375714687,0.045518172922351774,0.3695441529985443,0.03167290069875491,0.546488113600506,-0.4684449920843913,-0.6124439359276902,-0.9806136287965193,T,NA,NA,NA,NA,NA,NA,NA,NA,NA
UF23047,Peromyscus_gossypinus_CRICETIDAE_RODENTIA,Peromyscus_gossypinus,F,165,71,24.4,-0.8455288486174072,-0.8213804739864268,-0.6648998297390727,-0.9171491895101824,-0.898757408183291,-0.9237880272426092,-0.9246150434215693,-0.8071352561636042,-1.00882402655123,-0.9571166472634532,-0.9095093113839193,-0.8327936957840123,-0.8788771196800488,-0.758545105729269,-0.9263416154759804,-0.6032622676928364,-0.7850917075253221,-0.501262241877069,-0.32360126742370227,-0.08175853548238939,0.07243772959995864,-0.06871586183692088,0.5078212674734354,-0.4535095930031606,0.18093946897808574,0.3639727974866188,-0.11374838796196314,0.26217651558189664,-0.6291821509469241,-0.5328648548954454,-0.9306247416570494,T,NA,NA,NA,NA,NA,NA,NA,NA,NA
UF23040,Peromyscus_gossypinus_CRICETIDAE_RODENTIA,Peromyscus_gossypinus,F,169,71,26.7,-0.8255058908229745,-0.8419109056065107,-0.805557234436597,-0.8902132806575404,-0.8759067240194954,-0.9237880272426092,-0.8959240724922973,-0.9298823543846986,-1.050996406532993,-0.9070187909110327,-0.9172456567489189,-0.8827792760025045,-0.890109425763358,-0.8649453080292622,-0.932426519515068,-0.6695826606233163,-0.9015516875462041,-0.22912421219104598,-0.27549880001712324,-0.2261969098950292,-0.263121164816588,-0.15378427679578793,0.2744397457426054,-0.5284535291740857,-0.11985020671198877,-0.16426664589264905,-0.2641831643893082,0.2859881071612242,-0.6855182495876716,-0.6258634234741955,-0.8871343893614494,T,NA,NA,NA,NA,NA,NA,NA,NA,NA
UF22961,Peromyscus_gossypinus_CRICETIDAE_RODENTIA,Peromyscus_gossypinus,F,180,80,26.6,-0.7671623769597462,-0.8213804739864268,-0.7158554055047028,-0.7871205437949592,-0.8646386166080329,-0.6839744781687069,-0.8085763780286064,-0.8747443639558962,-0.9635607174280043,-0.8239420452734132,-0.8343681612321688,-0.9020071838730197,-0.8094124809508422,-0.7818466584117917,-0.8903786855728755,-0.546478768595136,-0.8567834334931291,-0.34680803266503624,-0.2695837875296104,-0.2144297785959328,-0.3228109632311925,-0.3402162631234411,0.21379665624130204,-0.5059504959273994,-0.11660064027629655,-0.05664288424637362,-0.3952356084977265,0.47652222876544564,-0.28332728728651224,-0.7530586366449699,-0.8889460037289456,T,NA,NA,NA,NA,NA,NA,NA,NA,NA
UF23000,Peromyscus_gossypinus_CRICETIDAE_RODENTIA,Peromyscus_gossypinus,M,176,76,31.9,-0.8362505035926564,-0.8419109056065107,-0.7245484099561129,-0.821346156731743,-0.9142304816854316,-0.9106325841853146,-0.8848173062370168,-0.9258651504630958,-1.0227255737626542,-0.9070187909110327,-0.8831783540448405,-0.9479569843767266,-0.8377786683031238,-0.7919578192809075,-0.9142507757263485,-0.5789103853007384,-0.832492888034352,-0.3817681439367871,-0.2962547675645475,-0.18951004920319578,-0.2770648116269042,-0.3390748032738974,0.5040768235357928,-0.5680625287209627,-0.01259625026053288,0.1294063071718649,-0.22550161785936498,0.6853536454027874,-0.7938345793906327,-0.6585872427302203,-0.8012247269886027,T,NA,NA,NA,NA,NA,NA,NA,NA,NA
UF22969,Peromyscus_gossypinus_CRICETIDAE_RODENTIA,Peromyscus_gossypinus,F,155,64,20.8,-0.992097241365889,-0.8754495229590766,-0.8337388797478759,-1.0300814151988311,-0.9946573642889903,-0.9641108409548931,-1.0527077407434868,-1.0086759043672104,-1.0799147189170455,-1.0920053460122967,-0.9924566946390991,-0.9681344524796172,-0.9745931583400592,-0.8436849200873412,-0.9385380534159522,-0.5962643221875338,-0.8814850059393882,-0.3046400879335837,-0.3580469819658229,0.02499450522984397,-0.10805565749192296,-0.1803651703005532,0.7324054066867104,-0.33054998212838876,0.24561391782010222,0.26176064591915743,0.23234378896510216,0.49638810158179014,-0.48907444326797733,-0.7135746072217956,-1.007693323915518,T,NA,NA,NA,NA,NA,NA,NA,NA,NA
UF38866,Peromyscus_gossypinus_CRICETIDAE_RODENTIA,Peromyscus_gossypinus,M,166,68,24.4,-0.8603514649239442,-0.8669833738428828,-0.7599220532143774,-0.8597307030610746,-0.8534727929744388,-0.9917381505388219,-0.8599092930115171,-0.9020200498542879,-0.9814718137355346,-0.9699639461357328,-0.8899270769035952,-0.863819050730607,-0.8768444151364971,-0.7552489883876171,-0.8611012344706772,-0.6405445553800384,-0.8038678904895006,-0.342365706702648,-0.4643359221695363,-0.15213518864621745,-0.2771692478479531,-0.1677172831488225,0.13918045352445857,-0.36403976874828725,0.10187008752607772,0.08811018230158958,-0.23236422109435978,0.6249466570339439,-0.9078440194143207,-0.5011917656340974,-0.9306247416570494,T,NA,NA,NA,NA,NA,NA,NA,NA,NA
UF38868,Peromyscus_gossypinus_CRICETIDAE_RODENTIA,Peromyscus_gossypinus,F,172,75,25.8,-0.7922842260493943,-0.8092161172146595,-0.6648998297390727,-0.8324940166451954,-0.8646386166080329,-0.8593602550530359,-0.8085763780286064,-0.9138877410240834,-0.9859895685293254,-1.0093244979500389,-0.8831783540448405,-0.8513239705563561,-0.8738008160630544,-0.8366720747465226,-0.9508419503431259,-0.6991915758367141,-0.8421606591346621,-0.3562465330214854,-0.6223657263371032,-0.2599138728803104,-0.40223834733534136,-0.15584961705907951,-0.1337790546697818,-0.45816297957012686,-0.17665583548289768,0.18924127586414913,-0.26173031834401655,0.38905780427795256,-0.6459566497038444,-0.4669302092867838,-0.9036889710174156,T,NA,NA,NA,NA,NA,NA,NA,NA,NA
UF38855,Peromyscus_gossypinus_CRICETIDAE_RODENTIA,Peromyscus_gossypinus,M,173,79,25.5,-0.8216891952908779,-0.8543866746352509,-0.7245484099561129,-0.8331523959510796,-0.898757408183291,-0.9505240634453764,-0.8133366021814052,-0.8786059084740221,-0.9724845080525786,-0.9444011178813025,-0.8848625456568232,-0.8266725430707729,-0.8687426356678382,-0.7035797898399772,-0.8324250057562881,-0.5481683986778273,-0.7437079822810173,-0.40724385611383684,-0.4966331803496869,-0.22356514329542193,-0.3213581600897394,-0.10377357239778817,-0.08055133144844578,-0.40203282473416113,0.16837964033928643,0.08345378697353166,-0.3238886860505445,0.5452810479924705,-0.8643070780116013,-0.5545632905716948,-0.9093357565869307,T,NA,NA,NA,NA,NA,NA,NA,NA,NA
UF37510,Peromyscus_gossypinus_CRICETIDAE_RODENTIA,Peromyscus_gossypinus,F,174,81,29,-0.7967665171822498,-0.7931720949984378,-0.5686887204620726,NA,-0.7815170113497825,NA,-0.892885884048021,-0.8632283127813866,-1.0134408913578572,-0.8239420452734132,-0.8706098646276311,-0.857557181372845,-0.8637024495489768,-0.6660888315437361,-0.8495599847513008,-0.49665156645108066,-0.6990614414263386,-0.5489713546859841,-0.10595638939507826,-0.1545134278779497,-0.12552762019677566,-0.191409510008076,0.40470995049834607,NA,0.3763317543127583,0.5426691091097726,-0.18536223769996735,NA,NA,-0.5640474587986984,-0.847239973075633,T,NA,NA,NA,NA,NA,NA,NA,NA,NA
UF32733,Peromyscus_gossypinus_CRICETIDAE_RODENTIA,Peromyscus_gossypinus,M,169,71,32,-0.6731579998597661,-0.7423561750470183,-0.5920731967800997,-0.7687230864379428,-0.7710776859724479,-0.8222477149591775,-0.7105335159017353,-0.8071352561636042,-0.945900134189025,-0.8354747167786842,-0.8006116366747378,-0.7905123433275639,-0.7702535421915171,-0.6847038275038724,-0.8043258028698915,-0.5380589307928444,-0.7711663736282791,-0.38518054251742756,-0.4693242421502397,-0.3615029546693971,-0.37673633513540944,-0.19091764657799018,-0.13013951842987428,-0.4504080806024404,-0.041039937585737124,0.054386385167017166,-0.43709740735413366,0.0688160366712722,-0.6868248989645549,-0.6207475925155187,-0.7997136313498413,T,NA,NA,NA,NA,NA,NA,NA,NA,NA
UF34479,Peromyscus_gossypinus_CRICETIDAE_RODENTIA,Peromyscus_gossypinus,F,162,74,23.5,-0.700746973391716,-0.8712095541305502,-0.6239310652596092,-0.7903157673763326,-0.8949193610006786,-0.7627541733706104,-0.7328117214434018,-0.9258651504630958,-0.9635607174280043,-0.8707307394220347,-0.8441613538556931,-0.9412970484352068,-0.8103812295860727,-0.7552489883876171,-0.8553186867984222,-0.5720244073166744,-0.7850917075253221,-0.3271402989170305,-0.4971042750106899,-0.3553790251288122,-0.566034206969944,-0.3943822490420118,-0.21806958891314507,-0.49969552458209404,-0.14335671190565732,0.036049511838128705,-0.7896601107399337,0.10956506835304505,-0.4892914873927477,-0.5872195637625008,-0.9487694740003464,T,NA,NA,NA,NA,NA,NA,NA,NA,NA
UF16934,Peromyscus_polionotus_CRICETIDAE_RODENTIA,Peromyscus_polionotus,M,135,61,NA,-1.1962427823368222,-1.2408404077496815,-1.2057785171381372,NA,-1.2890444817732585,NA,-1.1766476721490304,-1.2423191882740436,-1.3091594854910218,-1.3793821496324015,-1.1579648417775452,-1.2205196749253002,-1.1008412705360215,-1.177057665351409,-1.2842543539327937,-0.7582699345469308,-1.090004431448627,-0.30453133217183126,-0.6783804556228036,-0.21738918731831708,-0.35246042759317553,-0.3579692184737482,0.7546813950535242,NA,-0.2989438158270913,-0.3090712000667864,-0.41581798453154756,NA,NA,-0.79912871011271,NA,T,NA,NA,NA,NA,NA,NA,NA,NA,NA
UF1730,Peromyscus_polionotus_CRICETIDAE_RODENTIA,Peromyscus_polionotus,M,132,54,NA,-1.0907734860092893,-1.1696894149788688,-1.0847251692279434,-1.2260576923372883,-1.1541731630883552,-1.1557475390240344,-1.1360750727769786,-1.1390140433046934,-1.2408882040797207,-1.1805968286156687,-1.1692321227328268,-1.1724457128590808,-1.1333297091408243,-1.137126668667901,-1.164052603028068,-0.7996491307544857,-1.1190278148638682,-0.08936688512214463,-0.38177793596112297,-0.15464369018052104,-0.21799531034254271,-0.24881747811447513,0.32313613375854017,-0.262095886900062,-0.21133727542320785,-0.24659411978747237,-0.5245786660729932,0.07440015628756694,-0.5591478884641715,-0.7809821073681283,NA,T,NA,NA,NA,NA,NA,NA,NA,NA,NA
UF2877,Peromyscus_polionotus_CRICETIDAE_RODENTIA,Peromyscus_polionotus,F,148,59,17,-0.9723475991655722,-1.0921585167475374,-0.9222024533973787,-1.1072876304987294,-1.0718313657192617,-1.0343655643696188,-1.0323654854189603,-1.056583949461558,-1.224381941350682,-1.0093244979500389,-1.0348746755886804,-1.0811073032805767,-1.0266829960328587,NA,NA,-0.6973238693844324,-0.9477363931710235,NA,-0.22815242029756716,-0.3178267603703029,-0.2542817550855199,-0.3177686176856387,0.31107433060988837,-0.24185913387338254,NA,-0.09198609186274122,-0.6517732150134509,0.021976607625305025,-0.5031913209761861,-0.6594228656220341,-1.1050921465927643,T,NA,NA,NA,NA,NA,NA,NA,NA,NA
UF23388,Peromyscus_polionotus_CRICETIDAE_RODENTIA,Peromyscus_polionotus,F,132,51,14,-1.1247027427198228,-1.1803853543140037,-1.0732254217836286,-1.2407297442545384,-1.222258934468132,-1.2211930581127814,-1.1433618217175205,-1.2474500750860944,-1.2975215126202928,-1.165384941487539,-1.17851742474398,-1.270352826023753,-1.14432687812265,-1.1154440219919326,-1.171269586881217,-0.7956589163395904,-1.1249023825529152,-0.17191896906428708,-0.3385072201189912,-0.2569034738537336,-0.42689020090490615,-0.4122408674815063,0.30438765931541617,-0.18041969197044266,-0.13586194370255245,-0.11112967322773105,-0.44644237184192515,0.18075996731566624,-0.6927086507308045,-0.7969454661982572,-1.1988296340481421,T,NA,NA,NA,NA,NA,NA,NA,NA,NA
UF23357,Peromyscus_polionotus_CRICETIDAE_RODENTIA,Peromyscus_polionotus,F,127,50,14,-1.2033066098465817,-1.2521409075928105,-1.1438237973691,-1.2776145700897381,-1.252633147431477,-1.204505857657688,-1.214620394811061,-1.257773215176794,-1.3091594854910218,-1.243382560803216,-1.197271227418921,-1.304617631637119,-1.1480116521731916,-1.141505414841283,-1.200516378724218,-0.8197603114839532,-1.1367229175879037,-0.1780106532774378,-0.36345776478263064,-0.14379972496193996,-0.30938682930180295,-0.4411388158937802,0.7115039289755766,-0.10962567956823953,-0.11054099549805033,-0.09792914319469134,-0.43195855385323656,0.4192736147873744,-0.5730969326764175,-0.7780281538713241,-1.1988296340481421,T,NA,NA,NA,NA,NA,NA,NA,NA,NA
UF23379,Peromyscus_polionotus_CRICETIDAE_RODENTIA,Peromyscus_polionotus,M,123,48,13.3,-1.1314004633151573,-1.2750410471711493,-1.0505307895911706,-1.2381299647297273,-1.2943352130438663,-1.1088296023222053,-1.1568238417846477,-1.2786695912041024,-1.3268200687300014,-1.211592274196804,-1.2025246460307475,-1.3758471537811314,-1.1554100753759933,-1.1636153248018455,-1.215372723810466,-0.8463128170412404,-1.1131767925994673,-0.15577883844246956,-0.4050631902592637,-0.2903111664922197,-0.46287225749572114,-0.5545490635619235,0.3213858758776717,-0.2743091374561725,-0.22509764771898483,-0.018603206769433753,-0.7515666863025251,0.2281605521477652,-0.4091737572049114,-0.6955214189101351,-1.2235937627981177,T,NA,NA,NA,NA,NA,NA,NA,NA,NA
UF23090,Peromyscus_polionotus_CRICETIDAE_RODENTIA,Peromyscus_polionotus,F,113,44,10.2,-1.3405849383196566,-1.2866442429437084,-1.311588066723803,-1.3989472418401863,-1.4286605112459887,-1.363425463115492,-1.3186569963628039,-1.3052731384484146,-1.3628999837906726,-1.492164707021901,-1.2870850363646658,-1.2788385493384993,-1.2513055876759136,-1.1327621161861041,-1.292121886108423,-0.8987295553324336,-1.241260525232671,-0.4446567959031141,-0.6479369839139092,-0.0506963788219228,-0.1988830416469268,-0.2373021489799285,0.7459427008298415,0.058274394732763406,0.17658794151226803,-0.21356181441457603,-0.0670823538323717,0.5649660478826168,-0.7155251584677723,-0.8236895716111823,-1.3517160311915664,T,NA,NA,NA,NA,NA,NA,NA,NA,NA
UF23367,Peromyscus_polionotus_CRICETIDAE_RODENTIA,Peromyscus_polionotus,M,123,48,13.5,-1.2216425973429363,-1.304245631108766,-1.1438237973691,-1.2468137189100288,-1.3103453278660826,-1.1399106653927276,-1.1904473427408708,-1.2119534100628306,-1.3387325261175793,-1.2273855227642902,-1.1805890538820225,-1.2535383632443464,-1.146782329038516,-1.1458984473243852,-1.1858164191212082,-0.8016482087662563,-1.1426692724521372,-0.12478169282516628,-0.37564894560245154,-0.2512332483502203,-0.26212428870978766,-0.378638314797407,0.5709835607673224,-0.04251153707902125,-0.15193398158349875,-0.04246794481423897,-0.5538975511109477,0.6735700607615351,-0.47252747952853713,-0.8164027083460303,-1.2163877385398558,T,NA,NA,NA,NA,NA,NA,NA,NA,NA
UF23076,Peromyscus_polionotus_CRICETIDAE_RODENTIA,Peromyscus_polionotus,F,119,51,12.9,-1.2175463197466374,-1.2635405358932923,-1.1198564968386444,-1.269632910227383,-1.25776924309405,-1.2381073022664162,-1.181649434140314,-1.268179272943395,-1.2688873804642706,-1.2926507622717596,-1.197271227418921,-1.2123885810061592,-1.1703238428094052,-1.177057665351409,-1.2764308977988774,-0.829917498054184,-1.1486399478538305,-0.2837046037961859,-0.5154621085166506,-0.12387508179339841,-0.39501767605314553,-0.2737007030344296,0.3839386126313433,-0.014353749557224496,-0.21073432805986428,0.022277807834559578,-0.4235819511275575,0.5360965377423154,-0.6745199013956344,-0.7814386331916503,-1.2383367300865877,T,NA,NA,NA,NA,NA,NA,NA,NA,NA
UF23359,Peromyscus_polionotus_CRICETIDAE_RODENTIA,Peromyscus_polionotus,F,137,55,16.5,-1.0898430929508498,-1.1857665184962278,-1.0282308667277538,-1.1597221082873272,-1.1926167019632177,-1.0636181556177873,-1.0990407307930807,-1.1774034365151438,-1.2189274571979916,-1.1355099236796455,-1.1226949019207362,-1.1803411215567146,-1.060961962258861,-0.9922059335045984,-1.0938627917632473,-0.7313021159671044,-1.0391735598088296,-0.3080530530050305,-0.3599649194963468,-0.18102714879686427,-0.37181197593767845,-0.3460937504352648,0.5130178619547537,-0.22165811264719226,0.020098789184071302,-0.07373108371145898,-0.5839087181094628,0.3865315002531754,-0.46427974160708113,-0.7584906017959664,-1.1195049978598575,T,NA,NA,NA,NA,NA,NA,NA,NA,NA
UF23086,Peromyscus_polionotus_CRICETIDAE_RODENTIA,Peromyscus_polionotus,F,124,49,12.7,-1.1872147853266775,-1.2075168051714564,-1.1198564968386444,-1.192938036456846,-1.158913412207176,-1.1399106653927276,-1.171664366886025,-1.2629657961828455,-1.303327091205355,-1.472640630340308,-1.1447626281729915,-1.2452083422546516,-1.093721683575057,-1.0524155141019507,-1.1858164191212082,-0.7123307687108705,-1.1546351435518303,-0.3854888891198427,-0.8400986675753189,-0.2149910003854448,-0.4037522947119115,-0.42475290734715326,0.7658556041325028,-0.13042575858019473,-0.004073866263341603,-0.0705012967530283,-0.3263022120156949,0.7556623753511628,-0.5897924636540457,-0.9707383515007273,-1.2458805501693373,T,NA,NA,NA,NA,NA,NA,NA,NA,NA
UF23398,Peromyscus_polionotus_CRICETIDAE_RODENTIA,Peromyscus_polionotus,F,126,51,15.5,-1.1882149147170111,-1.2635405358932923,-1.1806362754045423,-1.2217699250206935,-1.2424248471509047,-1.3824056450406421,-1.1617525851894006,-1.2372085416992533,-1.252013484134974,-1.259588716367595,-1.1579648417775452,-1.2043057431213962,-1.1079968151593722,-1.0239823524894185,-1.200516378724218,-0.7332124587225602,-1.1486399478538305,-0.49843749874985455,-0.48791732625775763,-0.1275360335736751,-0.37109177715190406,-0.3283528338351652,0.6212633133736414,-0.05909588239182891,0.07674615120309602,-0.25632345447471355,-0.52418916367022,0.6145856233021767,-1.0990266514385378,-0.9306590809981025,-1.1496894925051455,T,NA,NA,NA,NA,NA,NA,NA,NA,NA
UF23088,Peromyscus_polionotus_CRICETIDAE_RODENTIA,Peromyscus_polionotus,F,122,51,12,-1.2803375347286896,-1.218530000687289,-1.3394633655409083,-1.320926173299122,-1.1877450396586415,-1.3081640201431095,-1.2340148046392674,-1.2734138143137095,-1.2975215126202928,-1.492164707021901,-1.2215986789889937,-1.2619196462242286,-1.1942631421460956,-1.1240752263019371,-1.142622771747314,-0.829917498054184,-1.1190278148638682,-0.06713341547838153,-0.7792635375020172,-0.08047758578543066,-0.30324134255750834,-0.32264205114700784,0.5607484273701705,0.089354109020124,0.016500699651805097,-0.4663983257755883,-0.02815975569238646,0.6246293000232918,-0.7405519603171543,-0.7322642802008986,-1.2732527594823515,T,NA,NA,NA,NA,NA,NA,NA,NA,NA
UF33347,Peromyscus_polionotus_CRICETIDAE_RODENTIA,Peromyscus_polionotus,F,116,13,7,-1.3260996679948236,-1.2075168051714564,-1.2444411420656036,-1.3264303611668022,-1.2733074681082999,-1.2902762616343952,-1.2790347799273705,-1.1970333154887671,-1.2745624961649564,-1.3095184135815128,-1.2333817661535678,-1.2959702744215016,-1.2095938037994138,-1.0199690462047402,NA,-0.7758648724958932,NA,NA,-0.37723562409093925,0.06319098432426862,-0.043318431369594686,-0.36429645663881066,0.7467905073437587,0.07144177643181025,0.38191334756285833,-0.04641618181413809,0.19152763315943439,0.8538457622057414,-0.685518249587672,NA,-1.533477393117314,T,NA,NA,NA,NA,NA,NA,NA,NA,NA
UF33348,Peromyscus_polionotus_CRICETIDAE_RODENTIA,Peromyscus_polionotus,F,109,46,9,-1.2910931727567185,-1.2408404077496815,-1.3971006304509943,NA,-1.2073485322226243,NA,-1.2484165079028624,-1.2169652044239376,-1.3875390312520774,-1.4534192647447528,-1.2258721918386872,-1.3220788219120985,-1.1904562572121755,-1.089877495738793,-1.2079247953961412,NA,NA,-0.3417452355389716,-0.6923490440225659,-0.24032822682296331,-0.1534123259049762,-0.42382904233458485,0.670559818698152,NA,0.12034584199692311,-0.5999727251598335,-0.07450997724571612,NA,NA,NA,-1.4121441285456895,T,NA,NA,NA,NA,NA,NA,NA,NA,NA
UF33349,Peromyscus_polionotus_CRICETIDAE_RODENTIA,Peromyscus_polionotus,M,111,50,9,NA,NA,-1.1682476452589332,NA,-1.4110455115610072,NA,-1.295289429848448,-1.2526013630922008,-1.4578854341129655,-1.4158481093152482,-1.278177973291833,-1.3576874955976213,-1.2473425226476136,-1.0941050133769834,-1.2228605876886396,-0.7896933439450614,-1.1426692724521372,-0.3693692601337457,-0.5501243390696958,-0.293483062143271,-0.1328985650124436,-0.3984211466367891,0.6256157330470898,NA,0.2469817293047351,NA,NA,NA,NA,-0.8350963395776055,-1.4121441285456895,T,NA,NA,NA,NA,NA,NA,NA,NA,NA
UF33353,Peromyscus_polionotus_CRICETIDAE_RODENTIA,Peromyscus_polionotus,M,110,47,11,-1.2371154916657645,-1.269278069686197,-1.1559775684161009,-1.2919113717974477,-1.2837764089500965,-1.1880396862311629,-1.2288156675386432,-1.2734138143137095,-1.350758437187292,-1.2926507622717596,-1.2237338360446617,-1.3850185971000213,NA,-1.1068677938784777,-1.200516378724218,-0.8217862769013792,-1.1190278148638682,-0.2753739124459275,-0.43392165643039166,-0.20267644395376389,-0.31357113977777024,-0.5359778776412787,NA,-0.0984676847071479,NA,-0.03424144608718928,-0.3761183667102779,0.5321481022842522,-0.49943171514917994,-0.7454480367496975,-1.3152613878656914,T,NA,NA,NA,NA,NA,NA,NA,NA,NA
UF33340,Peromyscus_polionotus_CRICETIDAE_RODENTIA,Peromyscus_polionotus,M,111,51,9,-1.2921734728479315,-1.2464783744805432,-1.1317841479229278,NA,-1.2837764089500965,-1.1557475390240344,-1.2484165079028624,-1.1822830928551584,-1.2975215126202928,-1.3095184135815128,NA,-1.270352826023753,NA,-1.0119781428596293,-1.1285167602188584,-0.7916792441150858,-1.0559212934081579,-0.34538376090867356,-0.4317626190476749,-0.05134314501565038,-0.07640801891823454,NA,NA,NA,NA,0.21884106074000984,-0.09224077113680622,NA,NA,-0.6881760344324102,-1.4121441285456895,T,NA,NA,NA,NA,NA,NA,NA,NA,NA
UF33341,Peromyscus_polionotus_CRICETIDAE_RODENTIA,Peromyscus_polionotus,M,126,47,9,-1.2548689161339222,-1.224071797115942,-1.2708794652248945,-1.2776145700897381,-1.2323005667552114,-1.3263129230216335,-1.2405420004964984,-1.257773215176794,-1.3091594854910218,-1.3439582183754388,-1.1743831648643501,-1.304617631637119,-1.1308974427514868,-1.0320450308424978,NA,-0.7621621978516036,-1.050317339882592,NA,-0.5103551818126312,-0.09236316277227644,-0.25740651457643915,-0.4791544105704514,0.9758413760339836,0.02654139900099046,0.18634173511679006,-0.3368711942633322,-0.1442091267484705,0.7024786471564086,-0.8698154904257929,-0.727149638570296,-1.4121441285456895,T,NA,NA,NA,NA,NA,NA,NA,NA,NA
UF33443,Peromyscus_polionotus_CRICETIDAE_RODENTIA,Peromyscus_polionotus,M,127,46,10.5,-1.2124434197020348,-1.2352267951626754,-1.1806362754045423,-1.2407297442545384,-1.1926167019632177,-1.1399106653927276,-1.198034296369205,-1.1920978915135982,-1.2917425042819075,-1.259588716367595,-1.2025246460307475,-1.133640974394104,-1.1917240826424835,-1.0814620729593798,-1.2842543539327937,-0.7956589163395904,-1.1606550617762403,-0.5586044421999524,-0.42469742372265135,-0.1397846142858524,-0.20435602034610398,-0.11149362802654442,0.36021778851416536,-0.16783316432427783,0.07962630088369638,-0.18575160557688103,-0.33870148266168515,0.6531974888877425,-0.48598461786572267,-0.8546277628016942,-1.3377210031114803,T,NA,NA,NA,NA,NA,NA,NA,NA,NA
UF33446,Peromyscus_polionotus_CRICETIDAE_RODENTIA,Peromyscus_polionotus,F,107,48,9,-1.3117684361831987,-1.2750410471711493,-1.2708794652248945,NA,-1.2996487985161538,NA,-1.264304622851315,-1.2019876130240943,-1.3387325261175793,-1.3793821496324015,-1.2605288801072372,-1.2043057431213962,-1.2329053962775196,-1.1547277462517909,-1.2532201152618208,-0.7996491307544857,-1.1849860933502727,-0.28356758584634556,-0.5354575130095773,-0.10807594472190918,-0.08643224823011837,-0.14190836633121326,0.5212569304523296,NA,0.02413952402338749,-0.17257872247542874,-0.129330525600496,NA,NA,-0.8870134907797511,-1.4121441285456895,T,NA,NA,NA,NA,NA,NA,NA,NA,NA
UF33447,Peromyscus_polionotus_CRICETIDAE_RODENTIA,Peromyscus_polionotus,F,117,48,12,-1.144896599054761,-1.3771366578483215,-1.1682476452589332,NA,-1.2943352130438663,NA,-1.1568238417846477,-1.3269564433681176,-1.3875390312520774,-1.2760095292343383,-1.1600068338648033,-1.2959702744215016,-1.1163908843741344,-1.0606507890809134,-1.2228605876886396,-0.8016482087662563,-1.1727698873274395,-0.45875133922338845,-0.5268125855344182,-0.4080395781098902,-0.5553856286530943,-0.4878933510847398,0.5428369439251534,NA,-0.014696850160125598,-0.342805346024553,-1.0394316785608446,NA,NA,-0.8646627971377503,-1.2732527594823515,T,NA,NA,NA,NA,NA,NA,NA,NA,NA
UF32218,Peromyscus_polionotus_CRICETIDAE_RODENTIA,Peromyscus_polionotus,F,120,52,13,-1.1862153975970646,-1.316113743668126,-1.1559775684161009,-1.2555487352182373,-1.2996487985161538,-1.019993406981869,-1.2031160490970265,-1.1970333154887671,-1.3209057201286871,-1.2926507622717596,-1.1847413541937906,-1.1413139760193547,-1.1690750152064469,NA,NA,-0.7916792441150858,-1.1486399478538305,NA,-0.47870378820255305,-0.19068030806478672,-0.20448587056859352,-0.16025342707006926,0.5191734049620215,-0.14969479147319795,NA,-0.18666380260611184,-0.7119849237594658,0.4354866668674714,-0.11902192080468879,-0.8415896359528964,-1.2346085674492264,T,NA,NA,NA,NA,NA,NA,NA,NA,NA
UF33845,Peromyscus_polionotus_CRICETIDAE_RODENTIA,Peromyscus_polionotus,F,127,43,17,-1.0183004185716245,-1.1538087779315405,-0.995491728701355,NA,-1.2122986118366397,-1.1399106653927276,-1.0618480409071476,-1.1628737826171018,-1.2632376568650543,-1.1503574454130263,-1.0499292881931963,-1.1490304509735625,-0.9998447225065168,-1.1026000779073242,-1.245568133006741,-0.781775822111573,-1.1546351435518303,-0.4054355130044671,-0.4548791567470603,-0.3399010118612244,-0.41423336569877717,-0.4146799828297356,0.6406969792481314,NA,-0.37024152099684815,-0.1844177674101821,-0.7106817925141575,NA,NA,-0.8664464596592789,-1.1050921465927643,T,NA,NA,NA,NA,NA,NA,NA,NA,NA
UF37399,Peromyscus_polionotus_CRICETIDAE_RODENTIA,Peromyscus_polionotus,M,120,44,12.4,-1.1703251702736899,-1.224071797115942,-1.2575921624300461,-1.2652171878648788,-1.25776924309405,-1.3263129230216335,-1.158054342274236,-1.2219964621129455,-1.3387325261175793,-1.3439582183754388,-1.182663694109988,-1.2043057431213962,-1.1480116521731916,-1.1503058596448532,-1.315993976261896,-0.8036499433608835,-1.1486399478538305,-0.4591271126389162,-0.6465920156626862,-0.31159242813650795,-0.3473921819215833,-0.284671358891859,0.37017526057113026,-0.04367909094581509,-0.19993690860696112,-0.5312532472982031,-0.4453443385146104,0.3033401755202315,-0.8938641935568505,-0.8229229543849116,-1.2574220080406089,T,NA,NA,NA,NA,NA,NA,NA,NA,NA
UF17182,Podomys_floridanus_CRICETIDAE_RODENTIA,Podomys_floridanus,F,186,88,NA,-0.6242194105068436,-0.6714880106627878,-0.48641942574465175,NA,-0.7436650056068265,-0.5794442161961648,-0.7481735875185249,-0.7817670873604238,-0.8693487502036422,-0.7247088385597151,-0.6876461724110143,-0.6655790116204588,-0.6843608918056208,-0.7099310434165226,-0.7877337272804876,-0.40015179480336904,-0.6053960322613265,-0.2724296137299379,-0.17827831399975694,-0.13606001075897334,-0.24966400822007043,-0.15747619197697624,0.5619121368659874,NA,-0.1623996274716649,0.25252422456236306,-0.35142520846428615,NA,NA,-0.5637908458140708,NA,T,NA,NA,NA,NA,NA,NA,NA,NA,NA
UF17209,Podomys_floridanus_CRICETIDAE_RODENTIA,Podomys_floridanus,M,192,91,31.8,-0.7042356481113836,-0.7120446133003736,-0.5999637647291537,-0.7276865519918344,-0.8169688346256785,-0.7744272898199583,-0.7274313390521315,-0.8330100979247775,-0.9241661876883074,-0.8707307394220347,-0.7105789896322352,-0.7905123433275639,-0.6905807599117193,-0.7684821490726416,-0.7713364750857933,-0.4421042090005717,-0.6178201761950192,-0.06011296187691184,-0.5062991436863674,-0.2879940466611759,-0.39616944250617686,-0.3522981604956705,0.4021186583890175,-0.27153391916956493,-0.3208055356842547,0.12601340802870672,-0.21587529594987334,0.4289106409180027,-0.6537454969193502,-0.5126771327976388,-0.8027405670484554,T,NA,NA,NA,NA,NA,NA,NA,NA,NA
UF17187,Podomys_floridanus_CRICETIDAE_RODENTIA,Podomys_floridanus,F,175,80,33,-0.6501434144837285,-0.7500458382713177,-0.6320207655658373,NA,-0.8387409627150318,-0.5996589342385651,-0.7301188507726921,-0.8786059084740221,-0.945900134189025,-0.7788551403373898,-0.7158087602454349,-0.7669281317456103,-0.7031030179021466,-0.8227550179105901,-0.9508419503431259,-0.4852586051418009,-0.8038678904895006,-0.39383463019387843,-0.3241798768643155,-0.32591111247541155,-0.48093263672564657,-0.2997459221916046,0.3474405645361459,NA,-0.42948413370861827,-0.1434283380022578,-0.5430179026871365,NA,NA,-0.7637062238785159,-0.7848572387906855,T,NA,NA,NA,NA,NA,NA,NA,NA,NA
UF17188,Podomys_floridanus_CRICETIDAE_RODENTIA,Podomys_floridanus,F,168,78,33.4,-0.7613187936399444,-0.7655630291165498,-0.6239310652596092,-0.8450535925377141,-0.8834765517491395,-0.6839744781687069,-0.8490936428225588,-0.9059638800739043,-0.995073860357564,-0.88270912484428,-0.7863854169927441,-0.8389424835918815,-0.7768630601877748,-0.7953451500275602,-0.9632552166769017,-0.499922588498234,-0.7346687701143002,-0.4981097394920608,-0.3133979910972413,-0.20136175962894845,-0.30700612334853933,-0.308412766601915,0.6394106466423807,-0.3201164924887886,-0.1410155663661117,0.2283290800525679,-0.2101395425078334,0.16507293031493417,-0.14482040642674232,-0.6215578455112855,-0.7790403652636412,T,NA,NA,NA,NA,NA,NA,NA,NA,NA
UF16931,Podomys_floridanus_CRICETIDAE_RODENTIA,Podomys_floridanus,F,199,93,40.2,-0.6697487536914665,-0.6427675203396904,-0.5920731967800997,-0.7015501481028424,-0.7607262100967543,-0.6202077949433473,-0.7427317768218258,-0.7710452560135606,-0.8859636098897793,-0.9571166472634532,-0.6861792121322993,-0.6071626656240653,-0.687023206695801,-0.6847038275038724,-0.7232692083650905,-0.2710027800595757,-0.47151749419944344,-0.16845693053420302,-0.6368521696688317,-0.1814202763900851,-0.23799614529906807,-0.0431791455907715,0.5137733465645316,-0.39417974734481176,-0.10262465718331136,0.04377248165480153,-0.07869553041794451,0.37150325437544524,-0.3059259651356815,-0.5481198730069622,-0.6895731573940816,T,NA,NA,NA,NA,NA,NA,NA,NA,NA
UF17186,Podomys_floridanus_CRICETIDAE_RODENTIA,Podomys_floridanus,M,194,88,46.8,-0.6535033621020125,-0.6008429396475735,-0.5457230931834813,NA,-0.7102365048889193,-0.5303003563071627,-0.6920997177843907,-0.7639463493385169,-0.8488829680335714,-0.7569120321630199,-0.6650759908431569,-0.6547697946751478,-0.6580093294887264,-0.7421446196307758,-0.8495599847513008,-0.42487120183032173,-0.63035096644506206,-0.3477480542491383,-0.35002444652690323,-0.20259627956649146,-0.32474921702017684,-0.17844986270015192,0.3767397076463196,NA,-0.3365700584524845,0.1459618933254201,0.023730236248586715,NA,NA,-0.5655800048823011,-0.6161805439038501,T,NA,NA,NA,NA,NA,NA,NA,NA,NA
UF17189,Podomys_floridanus_CRICETIDAE_RODENTIA,Podomys_floridanus,F,184,80,42.8,-0.6848143752269784,-0.6860898417346092,-0.640161829392623,NA,-0.7710776859724479,-0.6411020307768707,-0.7364105888467526,-0.8824789972380722,-0.945900134189025,-0.8948043744082631,NA,-0.8389424835918815,NA,-0.7163123978333377,-0.8844738849466086,-0.3608283452061683,-0.5971716268419008,-0.5061202113422698,-0.5355234745559394,-0.31436734559728474,-0.47673794843636363,NA,NA,NA,NA,-0.06510137107360571,-0.1886570258692852,NA,NA,-0.6168288267877241,-0.6593158814623887,T,NA,NA,NA,NA,NA,NA,NA,NA,NA
UF32165,Podomys_floridanus_CRICETIDAE_RODENTIA,Podomys_floridanus,F,157,62,36.2,-0.5782678403718735,-0.6427675203396904,-0.4791956700448897,-0.6735008101824317,-0.7572949857684892,-0.6098909077838666,-0.6002641027907235,-0.7463674198460347,-0.7971741855670812,-0.7569120321630199,-0.6752248051371554,-0.6655790116204588,-0.6364180121482074,-0.6176714528483807,-0.8381133365031606,-0.293675720795531,-0.5647296672775095,-0.6437817266174976,-0.5117224162165384,-0.2718637350457352,-0.46603415397677306,-0.18064073807530137,-0.03370550234668419,-0.3186631028904797,-0.1707367732579809,0.12907669294726798,-0.4080112053858838,0.027074797554689316,-0.3424588390750967,-0.6735253990265437,-0.7401738408929677,T,NA,NA,NA,NA,NA,NA,NA,NA,NA
UF33840,Podomys_floridanus_CRICETIDAE_RODENTIA,Podomys_floridanus,F,170,82,35,-0.6394475306293551,-0.6392216810507684,-0.42282557089107153,-0.7549174034911753,-0.7369062351739922,-0.4923377800995654,-0.725642631249058,-0.7394020953979157,-0.8089204202047467,-0.7036955686099202,NA,NA,NA,-0.6446916892473815,-0.8211173871530922,-0.3430196050307863,-0.5567305891773939,-0.5334377161203655,-0.17757875597032977,-0.051776730908171024,-0.20539405530701177,NA,NA,NA,NA,0.5287402101068173,-0.1768545747357607,-0.0387279029720262,0.20769711571708796,-0.5757829159825343,-0.7564493594435066,T,NA,NA,NA,NA,NA,NA,NA,NA,NA
UF32164,Podomys_floridanus_CRICETIDAE_RODENTIA,Podomys_floridanus,M,165,82,27.4,-0.723940897433379,-0.7195564798413647,-0.6816610258679296,NA,-0.7780273831254813,-0.6623534502841362,-0.7683166268933017,-0.8367490535550788,-0.9284831529799105,-0.9699639461357328,-0.7331284669155583,-0.7610953425902323,-0.7202764987620941,-0.6087838742983261,-0.7659132322796347,NA,NA,-0.4884094208568043,-0.618124631990784,-0.21967411952161756,-0.3241022007596616,-0.2578488608500035,0.47709365809855725,NA,0.17155940142520523,-0.07868096474075663,-0.17253186457579958,NA,NA,NA,-0.8746399300056814,T,NA,NA,NA,NA,NA,NA,NA,NA,NA
UF31431,Podomys_floridanus_CRICETIDAE_RODENTIA,Podomys_floridanus,F,180,82,34.8,-0.6248779369267988,-0.6251342878909922,-0.5231615742270902,-0.6931392831842514,-0.7168499247120477,-0.5895104879394338,-0.671336092457703,-0.7187280307289834,-0.8488829680335714,-0.8239420452734132,-0.6400152377786754,-0.5865266013488888,-0.6441530349486679,-0.5853665316805159,NA,-0.2766391011757145,-0.49426852247973097,NA,-0.5150285134233928,-0.24219444949984847,-0.2721602264258069,-0.0906927606849252,0.33218214337982843,-0.22146160855826877,0.009619883671927355,0.1303446444402732,-0.17671043131956252,0.17505391445849403,-0.23979052269328446,-0.579118661655195,-0.7592160986052628,T,NA,NA,NA,NA,NA,NA,NA,NA,NA
UF33828,Podomys_floridanus_CRICETIDAE_RODENTIA,Podomys_floridanus,M,165,80,36,-0.7346170105006353,-0.7233287591030544,-0.508338134618263,NA,-0.8026652650411732,NA,-0.8306136931813968,-0.8367490535550788,-0.9198639309951996,-0.7899740780671843,-0.7738578348691145,-0.7727860082433569,-0.7339831018647253,-0.7684821490726416,-0.8495599847513008,-0.36531362413545987,NA,-0.2753739124459268,-0.15607783897767114,-0.07946109710143097,-0.19817019409837325,-0.20599721308226457,0.777326775233477,NA,-0.149056516990151,0.5471325658702886,-0.14775518312895844,NA,NA,NA,-0.7428486104073456,T,NA,NA,NA,NA,NA,NA,NA,NA,NA
UF33813,Podomys_floridanus_CRICETIDAE_RODENTIA,Podomys_floridanus,M,148,76,18,-1.0531444525353024,-0.7733916629912316,-0.8242760084193801,-1.0002926393619562,-0.898757408183291,-0.7744272898199583,-0.952870861639497,-0.8404988310691517,-0.9680147295166206,-0.88270912484428,-0.9172456567489189,-0.9346695210693079,-0.9348924097075333,-0.6972583544651383,-0.776780861192216,-0.5754634614607177,-0.6095256760356706,-0.2782906299093075,-0.11401349063026821,0.06677376437600427,0.05767543988572871,-0.2538647649826903,0.3581281977590816,0.20878098715302626,0.47144964883741625,0.5002108541441804,0.934834146108357,0.9926000703386203,-0.026948083303430147,-0.24904055819441315,-1.0774963694765176,T,NA,NA,NA,NA,NA,NA,NA,NA,NA
UF31667,Podomys_floridanus_CRICETIDAE_RODENTIA,Podomys_floridanus,F,165,75,24.4,-0.7353317675004831,-0.6321588957688006,-0.6483549131494425,-0.7782104504133468,-0.7301843980972359,-0.6839744781687069,-0.7757165040047406,-0.7290238244649908,-0.8049928552407645,-0.8354747167786842,-0.7203067226616316,-0.7610953425902323,-0.6932547993789807,-0.5970242950812846,-0.6869948762380419,-0.2851333251556161,-0.5212674339230308,-0.3159860327784357,-0.353595640264856,0.060836461236639064,-0.07689156244719414,-0.28085912075219843,0.6780878795441263,-0.1982975385331665,0.17699419229805208,0.06380682517281945,0.21471640640898604,0.34886003728319204,-0.3041525697470032,-0.6123548682709541,-0.9306247416570494,T,NA,NA,NA,NA,NA,NA,NA,NA,NA
UF37438,Podomys_floridanus_CRICETIDAE_RODENTIA,Podomys_floridanus,F,172,76,30,-0.6717932662832683,-0.8377787899052658,-0.7245484099561129,-0.7941591655515758,-0.846084824074826,-0.5794442161961648,-0.7364105888467526,-0.8330100979247775,-0.9591223609502005,-0.8125156671832805,-0.7761983965724008,-0.7096947449082196,-0.7496792624067242,-0.7885789887458132,-0.8903786855728755,-0.4405293995933755,-0.6902936787296605,-0.32843770208673223,-0.37945845586267113,-0.3402377517259441,-0.3788552221817979,-0.07702670325200463,0.12607423301541268,-0.381186007453333,-0.2902723106784272,-0.361814677441337,-0.7713568793392069,-0.055842640316458955,0.03895284608322361,-0.6445725865603392,-0.8308724848777158,T,NA,NA,NA,NA,NA,NA,NA,NA,NA
UF22809,Podomys_floridanus_CRICETIDAE_RODENTIA,Podomys_floridanus,F,180,79,29.1,-0.7591339658850816,-0.6321588957688006,-0.5381583913286118,-0.849707809926382,-0.7676175061265933,-0.7059781989200542,-0.7747892988918391,-0.7255827939515608,-0.7894036310883243,-0.7036955686099202,-0.7722995899266331,-1.103374080221314,-0.7533978861263386,-0.6538202886987624,-0.7659132322796347,-0.3254189561638545,-0.5527474268134296,-0.3685699799663323,-0.08002907202211129,0.09436258037685497,-0.07114554201169876,-0.7739638977412193,0.32819697813359255,-0.08919426737750628,0.10208279362541661,0.523419800786613,0.3093567343470284,0.13175236998522122,-0.19694311232781314,-0.5990127323870453,-0.8455780276739029,T,NA,NA,NA,NA,NA,NA,NA,NA,NA
UF22887,Podomys_floridanus_CRICETIDAE_RODENTIA,Podomys_floridanus,M,201,94,37.5,-0.7218157864149138,-0.6251342878909922,-0.49368410945709784,-0.7505515616479532,-0.74028097837191,-0.5794442161961648,-0.7158468638465532,-0.7568861289954013,-0.8089204202047467,-0.7036955686099202,-0.7128179739745554,-0.7905123433275639,-0.7076022113428165,-0.629613555625287,-0.7551295241187083,-0.310907234475613,-0.5135023725257808,-0.405742738220067,-0.1966013478893217,-0.07162406706680771,-0.26260897223083374,-0.34840704719064725,0.23883278801075927,-0.1409846861640214,0.031160012959744667,0.5561999457424767,0.19021511363940857,0.4114260939587172,-0.07114447110616579,-0.5540862218858011,-0.7231399693422522,T,NA,NA,NA,NA,NA,NA,NA,NA,NA
UF22855,Podomys_floridanus_CRICETIDAE_RODENTIA,Podomys_floridanus,F,205,94,42.9,-0.5593128965151482,-0.6146680625152076,-0.4507008697081767,-0.6240854404767212,-0.6873655887639377,-0.5017202983553029,-0.644980392897029,-0.7498641756170853,-0.8168123903816222,-0.6933210039116204,-0.5925487849860521,-0.6440456905572819,-0.5867303675369032,-0.5824677937220477,-0.6367562476088447,-0.25421926312931536,-0.4790618422604034,-0.22180667129050455,-0.30934873424806064,-0.2271165515278715,-0.38804639703344,-0.28993273312797024,0.5008316524953249,-0.37294384638760314,-0.08775665434430324,0.1641011966185947,-0.3724426956491002,0.16115069635354543,-0.15465104432462648,-0.5907166089050839,-0.6581891722871902,T,NA,NA,NA,NA,NA,NA,NA,NA,NA
UF22847,Podomys_floridanus_CRICETIDAE_RODENTIA,Podomys_floridanus,F,199,91,38.5,-0.5981387844513739,-0.607737116522798,-0.6566006859097938,-0.6943379122214939,-0.7369062351739922,-0.6516823309615783,-0.6704778311044485,-0.7710452560135606,-0.8570295196320673,-0.8588669814555329,-0.6585896529805336,-0.5412078633346731,-0.6641143335590853,-0.6236292646116468,-0.7932425441578471,-0.3239614765525333,-0.6178201761950192,-0.5183862747607748,-0.5801843026499556,-0.2602433002467921,-0.3814479520043947,0.039129057171533504,0.21610340932222039,-0.33803262665471695,-0.06516995959399983,-0.36809408775686625,-0.20836065113748858,0.031628597805239196,-0.4084212246594571,-0.7139737036436044,-0.710434113356476,T,NA,NA,NA,NA,NA,NA,NA,NA,NA
UF22906,Podomys_floridanus_CRICETIDAE_RODENTIA,Podomys_floridanus,M,190,89,31.2,-0.682062614614728,-0.6392216810507684,-0.4791956700448897,-0.7418583329016933,-0.7850165674060182,-0.6949276571108315,-0.7301188507726921,-0.7817670873604238,-0.8488829680335714,-0.6830325361782988,-0.7120712555554577,-0.6601636796901501,-0.6950403003384501,-0.6206470634774566,-0.7605109691885983,-0.26398690775443,-0.5607246493999812,-0.44345298273061523,-0.12445751230437636,-0.128493230204984,-0.2860771165986962,-0.10049874490548194,0.39285016476948786,-0.2979148380085389,0.05703539785048365,0.47139220080685607,-0.01880010604015047,0.24208653014891118,-0.41734185950516717,-0.7157113520844954,-0.8119369339096841,T,NA,NA,NA,NA,NA,NA,NA,NA,NA
UF22873,Podomys_floridanus_CRICETIDAE_RODENTIA,Podomys_floridanus,F,185,86,32.2,-0.7098363805010934,-0.7423561750470183,-0.6158920844108852,-0.8233073332488703,-0.8534727929744388,-0.6098909077838666,-0.7962777539612182,-0.8071352561636042,-0.8859636098897793,-0.8354747167786842,-0.7848134430171689,-0.7209506286945628,-0.7749714780325254,-0.5795752829175868,-0.7877337272804876,-0.3489324882299771,-0.5930767346738364,-0.6174685684084588,-0.31591614350967373,-0.07559227685145646,-0.20533154783028634,-0.08315785633477858,0.33363401941638565,-0.37737637874640284,0.36580451637463735,0.09083874043487046,-0.30854230397024673,0.002292535341522843,0.020827405413054667,-0.6298539757422843,-0.796705555186082,T,NA,NA,NA,NA,NA,NA,NA,NA,NA
UF22860,Podomys_floridanus_CRICETIDAE_RODENTIA,Podomys_floridanus,F,188,NA,31.3,-0.7063331960704182,-0.5803771734813454,-0.6732530400331301,-0.7338315253811577,-0.7991152102709451,-0.6839744781687069,-0.7346099563214705,-0.7568861289954013,-0.8817893544589639,-0.88270912484428,-0.7453021204575553,-0.6655790116204588,-0.7321478751523823,-0.6236292646116468,-0.7987731781886706,-0.3239614765525333,-0.5448135589114674,-0.5321937953468449,-0.5162882790474415,-0.18849687527243458,-0.22442895621824535,-0.04727463519216886,0.21195127912602532,-0.3674462052464504,0.1027339791029589,-0.10506839109060578,0.31296226625985246,0.41005659910190145,-0.40603067856284963,-0.5874519931053114,-0.810391989671479,T,NA,NA,NA,NA,NA,NA,NA,NA,NA
UF22862,Podomys_floridanus_CRICETIDAE_RODENTIA,Podomys_floridanus,F,206,91,39.7,-0.49918818736963205,-0.6181474469046393,-0.42282557089107153,-0.6332619502935171,-0.6776924606145365,-0.4646077582614445,-0.6207821850120614,-0.6950180079683611,-0.7855362126963522,-0.5940877971979223,-0.6329351030951478,-0.5712521886976979,-0.6202258950622246,-0.6176714528483807,-0.6869948762380419,-0.2724098843756124,-0.4565447670403753,-0.2588780401695886,-0.14909496531840385,-0.20944407567070022,-0.32369619188440424,-0.0734995209951872,0.17068082991348418,-0.5556701429842239,-0.16469704160833462,0.0666187598011411,-0.5906533562103657,-0.1858307754440716,-0.02257556503255248,-0.5184891209749379,-0.6956157226598653,T,NA,NA,NA,NA,NA,NA,NA,NA,NA
UF22891,Podomys_floridanus_CRICETIDAE_RODENTIA,Podomys_floridanus,F,198,93,38.1,-0.6294966538301237,-0.5635651758417376,-0.508338134618263,-0.6895492107424773,-0.7003825686898473,-0.6839744781687069,-0.6739141540625755,-0.7604114297466054,-0.8407886382784805,-0.8239420452734132,-0.7293453949274596,-0.5968055496575535,-0.7220964024469162,-0.5453413220438804,-0.6869948762380419,-0.21984294096681192,-0.46775989083593295,-0.4551547631228892,-0.510643955652335,-0.22084390501285028,-0.3532311454361761,0.06435039233471615,-0.07854840569247384,-0.4825304556762216,0.22062061625311888,0.19493022835277254,0.0797008413117759,0.21624844968699394,-0.5046866305320314,-0.6294863319554282,-0.7154764010943314,T,NA,NA,NA,NA,NA,NA,NA,NA,NA
UF22904,Podomys_floridanus_CRICETIDAE_RODENTIA,Podomys_floridanus,F,217,99,46.3,-0.43646708429773456,-0.5535813933717622,-0.43668747071335623,-0.5553793765531256,-0.6522632734102944,-0.45550018809217735,-0.5412959801047365,-0.6684417483282133,-0.7252161537472885,-0.7141576834121872,-0.5586272211834119,-0.5611635930408302,-0.545944741035976,-0.5738088361525342,-0.6367562476088447,-0.226655729879283,-0.40172625743766593,-0.24610078867349208,-0.5327172906170468,-0.23798591749494322,-0.42405794858058016,-0.19391753973123588,0.12082370404396404,-0.5173798361345348,-0.24059207441279884,-0.16821569106243636,-0.5764680905654898,-0.1451468788164755,-0.18778653489922076,-0.49931248577907356,-0.6213663581281808,T,NA,NA,NA,NA,NA,NA,NA,NA,NA
UF9396*,Onychomys_leucogaster_CRICETIDAE_RODENTIA,Onychomys_leucogaster,M,134,39,NA,-1.075043501075259,-0.8254606948991833,-0.9427183030005624,-1.0766962461431202,-0.8872790064743463,-0.9917381505388219,-0.9112183944409642,-0.7017481385665988,-0.8247539959172593,-0.8707307394220347,-0.8848625456568232,-0.7495041731702035,-0.8942160803018264,-0.7035797898399772,-0.8785939467123857,-0.6732521022937039,-0.9687414764374336,-0.524461583818646,-0.17050840425935063,0.31348272589316606,0.2992918101257655,0.05520906851776923,0.3411537887002469,0.7235972646678794,0.3370565380742498,0.15960667614302512,0.7928774895114993,0.7202185167010575,-0.45865279400318354,-0.7348549290413872,NA,T,NA,NA,NA,NA,NA,NA,NA,NA,NA
UF9483,Onychomys_leucogaster_CRICETIDAE_RODENTIA,Onychomys_leucogaster,M,157,39,NA,-0.7028390943163321,-0.7233287591030544,-0.805557234436597,-0.8141773331430477,-0.7607262100967543,-0.9237880272426092,-0.6860106128744894,-0.6391809686763891,-0.7855362126963522,-0.7247088385597151,-0.6876461724110143,-0.6655790116204588,-0.6772857468961229,-0.6236292646116468,-0.8154977285936635,-0.61205566721746,-0.8914838676369731,-0.5736163571050571,-0.29665458669003114,-0.08135080196414682,-0.06836258177621157,-0.15747619197697624,0.23337828962840151,0.14449195316771055,-0.029347402063209977,-0.5107355410167366,-0.2630833161404699,0.008989758481593977,-0.8391230360464956,-0.7045907508714431,NA,T,NA,NA,NA,NA,NA,NA,NA,NA,NA
UF9411,Onychomys_leucogaster_CRICETIDAE_RODENTIA,Onychomys_leucogaster,M,164,41,NA,-0.6341312543403957,-0.7233287591030544,-0.5231615742270902,-0.7338315253811577,-0.7003825686898473,-0.5996589342385651,-0.6390996250616034,-0.6074257704227032,-0.7855362126963522,-0.5110993562183913,-0.6237831215891345,-0.5118120275510107,-0.6185321771990375,-0.7067516717818674,-0.8154977285936635,-0.647751770377528,-0.906611755353207,-0.3546824870575239,0.07394246126323539,-0.1740954663087429,-0.0981019697293437,0.031098925938865048,0.286358873843624,0.04662118770485882,-0.35907036721722957,0.15981175948540738,-0.503332602501262,0.03174510229521133,-0.1712100709438203,-0.6713446860641553,NA,T,NA,NA,NA,NA,NA,NA,NA,NA,NA
UF9482,Onychomys_leucogaster_CRICETIDAE_RODENTIA,Onychomys_leucogaster,M,146,42,NA,-0.7885603378230611,-0.708304900523497,-0.7158554055047028,-0.9060391798099555,-0.7955753714997881,-1.005785506417759,-0.7563776409268048,-0.6618820015205704,-0.8168123903816222,-0.7036955686099202,-0.75603990949561,-0.5461694505564486,-0.7599290559185617,-0.6147024036593121,-0.8043258028698915,-0.5962643221875338,-0.9218980531505159,-0.5689023357595934,-0.1169902727658004,-0.006065202599346713,0.03449933530747046,0.23074827854369304,0.18470318805858804,0.24786951300913945,0.19209506333488488,0.008814432796075942,0.11424544075846711,0.019450515540175455,-0.8503949209611306,-0.7809485990830518,NA,T,NA,NA,NA,NA,NA,NA,NA,NA,NA
UF9412,Onychomys_leucogaster_CRICETIDAE_RODENTIA,Onychomys_leucogaster,F,159,40,NA,-0.6806888384594552,-0.8336597712646578,-0.7333007527811025,-0.8457175851293196,-0.8646386166080329,-0.7627541733706104,-0.7185113978129981,-0.6456264905617438,-0.8734820145091999,-0.6830325361782988,-0.7053683107925712,-0.5968055496575535,-0.701307333474411,-0.6972583544651383,-0.8844738849466086,-0.6695826606233163,-0.9793584548757734,-0.5553787889304815,-0.14743778291024154,-0.20239850204329068,-0.012019295752701595,0.016120716488717053,0.2893490936502628,0.036514400264702894,-0.14607542367725668,-0.3626672210164877,-0.7288908886332186,-0.24482553940189547,-0.3648079630534267,-0.7584906017959664,NA,T,NA,NA,NA,NA,NA,NA,NA,NA,NA
NMNH344221,Amblysomus_hottentotus_CHRYSOCHLORIDAE_AFROSORICIDA,Amblysomus_hottentotus,NA,NA,NA,NA,-1.071368858603328,-0.47635772930234477,-0.21340802067161185,-1.4560175021384587,-0.7268372038575192,-0.9106325841853146,-0.9549875927842798,0.7460640382633157,-0.2518565044527093,0.39204420561567305,-0.8466201868936394,0.7156236954712397,-1.4513052815459422,-2.749516814740588,-2.0618312313225737,NA,-0.5930767346738364,2.818134264279767,4.7394216984467095,2.2611820724941287,7.400981969401362,5.408102577908384,-2.066866194013812,1.9659416834543795,-2.472033678141322,3.4380052333947053,2.5868989876397888,-1.0057697261560963,0.7906589179770073,NA,-0.4757442306023071,F,62.6,PanTheria,F,Ss,Ss,B,Ground,0,ADW
UWBM34168,Echinops_telfairi_TENRECIDAE_AFROSORICIDA,Echinops_telfairi,NA,NA,NA,NA,-0.5350634314852761,-0.41831885614201125,-0.27948514942620184,-0.9375011899746949,-0.5968997389680207,-0.6516823309615783,-0.3784264377962084,-0.23158693267073113,-0.4021649963547262,-0.3289418762872276,-0.5320587067643102,-0.11154660614250278,-0.6484685875507246,-0.12322964195124932,-0.3360384822651251,-0.9619099614499511,-0.7391813798922356,-0.6695722914532108,-0.055952718546525865,0.13271581592844842,0.19687338697081339,0.7698838802569803,-1.2357344458964459,1.3868192576495912,0.9284587989865116,0.6920624230523479,0.3000922621553347,-1.2766854671702421,0.1888005346841355,0.28643655558150516,-0.046656308560584,F,152.25,PanTheria,Sc,Sc,Sc,Sc,Tree,1,Salton & Sargis 2008
NMNH354999,Hemicentetes_semispinosus_TENRECIDAE_AFROSORICIDA,Hemicentetes_semispinosus,NA,NA,NA,NA,-0.7126454993746161,-0.19640686446387606,-0.4436750261277923,-0.8437265005513923,-0.48761403606120984,-0.6623534502841362,-0.4198315918121882,0.1586028120569531,-0.12439598126273824,0.04111577539513476,-0.49183066324553854,0.17418078356907082,-0.6000337030616193,0.06835190551931912,-0.24740428425113975,-0.8258464008171705,-0.46401193473172153,-0.9228697160142665,1.017396993772786,0.9674942131660978,1.4516093719115466,1.4869682627838128,-0.8087376468813962,1.6867383723232143,1.6080716305196106,0.7100828894419132,2.2066312523761598,-0.07742201290401728,-0.08482324274869789,0.6440999787718109,-0.1083015137261081,F,134,PanTheria,Sf,Is,Is,B,Ground,0,Salton & Sargis 2008
NMNH577056,Microgale_talazaci_TENRECIDAE_AFROSORICIDA,Microgale_talazaci,NA,NA,NA,NA,-0.7811432894283306,-0.6678630451515626,-0.7779816932468692,-1.0025061139191578,-0.8350854083929415,-0.4646077582614445,-0.5250203408883346,-0.5491546533721268,-0.6997059706060144,-0.6328332394750703,-0.6272961733885168,-0.5069738193151407,-0.6321389547612972,-0.17357058032989686,-0.3360384822651251,-0.43424657479840395,-0.49045197625173415,-0.5422535603452683,-0.4074766480378215,-0.2170348003107938,-0.21015366269693384,0.0483620320814774,-0.422576965997333,1.6279332169978407,0.9935287944245945,-0.20945344265326096,0.24945282229513296,-0.44888952279039773,1.0345304741658647,-0.28454740306471055,-0.6562797806483558,F,43.07,PanTheria,T,T,T,T,Ground,0,Salton & Sargis 2008
NMNH588477,Echinops_telfairi_TENRECIDAE_AFROSORICIDA,Echinops_telfairi,NA,NA,NA,NA,-0.018956634919365993,0.10261432147887999,0.44858600733317955,-0.14767839282820241,-0.09413633612222069,0.21532423956342833,0.2565604846038758,-0.022856191878997022,0.18363012878542329,0.2215687852087031,0.181387309212802,0.3420604417153421,0.12512082162086596,0.241545873965361,-0.9726381182743669,NA,NA,-2.395887033169943,-0.12701942018932633,0.11437789538124898,-0.6508673960068607,0.21673815428045115,-0.7337090448001451,1.630669593205383,0.0029723036129793777,1.674567822920791,0.3975395921737664,-0.37078044501529417,0.8894856609583902,NA,-0.046656308560584,F,152.25,PanTheria,Sc,Sc,Sc,Sc,Tree,1,Salton & Sargis 2008
NMNH464980,Echinops_telfairi_TENRECIDAE_AFROSORICIDA,Echinops_telfairi,NA,NA,NA,NA,-0.6548496901776428,-0.3316501275530227,-0.2733354338233739,-1.0338475344768938,-0.5627900889545442,-0.4464588553829205,-0.3888334314545419,-0.18434520576905003,-0.41505722412858126,0.10784506000272914,-0.6199287251187663,-0.28466490037092007,-0.6896905337914305,-0.06875853170584723,-0.2661997667325094,NA,NA,-0.6374837430758703,1.1373836030790465,0.12538730848536658,0.3408664803726239,0.5414242578092194,-1.3706119232103602,1.7741886891601995,1.1921119161814526,1.1672579709222113,1.2085177392778326,-1.1427996571724643,1.208899578193247,NA,-0.046656308560584,F,152.25,PanTheria,Sc,Sc,Sc,Sc,Tree,1,Salton & Sargis 2008
UWBM82481,Ailurus_fulgens_AILURIDAE_CARNIVORA,Ailurus_fulgens,NA,NA,NA,NA,1.8485811494761344,1.7676955512565684,1.740263233222883,1.630447430846401,1.6711036860434563,1.5722463346920206,2.065500362922681,1.9287402875928419,1.6174858501093774,1.8559317833281617,1.8477626449444233,1.6115844375701809,1.8294504183966087,1.9767038850609595,2.2271037962198506,NA,NA,0.3919824812832937,-0.18326019090787013,-0.4229272510736727,-0.22570340010339157,-0.422316748460623,-1.6112204336132383,1.2483327624376745,0.044293765459752346,-0.15922339735763003,-0.14748368158562045,-1.4587804364385308,0.4052333935409693,NA,1.6552525872944592,F,5170.08,PanTheria,A,A,A,A,Tree,1,ADW
UWBM81977,Arctictis_binturong_VIVERRIDAE_CARNIVORA,Arctictis_binturong,NA,NA,NA,NA,2.054417925787513,2.157840298807586,2.118666224841087,1.8078849496684966,1.9166055426190358,1.9426958398849525,2.3600442739562206,2.2419678125208766,1.915158092837487,2.1899115879554305,2.103832451686871,2.1231097811723183,2.0787872165888817,2.0707250806378186,NA,1.6037341018199842,1.9592093111213968,NA,-0.04504543062691162,-0.3806690111165539,-0.15945914441059864,0.09974167732332304,-1.858599993845219,1.8261830560056362,-0.3872147929944155,0.450913668921935,0.638986614812544,-1.6325978748441508,1.2155692496008137,0.8281604131673141,2.10041843939906,F,12999.99,PanTheria,A,A,A,A,Tree,1,ADW
UWBM34132,Bassariscus_astutus_PROCYONIDAE_CARNIVORA,Bassariscus_astutus,NA,NA,NA,NA,0.9795820480237483,0.9648100464499247,1.0063455066543343,0.7915941143466427,0.8208450975349851,0.9163050401149159,1.1859271510209324,0.8386805531598439,0.7644997339225496,0.865685528831928,0.9121511969424508,0.38035595955795565,0.9331718909271566,1.728355045016089,1.1875051293139085,NA,NA,-1.49625975435009,-0.543290719580778,-0.47974172383898017,-0.7045001956623884,-0.9523396772995092,-1.4980189831046715,0.8371155386484656,2.105019545782775,0.1402998882995362,-0.012059963289816435,-1.022600246504048,0.5717538617086012,NA,0.8030930699258928,F,885,UWBM specimen label,A,A,A,A,Tree,1,ADW
UWBM82006,Canis_lupus_CANIDAE_CARNIVORA,Canis_lupus,NA,NA,NA,NA,2.7448817328355433,2.6406770756044606,2.478959279359949,2.782552240805024,2.4833492132126227,2.7020890942662525,2.939943832425992,2.5527888632155236,2.386153685418084,2.547071054083695,3.076909906644226,2.6694868667797818,3.0959573215297516,3.6198309699731492,3.0637176784511695,3.3215275220783624,2.960010801672783,-1.6456987452799976,-0.4093724900065288,-0.5132311811470435,-0.6483343823028698,-0.61722806029072,0.06483818284008251,1.5850272084113115,2.0938550018136066,-0.4986271615298654,-0.11428773066959844,-0.8115618294488209,0.9835019549909102,-0.6370453124897106,2.531626084430471,F,31756.51,PanTheria,T,T,T,T,Ground,0,ADW
NMNH141782,Cerdocyon_thous_CANIDAE_CARNIVORA,Cerdocyon_thous,NA,NA,NA,NA,1.5471467223575666,1.658201186751871,1.465260846997988,1.5471590769793968,1.4866283517732015,1.6379650496434002,1.7932797868282229,1.406758755633535,1.4672475430509813,1.5485108711464737,1.7243231429371666,1.3689676888744602,1.75948243884149,2.3846733348515574,1.6602436477659535,1.836047800385369,1.5170098028957855,-1.8442950714008692,-0.30232738943430043,-0.21843976300747509,-0.7300804311532302,-0.6332689555750952,-0.6252467967487634,1.2143869043361617,1.9721011899897376,-0.12238912700552414,0.5929083404468067,-0.4779011991997973,0.8847139427529982,-0.642886662960033,1.705878534494751,F,5741.66,PanTheria,T,T,T,T,Ground,0,ADW
UWBM82485,Crocuta_crocuta_HYAENIDAE_CARNIVORA,Crocuta_crocuta,NA,NA,NA,NA,2.6683275941422853,2.6770578769567384,2.665501150019122,2.327269676289935,2.42365235865706,2.5929421416100076,2.8547073115058677,2.6956478850381203,2.7130266441625777,2.6248102030040426,2.9314501290458077,2.8773551944963494,2.988859207414973,3.503984903750732,2.7221441860757176,2.8961994047820943,2.5288855350097514,-1.9926160471784393,-0.0875492736909895,0.3546329154596161,-0.20470297723343245,0.024438234792177937,-0.03030873887246341,2.491764871172734,2.0014069256016134,0.31925357580177444,0.3266424896129281,-2.1496419353723457,2.148189767791758,-0.6698062908360466,2.8651852977090675,F,63369.98,PanTheria,T,T,T,T,Ground,0,ADW
NMNH241124,Crossarchus_alexandri_HERPESTIDAE_CARNIVORA,Crossarchus_alexandri,NA,NA,NA,NA,0.6298603168455775,0.8394029938806291,0.9198188113871313,0.5109214068145982,0.6488299016555084,0.8734325927230798,0.823426529167333,0.9413518568224265,0.6644656644212901,0.8686198574129289,0.6551641838316182,0.8628542361226907,0.5869840844021259,1.111345438709545,0.8126733536870275,0.8842151530059066,1.0011356785316288,-0.9704137778594107,0.16153976467510833,0.00310425938566625,0.24639692137747304,0.37447018440627017,-1.349079151845882,0.8351454816142344,1.0865664351742974,1.0478024173378806,0.8880911735635028,-0.6017684212674519,1.2976880557267036,0.172330569586119,1.058924437732425,F,1503.4,PanTheria,T,T,T,T,Ground,0,Animalia
AMNH1331,Eira_barbara_MUSTELIDAE_CARNIVORA,Eira_barbara,NA,NA,NA,NA,1.4040300357138835,1.4996090593541243,1.3073021591144043,1.1765859485384171,1.2495741116449257,1.202709849239925,1.598097309843595,1.3813288097300458,1.2075011496641357,1.3839323171762008,1.3827446365333453,1.5848180365256996,1.3389880321976981,1.7683519441164242,1.7107582618966743,1.2770019825840218,1.4660233839965484,-0.45996984151201326,-0.27262251400394283,-0.37151365523495233,-0.42922239953566893,0.4403772714420746,-1.6116673551682834,1.092916251108108,0.7914199890048286,-0.19021019425675487,0.5034910308694565,-1.3327490389728331,0.4448010441515165,0.37148882167637043,1.5473946895597286,F,4134.99,PanTheria,Sc,Sc,Sc,Sc,Tree,1,ADW
UWBM34175,Felis_margarita_FELIDAE_CARNIVORA,Felis_margarita,NA,NA,NA,NA,1.535662479948124,1.3414980632021218,1.3108737860624124,1.425222170774083,0.6312254062049852,1.419366471160458,1.776707634649905,1.1909345995195169,1.0029894330209614,1.289524936901253,1.676115813159836,1.182571752062969,1.7389545869180856,1.773394883575655,1.861287662690669,1.9082503894441902,1.7967552641167075,-0.07051676215808403,-0.74989138257338706,-0.9899755874352083,-1.0534744961501745,-0.8485303745311631,-0.6407173995833624,1.4237291047492742,0.022770822743167985,-0.5483638581108605,-0.5994563294924001,-0.9311666623816853,0.47109686313656746,-0.25064303855568854,1.3631808882331822,F,2823.36,PanTheria,Sf,Is,Is,B,Ground,0,ADW
NMNHA35259,Galictis_cuja_MUSTELIDAE_CARNIVORA,Galictis_cuja,NA,NA,NA,NA,0.7077851831322629,1.0043932880066038,0.9270561584208938,0.44772627402242415,0.7832305385882679,0.6817958946539385,0.928243174482479,1.1051804534179632,0.854029280351627,0.8479321956716267,0.5042364531858904,0.794017432854639,0.42884730134998994,0.9845766167545784,1.0748356446479752,0.6659961792506817,0.9091141131267236,0.019884475715823954,-0.10583954522041479,0.21375051466147588,0.40846624214480376,0.5563730708712873,-2.4283735864837914,0.6733793419935551,0.6891356434830181,0.7837220211551833,1.3165000457688487,-1.1986043495150092,0.7651371019370575,0.45830226550179426,0.8620749515332374,F,1000,PanTheria,T,T,T,T,Ground,0,ADW
NMNHA35400,Genetta_maculata_VIVERRIDAE_CARNIVORA,Genetta_maculata,NA,NA,NA,NA,1.2547100597781462,1.1282535648013663,1.0852758524088737,1.187214985784914,1.052221132071881,1.0796716534966122,1.41273076700246,1.0959474894979628,0.9086917059751751,1.162146293325244,1.2627344489884587,1.1586153960121899,1.2442727872600108,1.3477509068339195,1.2705146404546757,1.4539158051755188,1.152197299992374,-0.4701732451861304,-0.3760813429734479,-0.6010575560487368,-0.6333535836687112,-0.22879215546346593,-1.1741590624890803,0.5869129538096844,-0.009800917766202255,-0.42939655970823765,-0.39537311187301616,-0.6428497272055003,0.022102752889790335,-0.633255241255884,1.1844994080425668,F,1950,PanTheria,Sc,Sc,Sc,Sc,Tree,1,Animalia
NMNHA3339,Gulo_gulo_MUSTELIDAE_CARNIVORA,Gulo_gulo,NA,NA,NA,NA,1.8508913288181883,1.9392105644604878,1.6855263079615166,1.727727775399479,1.7525721964529015,1.6858808214688574,2.0851566324106994,2.0580445291275935,1.7829265921589863,1.8493056144453441,1.954702646551122,1.4014683588222014,1.9621321802061231,2.4231193162067903,2.390456907187029,2.1292002973078956,2.212738475190273,-0.45842518916999486,-0.2350076037822322,-0.12957120315423695,0.020433909883272983,-0.9156707304164458,-1.1175386543974122,1.3534243662461778,1.1950115122593283,-0.3324037758670693,0.5410964900482387,-1.102818647443235,0.5133092188389433,0.1839089688977531,2.092650124462733,F,12792.49,PanTheria,Sf,Is,Is,B,Ground,0,US F&W
AMNH1178,Herpailurus_yagouaroundi_FELIDAE_CARNIVORA,Herpailurus_yagouaroundi,NA,NA,NA,NA,1.6196865413826167,1.5629167226145821,1.4636788440270778,1.4605795699400805,1.4352611848577048,2.5013535968786913,1.6742749836908997,1.3907559101473443,1.246718932885043,1.5451189312830917,1.626803413893181,1.6626074174312349,1.5548651718785291,2.284496171592442,1.8955089184163887,2.1343364059199885,1.7887780415301557,-1.248472168256227,-0.07883777064942714,-0.43224940996840594,-0.5520719641388391,0.0882955081396894,-1.00759939120681,0.5707622789687617,2.196976827481486,-0.3379715077541779,-0.08639704085153642,-1.1541430458070894,6.093790655315014,-0.6728179925820118,1.7928507468295394,F,6875,PanTheria,T,T,T,T,Ground,0,ADW
NMNH144104,Herpestes_brachyurus_HERPESTIDAE_CARNIVORA,Herpestes_brachyurus,NA,NA,NA,NA,1.1540450653924197,1.2438258715839576,1.0831476971563978,0.9937046456647727,0.980104145524799,1.1032025345770309,1.3977878634080667,1.1536100937039373,1.0197389786280215,1.105353772300184,1.270945152492899,1.3231313439975851,1.251300666225767,1.76227537903054,1.288033477503323,1.5213017084673555,1.3775842206365871,-1.3757536744090855,-0.45918146541179106,-0.3724170307044772,-0.4985898740524506,0.08846177776455041,-1.0702025213810396,1.471162169026005,1.2651199242492173,-0.14774867742487668,0.44039480380428303,-0.9809396607397016,0.6316206980222218,-0.337966995137616,1.0231958952254976,F,1396.16,PanTheria,T,T,T,T,Ground,0,EcologyAsia
AMNH35441,Herpestes_edwardsii_HERPESTIDAE_CARNIVORA,Herpestes_edwardsii,NA,NA,NA,NA,0.7828407947064447,1.019302238827728,0.9858296570511506,0.6117533752962182,0.8619454260475986,1.2098614189213095,0.9860799116506899,1.0426394200303053,0.8801085038721139,1.0432911024671805,0.6919244939493804,0.9300610559255369,0.6283012907547625,1.304244921913873,1.0351643307076765,NA,NA,-0.921181196010258,0.22292617936080597,0.14770564768797856,0.1124102558275822,0.4509901929152938,-1.8952059371189758,0.689064694042657,1.384789312342339,0.7353716059132069,1.0390890882022226,-0.8785732564589881,2.4310487984836437,NA,0.9904742573028245,F,1304.67,PanTheria,Sf,Is,Is,B,Ground,0,ADW
NMNH297847,Leopardus_geoffroyi_FELIDAE_CARNIVORA,Leopardus_geoffroyi,NA,NA,NA,NA,1.6482776315864336,1.5138713060612032,1.465260846997988,1.4974309725794577,1.3894576768044848,1.6072677426394872,1.8167430224051941,1.4593539636431532,1.4607454117017102,1.5054296341855467,1.665570385995586,1.3117447586998547,1.6852130012365036,2.023908284084945,1.7954195318611907,1.914855552673405,NA,-0.8903622506737281,-0.4296693709219948,-0.275889198904648,-0.676947651672667,-0.6351433224845316,-1.096077732361334,0.9291579245133293,0.7516108565399181,-0.4133176278082565,-0.3732381629898999,-1.1331192096360547,0.9262328540007093,NA,1.654117591447905,F,5157.94,Elton Traits,Sc,Sc,Sc,Sc,?Ground,NA,ADW
UWBM32249,Lontra_canadensis_MUSTELIDAE_CARNIVORA,Lontra_canadensis,NA,NA,NA,NA,1.1475187848824113,1.8442886696383327,1.6227671759792108,1.3283684274212246,1.6051245865147634,1.5416822181710204,1.5073096803804213,1.7776408028253352,1.5292568403112472,1.5348870719946426,1.344382018377887,2.0069575686724503,1.0655021923316113,1.8071949240988374,1.9737637463879636,1.8707164860283887,2.2661921865465917,0.1541502164614579,0.25514006156734614,0.5503770571905156,0.7296577117386158,1.7505332738720023,-2.3206698210270087,1.0055060094192965,1.4836933975518192,1.9742410242487674,3.73512266226856,0.5422228547804413,1.2229781754411675,0.9628562029943143,1.8712653503838628,F,8087.42,PanTheria,Aq,Ss,Ss,B,Ground,0,ADW
UWBM33471,Martes_americana_MUSTELIDAE_CARNIVORA,Martes_americana,NA,NA,NA,NA,0.7895450806756369,0.7131570758585258,0.5525608809940165,0.6545330635566426,0.35673805804735204,0.6781555471979167,0.9759771961693107,0.6862154861868854,0.5261073611011927,0.6337622116576659,0.6407696263213977,0.33427040606685043,0.5952726190291947,NA,NA,NA,NA,NA,-0.6138050082425193,-0.5557338153916109,-0.6164417906953201,-0.6345429040901274,-1.9849561185293603,0.37116801999518645,NA,-0.6817554330385256,-0.2727655911944135,-0.7341069075963446,0.1644302540768577,NA,0.5564691853270912,F,531,UWBM specimen label,Sc,Sc,Sc,Sc,Tree,1,ADW
UWBM52683,Martes_americana_MUSTELIDAE_CARNIVORA,Martes_americana,NA,NA,NA,NA,0.8989058405967258,0.8211152789957088,0.6694862120794004,0.7750288155980386,0.5768477957721208,0.6781555471979167,1.0915599572251404,0.6908300849274157,0.5206292131687787,0.6123250219749972,0.6927617325454167,0.25933064547790025,0.6609205893716185,1.829587815500265,1.447671176492459,NA,NA,-1.200633243898549,-0.8284743540360529,-0.7485633789304021,-0.803485563125165,-0.8264910453202591,-2.2014433264331603,0.21793193646026116,3.329959539714216,-0.6467845638826656,-0.2634668466009184,-0.7323696866038913,-0.14187071290315822,NA,0.6210510678086815,F,607,UWBM specimen label,Sc,Sc,Sc,Sc,Tree,1,ADW
UWBM33278,Martes_americana_MUSTELIDAE_CARNIVORA,Martes_americana,NA,NA,NA,NA,1.0677600895920853,1.0073887928899203,0.9719677572288657,0.9635094364069149,0.9043822046124524,0.9431051196820902,1.235149218291849,0.9573872292469792,0.7869285850238708,0.9230917673990963,0.9092773324302161,0.8751637831877132,0.8836265477377633,1.4842183168332082,1.6564281173390816,NA,NA,0.2071035974419144,-0.520842073665099,-0.5226560487573131,-0.5747560039589508,-0.12392317715453309,-1.9192557046606624,0.22970183062068084,1.1515083549124774,-0.23743863325872822,-0.17546627138753795,-0.7196244704928902,0.18136219461235756,NA,0.8548761872905012,F,985.2,UWBM specimen label,Sc,Sc,Sc,Sc,Tree,1,ADW
UWBM33277,Martes_americana_MUSTELIDAE_CARNIVORA,Martes_americana,NA,NA,NA,NA,1.0522889282368277,1.0359948279754034,0.8502242681505675,0.9246770213297494,0.8340720327637847,0.8545962055777911,1.235149218291849,0.9897891703101899,0.8274000539485822,0.9089874827762287,0.9128687598694454,0.6470070485349468,0.8774569804353767,1.5168876021301336,1.4674954043672255,1.2724656748065415,1.3465114769541116,-0.41507029982818433,-0.5467331559420044,-0.4485495341868224,-0.5135486759697996,-0.5472109203179217,-1.9439798037031106,0.39287038886601805,1.2745688579262349,-0.5504820664427754,-0.00785520748510109,-0.8093491804303515,0.00845349834711331,0.10210452045101893,0.8866410938816208,F,1052.2,UWBM specimen label,Sc,Sc,Sc,Sc,Tree,1,ADW
NMNH546168,Martes_americana_MUSTELIDAE_CARNIVORA,Martes_americana,NA,NA,NA,NA,1.1406053468507904,1.077284314746159,0.9390283578677379,1.0658724445082806,0.8792773919483773,1.1057897941329469,1.3072622412541646,1.0097489761597804,0.8759718544136522,1.0071290690560017,1.040428388501998,0.739038957356758,1.0239018670854583,1.63905999114107,1.628449278348002,NA,NA,-0.32578818711450747,-0.48767501920661566,-0.4833698523003854,-0.6059273538476675,-0.5964453207041269,-1.653718244545817,0.311627264996577,1.3500345162910101,-0.5370580392555623,-0.17678562996844518,-0.6263162641699845,0.4316416693433783,NA,0.7968833537062504,F,873.69,PanTheria,Sc,Sc,Sc,Sc,Tree,1,ADW
UWBM60013,Martes_pennanti_MUSTELIDAE_CARNIVORA,Martes_pennanti,NA,NA,NA,NA,1.462384982595031,1.3980911545291645,1.39206456993487,1.3968987803234736,1.2388014702792605,1.3785359451196921,1.6001748399285523,1.3799764638591527,1.1866161385301697,1.4257684516036715,1.4145613023688608,1.0414016959370291,1.425368264692269,1.6660397119665842,1.5737951458683725,NA,NA,-0.5375714612593153,-0.18958317238889694,-0.4149846773833973,-0.43583039235429666,-0.6842975778004422,-1.2444190941108595,0.3786056763217923,0.3670869717879074,-0.09894471381353685,-0.1368056410226431,-0.7191999185559953,0.4136216269880479,NA,1.3761116124103263,F,2900,UWBM specimen label,Sc,Sc,Sc,Sc,Tree,1,ADW
UWBM60014,Martes_pennanti_MUSTELIDAE_CARNIVORA,Martes_pennanti,NA,NA,NA,NA,1.587672572713305,1.6600132474123988,1.564116970993851,1.5412156730902946,1.4760790795535745,1.5810946123860738,1.782161278464378,1.699689641706091,1.5729494263108792,1.6632800361399838,1.5912719310995003,1.5962065453367513,1.6001317371256814,1.9658399947412102,2.0778521107478323,1.8154203459553435,NA,-0.022331187315184457,-0.03639603180116439,0.029971672037551633,-0.1328820880186688,0.019464627879595724,-1.3166057144612635,0.6596374496213502,0.7441013963117098,0.07137805984560652,0.43206950554408763,-0.691185503929211,0.6951988995678845,NA,1.7023627309274396,F,5700,UWBM specimen label,Sc,Sc,Sc,Sc,Tree,1,ADW
AMNH89011,Mellivora_capensis_MUSTELIDAE_CARNIVORA,Mellivora_capensis,NA,NA,NA,NA,1.6116914164631657,1.851080299492725,1.7927588262443401,1.3159383512453984,1.575653783614209,1.7003833837475273,1.9074835797138083,2.108363367465158,1.8324510227091408,2.104233218704566,1.8000198168141588,1.8400451318934237,1.6251897967512103,1.9101654827817331,1.4924235906583712,1.3381500929602799,1.5024840303049019,-1.2776973181892366,0.797427081599687,0.36736910291451325,0.5800131373895101,0.11447114673928803,-1.7719516208841986,2.3771072808109377,0.33730643646738667,0.8056966670172655,1.1945927322174243,-1.6531377380324481,1.9481058285113833,0.31643204193429525,1.9228827132444373,F,8999.99,PanTheria,Sf,Sf,Sf,B,Ground,0,ADW
NMNH567903,Mephitis_mephitis_MEPHITIDAE_CARNIVORA,Mephitis_mephitis,NA,NA,NA,NA,0.9358192399481793,1.2007149174443803,1.226098939138579,0.7641051251872345,0.9522517905624507,1.0448764629581784,1.1278380520928828,1.3588325546858482,1.1395838911381386,1.3184056862728972,0.8831487993758401,1.1211412765847104,0.831373424160755,0.949768145005543,0.6536425020233694,0.5612626788937665,0.274952400778231,-0.951738781645452,0.599124228872938,0.45919873778794584,0.5756178813441486,0.4718214912606711,-1.6717364271514668,0.7827880027129348,-0.17498735712491026,1.1096747479977458,1.201236367106546,-0.9411707576945378,1.1328024171701092,-0.6543463156124372,1.2847445734241618,F,2399.99,PanTheria,Sf,Is,Is,B,Ground,0,ADW
AMNH18,Mustela_erminea_MUSTELIDAE_CARNIVORA,Mustela_erminea,NA,NA,NA,NA,0.027501694334214982,0.06300013864071088,-0.11754966202141108,-0.11367946610193327,-0.03084097095687565,0.10474670243641863,0.27798343056859964,0.0649948095300909,0.048497425032298834,-0.02941053171659576,-0.18708362716116841,-0.32631812185859305,-0.21986039951387185,0.5090981761932294,0.5093345348950182,NA,NA,-0.18369250376667717,-0.6531318943716,-0.22237553633210785,-0.5260620640463975,-0.4157436864073775,-2.304463890093986,0.32866715562062787,1.2169149508523183,-0.5301306093098576,0.052005226831912874,-0.44474991564199917,0.3979840927829702,NA,0.2551914270757746,F,284.5,PanTheria,T,T,T,T,Ground,0,SUNY ESF
AMNH200850,Mustela_putorius_MUSTELIDAE_CARNIVORA,Mustela_putorius,NA,NA,NA,NA,0.43044066956264676,0.7218830991015233,0.3162058591788234,0.33251577462479387,0.5126544596213102,0.49801023602916683,0.6782353534413588,0.723803228962328,0.5677759047464399,0.5683054896806351,0.376766061192162,0.4028268408304873,0.2829814138679386,0.8792865101311255,1.067573624811802,NA,NA,0.32518605048611693,-0.21295814455509576,0.09111731543527612,0.056585377980166024,-0.051873047971320634,-1.9846683642326197,0.6849718151209268,1.0052890321262018,-0.3851806174199728,1.2425631856126784,-0.4283871335426371,0.4598406029473488,NA,0.8501239178938399,F,975.55,PanTheria,T,T,T,T,Ground,0,Wiki
AMNH51469,Nandinia_binotata_NANDINIIDAE_CARNIVORA,Nandinia_binotata,NA,NA,NA,NA,1.4407968994945026,1.406188061053543,1.3718186770131613,1.2637107279166073,1.2231486218048566,1.297057213195093,1.582170394025808,1.4107287706707354,1.1123912145861954,1.4387892355493563,1.3768828121733718,1.3604134397544598,1.3283193460639755,1.3865447986717505,1.6381606058535996,NA,NA,0.46555951958951225,-0.12638546269790488,-0.5208655783390472,-0.3393141557174938,-0.045145707647370276,-1.5860422308329833,0.6551114944979252,-0.23539201331641874,-0.09801782809995246,-0.02521650718478951,-1.1558847910052308,0.5168131693510924,NA,1.2354857297743216,F,2167.2,PanTheria,A,A,A,A,Tree,1,ADW
NMNH256920,Neovison_vison_MUSTELIDAE_CARNIVORA,Neovison_vision,NA,NA,NA,NA,0.5147433559510356,0.7056307075636854,0.6457408437425348,0.4399470955654003,0.617854697125209,0.703416922538509,0.8088729421726109,0.7668632997854797,0.6409784368556278,0.7159859235618278,0.4022983022108416,0.6797282424458801,0.2807400040920754,1.081385811229201,1.1162265281223644,0.7688630634757494,0.9776230170350554,-0.1469380818943696,-0.15417330353307324,-0.018725452119908084,-0.13094835435025348,0.5143021349425323,-2.5113511909089588,0.6099032288598921,1.4491291723744122,0.4221828916731027,0.7841613157764968,-0.3636115422546992,0.8686181938751958,0.3813828718140831,0.9295512713261258,F,1150,Elton Traits,Saq,Is,Is,B,Ground,0,ADW
AMNH85041,Paguma_larvata_VIVERRIDAE_CARNIVORA,Paguma_larvata,NA,NA,NA,NA,1.4566337747040212,1.4032495650742265,1.6394375721643093,1.2466913354998725,1.3180207880241963,1.4801169512857733,1.6336111536347875,1.493267461016565,1.2350809600143136,1.6786237127689472,1.471785071750659,1.546866393109943,1.4108946389164758,1.5410292306805864,1.5585106087477054,NA,NA,-0.24107041261227924,0.3246151052266167,-0.38230066260187606,-0.2704891245340934,0.15808035204981868,-1.4631820519326646,1.1038946413216064,-0.007018343970959153,0.783364057477095,-0.09578353323316009,-1.2865817044284729,1.2512959082897348,NA,1.5662864990673453,F,4300,PanTheria,A,A,A,A,Tree,1,ADW
UWBM81816,Panthera_leo_FELIDAE_CARNIVORA,Panthera_leo,NA,NA,NA,NA,3.126123100852816,3.121083515352036,3.057261328591305,2.964955206668539,2.946943328905513,3.164181391112449,3.3117687522322345,3.1340466225035617,3.012369779038488,3.066288051202984,3.3181107019862695,3.2420317166123085,3.375393362198152,3.655254646371124,3.436660941207403,3.4272985044059046,3.2116939607079735,-1.0016686334001061,-0.0390610629129205,0.0506896716250506,-0.20485986985719337,0.01550396285601328,-0.511693268120269,1.7177424232658332,1.0322925339044977,0.16928216722644251,0.3374110302861889,-1.7012552630441047,2.3190468261727477,-0.36332340953115927,3.308171576627914,F,158623.93,PanTheria,T,T,T,T,Ground,0,ADW
AMNH135846,Panthera_tigris_FELIDAE_CARNIVORA,Panthera_tigris,NA,NA,NA,NA,3.1427595173096954,3.2505117601566047,3.0416355974548086,2.904845514326047,2.945255495045624,3.193927404779442,3.2874515752038573,3.260127408971955,3.177877517972831,3.1006596496179584,3.309616518077289,3.6420537163251008,3.2119991076337895,3.590909753514472,3.3165821678263954,3.4111543816930405,3.060130758484115,-1.1144784989108711,0.09058066145496194,0.5086489076971652,0.13578228993805344,1.0100611028754651,-1.1698900135056374,1.7216654356372318,1.105534453048771,0.06469708460879432,0.832829058768811,-1.966465981007374,2.7238731445385804,-0.6138338887551512,3.3180849084294084,F,161914.66,PanTheria,T,T,T,T,Ground,0,ADW
AMNH113032,Paradoxurus_hermaphroditus_VIVERRIDAE_CARNIVORA,Paradoxurus_hermaphroditus,NA,NA,NA,NA,1.4243398281437858,1.4747893263989813,1.479411719268942,1.2128801127684612,1.3161171098664401,1.5307129314039452,1.7012135270401634,1.4994514690667373,1.3224068624724576,1.658639656748409,1.4615647416478037,1.356730821414887,1.4607233122541694,1.3177274071454652,1.4465615353792562,NA,NA,0.09623302255951774,0.12391348615100589,-0.3357206966876068,-0.39096478313991345,-0.21270299695714898,-1.5540096332238296,1.5116850657272882,-0.6661313317692524,0.31046329509736287,0.31537338527205483,-1.2803961546934186,1.5795845607203938,NA,1.4236379541361184,F,3200,PanTheria,A,A,A,A,Tree,1,ADW
NMNHA49973,Prionailurus_planiceps_FELIDAE_CARNIVORA,Prionailurus_planiceps,NA,NA,NA,NA,1.428939403569756,1.2338100278386055,1.3373485031659111,1.4463967373717022,1.1454029104030183,1.4569514778701342,1.6521767918028758,1.2438527332490297,1.1686703296282765,1.2957705584061465,1.6281079247765664,1.5910417527001073,1.6131541635426052,1.9313700668708713,1.5585106087477054,1.779439727571572,1.4408619872298667,-1.189992705767627,-0.5395187674454586,-0.5373559802714725,-0.7776499940608433,-0.06366917217682652,-0.6168410596146285,1.1460611134510421,0.8363029616675397,-0.17057767977981564,-0.61595360497735685,-0.3518287839142578,0.5388832368771441,-0.6796295969613968,1.4715368092435956,F,3533.76,PanTheria,T,Is,Is,B,Ground,0,ADW
NMNH395048,Prionodon_linsang_PRIONODONTIDAE_CARNIVORA,Prionodon_linsang,NA,NA,NA,NA,0.8978422510129732,0.7243655244851248,0.7657681833998716,0.6902420229415135,0.5451698273882702,0.9011626145612006,1.0220814476178375,0.594022201885643,0.5329217927390149,0.7647374176402674,0.6585973838645843,0.45862261517438846,0.7210330000675086,1.0043250986071877,0.9648669623201331,1.0292058734988399,0.8751115163741022,-0.33966523728733067,-0.4510394903799519,-0.6192629732208818,-0.8538274084679776,-0.45443147306536086,-1.669180302785026,0.14562216524255267,0.2435489615967082,-0.37088480951588343,-0.606678429045742,-1.0680594406147599,0.8222423494873299,-0.3873155872599486,0.6792963048181339,F,684.83,PanTheria,A,A,A,A,Tree,1,ADW
UWBM38625,Spilogale_putorius_MEPHITIDAE_CARNIVORA,Spilogale_putorius,NA,NA,NA,NA,0.3282265217820722,0.5178241400975443,0.37303406268484945,0.11059535906578769,0.38413547396559633,0.4197424364043232,0.521580123651419,0.6522588477659786,0.5192559546126664,0.38773201606221,0.2379370657290111,0.4176040655739994,0.15852275303033822,0.7882746268863505,0.31133309089446554,-0.060050670584564175,0.040487241169391064,-1.311787649975769,-0.28882531491476515,0.3241568850724174,0.24758828936346802,0.26542383259354213,-1.8240559333736661,0.7464998790913127,1.17190543713496,0.09508893915980747,0.748294618317046,-0.8866470210817885,0.8427861247092925,0.06938145059199484,0.5340442057082307,F,506.9,UWBM specimen label,Sf,Is,Is,B,Ground,0,ADW
NMNH564281,Spilogale_putorius_MEPHITIDAE_CARNIVORA,Spilogale_putorius,NA,NA,NA,NA,0.4328466943777925,0.6673308051472336,0.5066455264405684,0.26196713561907425,0.5175261219258865,0.29720915793738695,0.6426902937227521,0.7349814452175086,0.6208551246241226,0.7026551150460144,0.3961296635436754,0.5571753181925342,0.35587743392552995,0.6541765245523727,0.303804860978293,0.1884768901892662,0.6801786370929881,-1.0450868883616236,0.1614283797073393,0.29550789892927837,0.16499760249753562,0.23967460108818525,-1.5297684029401921,0.8319292642642712,0.2835545730137132,0.20931686637054137,0.9711235501920327,-0.7379091055585796,0.006606712421194271,1.090598187739392,0.5877047480142175,F,566.49,PanTheria,Sf,Is,Is,B,Ground,0,ADW
NMNH395839,Suricata_suricatta_HERPESTIDAE_CARNIVORA,Suricata_suricatta,NA,NA,NA,NA,0.721680112156539,0.7943674589286887,0.9649802018144299,0.699153124942917,0.6466430688589399,0.9489830397004198,1.0053174051913008,-1.9109636164717183,0.5887560113580117,0.9480820406871272,0.9557396565595038,0.7312785136470418,0.9867784815056599,1.299959093589776,0.8126733536870275,1.0190864179198322,0.7518922082722508,-1.367944968334232,-0.04096674834575355,-0.49232222165116574,-2.678514249979019,-0.47332674592676194,-0.3541486953348612,1.5047302044722488,0.8026425141286719,0.8796340547821101,0.3035013494693366,-0.22200281910569636,0.9730905255223176,-0.5961476433141284,0.71012767003699,F,729.99,PanTheria,F,Is,Is,B,Ground,0,ADW
NMNH262103,Taxidea_taxus_MUSTELIDAE_CARNIVORA,Taxidea_taxus,NA,NA,NA,NA,1.2810677191097808,1.5472120083097265,1.3667068566402165,0.8448740839379435,1.314846352393825,1.3014813380346915,1.6544796529200236,1.8061912512080835,1.4633502834205168,1.6679031114041516,1.5537653459324252,2.079711382174371,1.389313498650279,1.4947837416642864,1.7425494978220528,1.0034768993643954,1.4650252108973398,0.4403952581653325,0.24998285192536915,0.05197041697130311,0.41980169771084014,1.342521756060183,-1.6489129987941618,3.435422187829532,-0.1310967670450473,0.39328657076118945,1.2673794223933414,-2.0185355430671104,1.9337403145895784,1.0759728214335236,1.8563968503763169,F,7842.15,PanTheria,Sf,Is,Is,B,Ground,0,ADW
NMNH244925,Urocyon_cinereoargenteus_CANIDAE_CARNIVORA,Urocyon_cinereoargenteus,NA,NA,NA,NA,1.2880951904532196,1.2177920264280908,1.1105419555457015,1.1571562002332676,1.0146642188394193,1.3929796667228664,1.5086774224331645,0.9460887806614917,0.9697707648781653,1.175947028564372,1.347559798300234,0.9199349558507031,1.3630163691899788,1.9451754999048,1.447671176492459,1.7514197168998147,1.4296520828567825,-1.4318816594248862,-0.5176039684237355,-0.650311629526311,-1.035012185764353,-0.7730925757299717,-1.0914890311605572,1.1327293120259114,1.5355791881980962,-0.4481852019349909,-0.18327519274837956,-0.9161445754445237,1.2035727003408738,-0.6521560096667338,1.510870352486867,F,3833.71,PanTheria,Sc,Sc,Sc,Sc,?Tree,NA,ADW
UWBM39060,Ursus_americanus_URSIDAE_CARNIVORA,Ursus_americanus,NA,NA,NA,NA,3.0718107365294838,3.018289113488777,3.149343668678624,2.7220189350492663,2.8359949822312496,2.9019800461274268,3.223519629655424,3.2428957386255255,2.7860740954870162,3.2423693609268147,3.2019499661572013,2.769782110304616,3.2630913970110527,3.0222627155720168,3.035896261968215,2.490380033757441,2.7183881733088744,-0.39673187151336864,0.599399610985628,-0.25588891204901787,0.24406896193834043,-0.647921358777335,-0.6097941813803988,1.9373790705865745,-0.4552638117610732,0.6813291317904572,0.13061280188805655,-2.3002266804700633,2.041842250112274,0.5624322680489932,3.1336313318134774,F,110500,PanTheria,T,T,T,T,Ground,0,ADW
NMNH397431,Vulpes_vulpes_CANIDAE_CARNIVORA,Vulpes_vulpes,NA,NA,NA,NA,1.8236539535637613,1.662425404565551,1.5118354555443405,1.875605330140586,1.4265842634522328,1.7444499940436535,2.0837062489823803,1.3887415839161912,1.4162955135721784,1.5552670363503465,2.0722370137557156,1.430885359559533,2.125670734857352,2.58233105223321,2.119603599189004,2.36767333815357,2.118204205467401,-1.4112810977034342,-0.7764451383942162,-0.7998519543974497,-1.192874994560188,-1.028550852007064,-0.31541064598227114,1.3596663843211096,1.5049199063249594,-0.7476078477765583,-0.4473765899016288,-0.37012225284400213,0.2938322389866301,-0.4889141544043947,1.6214378672539893,F,4820.36,PanTheria,T,T,T,T,Ground,0,ADW
UWBM6741,Dama_dama_CERVIDAE_CETARTIODACTYLA,Dama_dama,NA,NA,NA,NA,2.2443512441008515,2.275400445491949,2.100492066297477,2.522404294617143,2.0685715739176853,2.46204710805018,2.2195253522995,1.616746300136344,1.9953431803891444,2.1705797956087265,2.5428252334047006,2.747828795108671,2.5618802971691133,4.095999727569577,2.623918881755221,NA,NA,-2.7992676424944123,0.21064583480730523,0.060260423701615384,-1.0519713295971957,0.5778950741124551,1.3648755414624871,0.07277363093128664,9.013918605457816,-0.2096450074295734,0.3566841010239149,0.4912257099661101,0.9023854185999176,NA,2.815937250204088,F,57224.61,PanTheria,T,T,T,T,Ground,0,ADW
UWBM26646,Raphicerus_campestris_BOVIDAE_CETARTIODACTYLA,Raphicerus_campestris,NA,NA,NA,NA,1.8141995670801128,1.8588729430294744,1.6868570950506352,2.1277582178954852,1.694669409145011,2.120507736019123,1.6529448485794742,1.258052700792463,1.4737163641550495,1.5769737083178954,1.8280005301364948,2.3099534681349567,2.0007621537392044,3.759598534793915,2.4343698499281907,NA,NA,-2.6527191323800037,0.03684253498381679,0.07873005320499916,-0.7545232725498762,1.2473182728704753,1.5782148050101557,-1.1937012989003395,11.13951628512875,-0.22306199656342213,0.3494025211030473,0.886319799678607,0.8651795819249306,NA,2.0479612553086373,F,11661.53,PanTheria,T,T,T,T,Ground,0,ADW
UWBM34167,Cabassous_centralis_DASYPODIDAE_CINGULATA,Cabassous_centralis,NA,NA,NA,NA,0.9254348898205076,1.3780003845545876,1.564116970993851,0.4482803678186624,1.094001895942453,0.6184117865255844,1.0316030442448716,1.7499732409617481,1.4489565293281532,1.5535814436410464,0.8422831440460696,2.303835065274955,0.38784922014050416,0.5731976580078972,NA,0.5334883713715168,NA,NA,1.615508504403392,1.6708371760487277,2.1891777156823076,5.2682888924150575,-2.9469946195016834,1.2756709141968048,-0.5194975220510821,2.7480692970213907,2.1775905860850098,-2.0384415886758105,0.5389827022536504,NA,1.4897597634027466,F,3669.69,PanTheria,F,Is,Is,B,Ground,0,ADW
UWBM20735,Dasypus_novemcinctus_DASYPODIDAE_CINGULATA,Dasycercus_novemcinctus,NA,NA,NA,NA,1.3994911750989099,1.6019990403355293,1.8073711011410967,0.8742426472443726,1.3695537990121316,1.5196459939157059,1.1622839449442068,1.4407680057214867,1.1328404245480634,1.4163834465535274,1.1298524974112854,2.4967681500322603,0.7134503686003708,1.37170387099098,0.7391100224018372,NA,NA,-1.6337487449948824,0.7865428391551538,0.3602600791105317,0.7128065238976127,4.79806477083122,-2.2835183212355146,-0.15302864163122967,1.1430857848904223,1.7166502080784087,0.9830054709242217,-2.3357468817589506,2.8913010768332352,NA,1.5251764813637307,F,3949.01,PanTheria,F,Is,Is,B,Ground,0,ADW
UWBM35468,Euphractus_sexcinctus_DASYPODIDAE_CINGULATA,Euphractus_sexcinctus,NA,NA,NA,NA,1.0145731371323021,1.2919779471162647,1.6283480911893942,0.499727600991004,1.0514338724455887,0.9102701847304678,1.1556422551938803,1.6234910297822325,1.395187421802172,1.7308787247773343,0.9739550440349963,2.3893936769425923,0.551113945099379,0.9745926843385277,0.3063187829307959,0.712828087896913,0.4044163382360304,-1.6691188666085666,1.8477958232403855,1.1087260697236359,1.2949375407054182,5.0334131287854635,-2.8366733071128927,1.6439792155245847,0.13007554806148952,2.638304532830069,1.2759260911096475,-2.1868109070308286,1.4890652389960835,-0.6843276490201187,1.6124201327117689,F,4731.16,PanTheria,F,Is,Is,B,Ground,0,ADW
UWBM78646,Myoprocta_acouchy_DASYPROCTIDAE_RODENTIA,Myoprocta_acouchy,NA,NA,NA,NA,0.9202125540147461,0.983229163669992,1.2599423091051105,0.988906938765486,0.8141779098088231,1.1613883091218304,1.0499672633019876,0.49743895331644306,0.6971081716635488,0.9286888570264772,0.9013442385869272,0.9300610559255369,0.9240843804444329,1.113812242321649,0.3844641064215174,NA,NA,-1.7776506857951162,-0.1725828606195422,-0.3674445119890857,-1.0479517850569529,0.003127088169767845,-0.8939336107032403,-9.043380248325746e-4,0.26223986868081106,1.3131198642235538,0.2927860986368774,0.10700954932726359,0.8565990880184446,NA,0.8397794585734751,F,954.87,PanTheria,T,T,T,T,Ground,0,ADW
AMNH65718,Antechinus_swainsonii_DASYURIDAE_DASYUROMORPHIA,Antechinus_swainsonii,NA,NA,NA,NA,-0.21269906353713222,-0.19892781441669025,-0.04879598835258183,-0.3937022657652843,-0.4496786426543167,-0.10240567619470406,-0.3888334314545419,0.0174639019419479,-0.3355450047581149,-0.011399271875203981,-0.15539745736610075,0.18293936157492793,-0.19830695297044787,-0.6568769602990352,-0.8963085597377142,NA,NA,-0.6858024618668839,0.7754318810245716,0.31538602868917054,0.9025786612059166,0.6022770316246695,1.2157915062740594,0.037627862000977876,-0.944722011156624,0.41353706135709933,-0.06666829640950984,-0.5147887154057849,0.4928919599787464,NA,-0.5068825182354179,F,58.69,PanTheria,T,T,T,T,Ground,0,ADW
UWBM68899,Antechinus_stuartii_DASYURIDAE_DASYUROMORPHIA,Antechinus_stuartii,NA,NA,NA,NA,-0.7326177052613545,-1.0881506514485828,-0.8158187265985203,-0.9055550162859247,-1.249050597835014,-1.0740213775644765,-0.7226964331150635,-0.9583570660296463,-0.9868950623780163,-0.8262400130244103,-0.8104950621347838,-1.0679199085068452,-0.8603857219542852,-1.166739888720709,-1.2493888830439879,-0.6947129648244833,-1.1564385138870534,-0.23982538981390972,-0.43049565242687476,-0.4179947541698798,-0.6437609564858997,-0.6624557236605688,-0.5276299235488053,0.018330647847845553,-0.9933415152930678,-0.4591313168790403,-1.3646151892367402,-0.2573911442480195,-1.006277618841712,-0.9991379465816549,-0.8470735208545552,F,29.01,PanTheria,Sc,Sc,Sc,Sc,Tree,1,Wiki
NMNH396649,Dasyuroides_byrnei_DASYURIDAE_DASYUROMORPHIA,Dasyuroides_byrnei,NA,NA,NA,NA,-0.03991688066584802,-0.08081522188361977,-0.27948514942620184,0.013518773702232523,-0.4364089009809944,-0.10240567619470406,0.001066024997112635,-0.25050036677364956,-0.2722644010789646,-0.2910259778661955,0.1439749298967683,-0.25624753769582514,0.28118856981493734,-0.09068513894083755,-0.32021413993833825,0.5620718677720935,0.04841392906510342,-0.7122067689577842,-0.6659681926533926,-0.3454724771288451,-0.6191107070855556,-0.8145870350376019,1.6657031725809999,0.31622081047596584,-0.662756907247086,-0.7956949979823207,-0.2509277675725263,0.4871378813430307,-0.5284092486184465,-1.0187114887287636,-0.20591740966243707,F,109.47,PanTheria,Sf,Is,Is,B,Ground,0,ADW
FMNH127359,Dasyuroides_byrnei_DASYURIDAE_DASYUROMORPHIA,Dasyuroides_byrnei,NA,NA,NA,NA,0.05112135363546729,0.001975241019909954,-0.07638272404940376,0.13287298859091698,-0.15981161555803275,0.09720699610532993,0.0978591816429471,-0.13157606348388243,-0.17479912522197089,-0.17558363121886242,0.2950989555936524,0.05167540611131401,0.3702277394696854,-0.2269783908267105,-0.187472728570294,0.49194460039024934,0.0573457826304874,0.003332771872844838,-0.6195040176510246,-0.33191266005838593,-0.5708904832300453,-0.5570269669310831,1.584183848910041,0.4509212435663075,-1.101286695968959,-0.4770165715968183,-0.2695238765802494,0.5838462881798433,-0.26023613120350836,-0.9017535251442422,-0.20591740966243707,F,109.47,PanTheria,Sf,Is,Is,B,Ground,0,ADW
FMNH119806,Dasyurus_hallucatus_DASYURIDAE_DASYUROMORPHIA,Dasyurus_hallucatus,NA,NA,NA,NA,0.6553968554914771,0.6714703246119954,0.5409102009292143,0.4201771750386661,0.1113403713962104,0.8507944357406072,0.7351709906896701,0.7164853238019411,0.8530803094864537,0.9303630682825466,0.6467177780415526,0.9151835534224724,0.6046913319437733,0.4862498132398892,0.38825890024439264,0.34639388048788644,0.3535724597949175,-0.4415292436027581,0.5241589527977606,0.6740073510226694,-0.08571300424917544,0.5197952298167855,-0.8422486232070925,0.7267735999794532,-0.5298950300181926,-0.3537343344448575,0.06389239775275242,-1.0831285965311939,1.5201815080086174,-0.10568257771730936,0.49849819895069897,F,470.92,PanTheria,Sc,Sc,Sc,Sc,Tree,1,ADW
NMNH283979,Dasyurus_hallucatus_DASYURIDAE_DASYUROMORPHIA,Dasyurus_hallucatus,NA,NA,NA,NA,0.758519793454207,0.7501486424277095,0.8348066886649004,0.5429646026569325,0.34280706969389735,0.5435226578634675,0.8650688671561316,0.823177210277338,0.7462653214903783,1.05847194415109,0.7916479991904626,0.9649210185657353,0.7586693325751812,0.5026464951304388,0.37732095392884923,0.43555896094254204,0.542238248606703,-0.5122584414171005,0.548071812154404,0.09981924485356633,-0.12563616463199215,0.30886666501551324,-0.7571726642996833,0.8917355952952494,-0.7850905135815639,0.2719555278091959,-0.017898863976387232,-1.045795367688013,0.03767512628146537,0.11745819907795188,0.49849819895069897,F,470.92,PanTheria,Sc,Sc,Sc,Sc,Tree,1,ADW
FMNH57803,Dasyurus_maculatus_DASYURIDAE_DASYUROMORPHIA,Dasyurus_maculatus,NA,NA,NA,NA,1.2092582857124643,1.2319653869424407,1.1946615880572948,1.0473449880975398,0.801023762056535,0.9813954692130854,1.267587214499343,1.1597990893404417,0.9397974845501831,1.1340752092611814,1.2608055563756984,1.1464773229241585,1.195276982313872,0.949768145005543,0.8989170178343618,0.8135382543811326,0.9827728187932584,-0.36421117635728584,-0.16062654133046075,-0.29078504342775713,-0.2331251448186066,-0.24839244477608688,-0.687554891129776,0.6924608842589866,-0.7046942165689905,0.04049718994041053,0.16984677404792947,-1.0085311261753043,0.08095722327405595,0.2894957710169887,1.4361698825862184,F,3284.15,PanTheria,Sc,Sc,Sc,Sc,Tree,1,ADW
FMNH60742,Dasyurus_viverrinus_DASYURIDAE_DASYUROMORPHIA,Dasyurus_viverrinus,NA,NA,NA,NA,1.0148463130360958,0.9585083125002843,0.7295223920066161,1.0233898864969202,0.6246696349114971,0.9126876434755394,1.0891141837937923,0.8669318984438863,0.7956793703701193,0.9771517624311684,1.0741204745873247,0.6240463575395518,1.1128649293454935,0.938773504656273,0.5381378890235786,1.225293656072041,0.7213032749108046,-1.171549539438656,-0.1458052882989544,-0.24519186706384166,-0.48035649939214126,-0.8252691823914173,-0.1560058065219725,0.253577790022786,-0.4476648089251346,-0.781349042983956,-0.16734154749399963,-0.21148640325242632,-0.06594982255993888,-0.9736144531950073,0.908743722421105,F,1101.49,PanTheria,Sc,Sc,Sc,Sc,Tree,1,ADW
AMNH35688,Dasyurus_viverrinus_DASYURIDAE_DASYUROMORPHIA,Dasyurus_viverrinus,NA,NA,NA,NA,1.0028132519397417,0.9740522376273854,0.7684933985495991,1.0294805758588101,0.6444523414337848,0.9922033055711272,1.098986539646972,0.7394258654481795,0.7184102702325607,0.9004472429419655,1.1135326400790089,0.7884318302774003,1.1544400691155197,0.8615696326536652,0.6179350185892231,NA,NA,-0.8270691963545969,-0.32386041235659363,-0.41420745736122183,-0.7323105144705967,-0.6296036283830801,0.01004502982325454,0.4168998714719407,-0.6697980697943969,-0.6463835610453786,-0.06328712274892836,-0.1244240096904357,0.16139186179867182,NA,0.908743722421105,F,1101.49,PanTheria,Sc,Sc,Sc,Sc,Tree,1,ADW
FMNH19982,Myrmecobius_fasciatus_MYRMECOBIIDAE_DASYUROMORPHIA,Myrmecobius_fasciatus,NA,NA,NA,NA,0.40334914612724043,0.4915400597333733,0.5890845945108047,0.30716885247797615,-0.16255524037447222,0.6061106074415018,0.27879083818823697,0.48602436646643143,0.2778854396962716,0.4647705022799555,0.36294807130558693,0.5602671564922779,0.35613268927687824,0.6525574841045042,-0.3034006145607458,0.6393352166921761,0.476722763111737,-2.0888374807116397,0.40109808089793014,0.288854178503915,0.4186681159938713,0.3190359520176154,0.35181850450572333,-0.3208875386708932,0.849030161454552,0.6013699585293185,0.32071566997789525,-0.4092924423172045,0.9218800751238659,-0.42636417828146406,0.53834905927305865,F,511.44,PanTheria,Sf,Is,Is,B,Ground,0,ADW
YPM7523,Myrmecobius_fasciatus_MYRMECOBIIDAE_DASYUROMORPHIA,Myrmecobius_fasciatus,NA,NA,NA,NA,0.3850430302592667,0.5549382195759814,0.49389375860245205,0.2717991150851453,0.2885283971765412,0.49674534417721855,0.22094017146763464,0.522858230579046,0.23129189884085125,0.3738313434896337,0.3180997363793098,0.24327816483142672,0.23018456656369662,0.5551572269690207,-0.32889532977245667,0.5235621077023734,0.43445795704752366,-1.9819834568842856,0.3046019462071721,0.3072370598508958,0.6705805699820236,-0.2553723689719349,-0.006549355818897922,-0.44928017681890753,0.8221670500483717,0.3219376501956817,0.66934347086974,-0.4753358201734081,0.6318058083921722,-0.291178190933016,0.53834905927305865,F,511.44,PanTheria,Sf,Is,Is,B,Ground,0,ADW
NMNH237730,Myrmecobius_fasciatus_MYRMECOBIIDAE_DASYUROMORPHIA,Myrmecobius_fasciatus,NA,NA,NA,NA,0.3978401991396875,0.5663310619292786,0.47623588188014254,0.30317174355323856,0.35396445343573324,0.5230415065221675,0.3358132771241121,0.6026798289364861,0.27771908555363106,0.5187849519577941,0.2839968600143195,0.38538162646399093,0.27128716797727187,0.6237863067143488,-0.38050335556927317,0.5334883713715168,0.4126523437245938,-2.1528257638373116,0.40541842192451005,0.1608414323589209,0.5857056125764993,0.09700304751951634,-0.4209652193346492,-0.3797278402245471,0.7943893795890221,0.21916782204585433,0.6651417420506887,-0.40036741887809846,0.6315886391375782,-0.3527254808614456,0.53834905927305865,F,511.44,PanTheria,Sf,Is,Is,B,Ground,0,ADW
NMNH173904,Sarcophilus_harrisii_DASYURIDAE_DASYUROMORPHIA,Sarcophilus_harrisii,NA,NA,NA,NA,1.415238278797528,1.4844978507968394,1.3373485031659111,1.234529954247957,1.226568399164796,1.1564354030967274,1.6663916364191296,1.617872863013139,1.58186481602719,1.356554950011646,1.684496415915847,1.5889703390899736,1.6945056686723696,1.665494474760647,1.1564258444908786,0.98770392738133606,1.1196719351830537,-1.434050261459969,-0.4504073694497848,0.3049184867969852,-0.06761941657034107,-0.17490332019770266,-0.2811283267420576,2.1221452938442713,-0.0567046913199386,-0.12994932656987127,0.3929047205247262,-1.1601799785152318,0.1361619136138401,0.21449531143706518,1.8780721462751244,F,8202.25,PanTheria,T,T,T,T,Ground,0,ADW
FMNH46006,Sarcophilus_harrisii_DASYURIDAE_DASYUROMORPHIA,Sarcophilus_harrisii,NA,NA,NA,NA,1.4036207015367252,1.4974903585199715,1.3488264143676607,1.2817041111759482,0.8847904742137307,1.240384785981198,1.6769931480313345,1.573660543192533,1.5758092054731831,1.4664197409075084,1.709921683236154,1.2107740035571684,1.7431479479829444,1.6981967123641486,1.3023844240519349,1.1895059950241873,1.1297571435204805,-1.2187207265291498,-0.251952309502123,0.2659271720821148,-0.1878165290131272,-0.8544234748671176,-0.08446736294986416,2.1379074323940648,-0.04516431490881818,-0.058744608264869685,0.49606685018738417,-0.9253315676671171,0.27727266227672354,-0.19067915421400392,1.8780721462751244,F,8202.25,PanTheria,T,T,T,T,Ground,0,ADW
AMNH35504,Thylacinus_cynocephalus_THYLACINIDAE_DASYUROMORPHIA,Thylacinus_cynocephalus,NA,NA,NA,NA,2.3425446100104876,2.1168733070603403,2.128129096169583,2.25398488349169,1.832739726317063,1.8106882044606087,2.4183535843936976,2.034992198778249,2.0463772067586476,2.1031509373205033,2.519740866766963,2.843121150476817,2.463490905153447,2.3097409651354193,1.9546072969249408,2.269384762015371,1.9733756338448678,-1.1825682175709633,-0.340830565752001,-0.22928987236729317,-0.6796320808848781,0.8845507881433221,-0.383364289226339,1.036985058370928,-0.2940363566822457,-0.4065445512392768,-0.6087673095108482,-1.1551884239164043,-0.4476367387083861,-0.5788018707792437,2.221339253896126,F,16700,Rovinsky et al 2020 (Proc. B),T,T,T,T,Ground,0,ADW
FMNH56442,Cynocephalus_volans_CYNOCEPHALIDAE_DERMOPTERA,Cynocephalus_volans,NA,NA,NA,NA,1.7199869249030713,0.8916811740043427,0.9532489832460828,1.6481583070731376,0.4397573401859599,0.9722206838959057,1.8491339148885877,1.0704270209581765,0.917743437338284,1.4553317778331263,1.9538956792333495,-0.22448040225398264,2.219143003869829,1.8319995361193622,1.9359665315936494,0.9357122895813669,1.4769584770800166,-0.03110039077046297,-0.5780942353832039,-1.196245707487641,-1.3178332412174305,-2.250174580424846,1.6600062972148415,1.2849156621747668,-0.48796728039101833,-1.77216411419297,-2.3219202225789983,-0.8484905712997276,-1.2170057926743694,1.3084124305825497,0.969807467068701,F,1250,PanTheria,G,G,G,A,Tree,1,ADW
FMNH171074,Galeopterus_variegatus_CYNOCEPHALIDAE_DERMOPTERA,Galeopterus_variegatus,NA,NA,NA,NA,1.4546643129670118,0.532279787405757,0.4796505663091029,1.3699554493655706,0.3800645608487863,0.692653411423117,1.61951748705678,0.7449600354468885,0.606831939309045,0.8147090487021053,1.7789290634390194,-0.23235299172407564,2.0628081582219866,1.4873344100121515,1.5889142029744348,0.4703481530200704,1.0229245621394,-0.001296863039052799,-1.2319025164706514,-1.3137579108589703,-1.4483587491810537,-2.178220617633996,2.230065506947775,1.7356137584320601,-0.8261310535798562,-2.1483446306289355,-2.53443940038943,-0.7951369044963857,-1.3087749140312697,1.2991080332088183,0.9134153532087693,F,1112.2,PanTheria,G,G,G,A,Tree,1,ADW
FMNH60764,Caluromys_derbianus_DIDELPHIDAE_DIDELPHIMORPHIA,Caluromys_derbianus,NA,NA,NA,NA,0.5443330274455717,0.5417331800618058,0.347961532475911,0.28308456042499897,0.20194431158836856,0.2147951151596509,0.4901618925760308,0.687486140249197,0.2693733108371406,0.6669640714724772,0.5365975360291071,0.375564337258536,0.5817336726824365,0.055793196443141416,0.7623137190508769,-0.23830865991030828,0.8082398054640677,2.413072339819857,0.42228003559557376,-0.17609956458810477,0.41521547038090834,-0.39551669499497116,0.3734797451466768,0.4131149653713241,-1.1147897776844307,-0.6033214812539094,-0.025229908716695046,-1.1417823834336909,-0.2843437713415567,3.009741790148309,0.32199586038269784,F,326.72,PanTheria,A,A,A,A,Tree,1,ADW
NMNH464247,Caluromys_derbianus_DIDELPHIDAE_DIDELPHIMORPHIA,Caluromys_derbianus,NA,NA,NA,NA,0.4587385503555024,0.5663310619292786,0.3045316063454419,0.24712731191564394,0.2572387047162461,0.07549411118825018,0.43093980419483846,0.6931312351357414,0.30893929820319616,0.8329410426750707,0.4530225917441497,0.05167540611131401,0.49747254360976734,0.18788843895759283,0.7242930848068432,-0.40937409949347064,0.6560486976193795,1.6562647041459047,1.0508994346880494,0.02862760798296967,0.5834804918339607,-0.7951960760861225,0.24975504452883937,0.3477308534052589,-0.729358525328012,-0.49672078491442373,0.4105760024345751,-0.9138182832604997,-0.5756876862978929,3.0676700058625,0.32199586038269784,F,326.72,PanTheria,A,A,A,A,Tree,1,ADW
FMNH49337,Caluromys_lanatus_DIDELPHIDAE_DIDELPHIMORPHIA,Caluromys_lanatus,NA,NA,NA,NA,0.5876678889555443,0.43391438640592794,0.34114123317562395,0.4209392052789589,0.028994671523758238,0.21161563064418346,0.45423252907105,0.568962480018468,0.1708398789955274,0.3911829667851298,0.48593948540725157,0.1397741877957636,0.6238008467916764,0.0275606023396066,0.659310928135927,-0.4394280118151092,0.6789815660126133,2.08270144538876,-0.15254141039503985,-0.30752698314179916,0.2011995687180582,-0.7086720062136691,0.8357771597150485,-0.3219773493987846,-1.170369156269142,-0.7336466010948544,-0.5767034775614642,-0.7831889879683448,-0.6009005060103947,3.294532449219076,0.35568142523299423,F,350.33,PanTheria,A,A,A,A,Tree,1,ADW
FMNH61877,Caluromys_philander_DIDELPHIDAE_DIDELPHIMORPHIA,Caluromys_philander,NA,NA,NA,NA,0.15816109830192177,0.08529211224906241,0.044054270908607196,0.019526466208867867,-0.13808017132780992,0.11911885982416823,0.19691619575578106,0.44407852624907046,0.03364891089512172,0.23971064349702798,0.26533692879787235,0.024814086945855195,0.3314160342487976,-0.102189129465359,0.499964322552623,-0.7003133123121218,0.4105976944048148,1.9755267216808647,0.03544365239187918,-0.09500571660844664,0.5163798745464858,-0.5544592203742034,0.7031200094646577,0.6559567977979271,-0.9192302939367607,-0.423407142500519,-0.3428799387572385,-0.4889300921356698,0.08480162528671889,3.2259280018771355,0.18591378641121614,F,246.47,PanTheria,A,A,A,A,Tree,1,ADW
AMNH267336,Caluromys_philander_DIDELPHIDAE_DIDELPHIMORPHIA,Caluromys_philander,NA,NA,NA,NA,0.4137819371572396,0.4598586454561,0.21131235468621695,0.23373908754553535,0.14569249988970634,-0.03590973222900653,0.3751463607886816,0.5915379303158358,0.12211186040358674,0.39204420561567305,0.4219956000639733,0.13254575409489047,0.4947749870307269,0.17310101838904646,0.7464599513026172,NA,NA,1.8105443171476947,0.009665747160890557,-0.2572892781017449,0.4532648403626474,-0.6231835230202266,0.5656655717110232,0.27100785952000794,-0.7012563026556067,-0.637530354380027,0.1494753625673582,-0.7679309296605875,-0.8215655873818718,NA,0.18591378641121614,F,246.47,PanTheria,A,A,A,A,Tree,1,ADW
FMNH60698,Caluromysiops_irrupta_DIDELPHIDAE_DIDELPHIMORPHIA,Caluromysiops_irrupta,NA,NA,NA,NA,0.5480347486430065,0.6903186394336647,0.6178787133208398,0.3632854554047466,0.36763306248470473,0.3275440048285502,0.5722240515230295,0.8366241285587441,0.3515469758361287,0.7958941713440667,0.6322955682117899,0.2120192894255438,0.7091796702638233,0.25093438332231904,0.8680156989784387,-0.17946851706168407,0.9239436865512817,1.9832902066604825,0.5650625823670427,-0.1647705521048409,0.6054998054720354,-0.81114948754576,0.609918261389169,0.7097861125101343,-0.9443067981544578,0.21489249716365627,0.5734656549723794,-0.8408025652435847,-0.15545076730786275,3.263659803398776,0.207012765274744,F,257.48,PanTheria,A,A,A,A,Tree,1,ADW
AMNH244364,Caluromysiops_irrupta_DIDELPHIDAE_DIDELPHIMORPHIA,Caluromysiops_irrupta,NA,NA,NA,NA,0.673840932897841,0.7028600810224778,0.5415602456809147,0.5109214068145982,0.48276218277686367,0.3970974064987445,0.6578231712962501,0.8448303142010215,0.3760996022809737,0.6029192037582691,0.7533395592132223,0.3430957547155022,0.7848723615229094,0.2895149895581079,1.0329269738592892,NA,NA,2.5441718252341174,-0.09877258805777295,-0.27796659192422624,0.4060296895664112,-0.7879139218068576,0.5284674719127654,0.5313109712707162,-1.0186994467099095,-0.4033920983372992,0.11819882780316997,-0.8021312057892631,-0.3096775430033985,NA,0.207012765274744,F,257.48,PanTheria,A,A,A,A,Tree,1,ADW
AMNH97319,Chironectes_minimus_DIDELPHIDAE_DIDELPHIMORPHIA,Chironectes_minimus,NA,NA,NA,NA,0.7374721737285381,0.7272144636943112,0.8186780075099482,0.7406948984555115,0.4232020299717795,0.600690328300431,0.8069780230361743,0.8275368797644244,0.4662201842158973,0.6478504683392188,0.801221746944626,0.7063418721548101,0.8522367695575535,1.0127641174813684,1.1728624405775665,1.2007713197963505,0.8381518688300859,0.22345670861946337,-0.2926462575655146,-0.374536422523927,0.010417363291259057,-0.2514411233844035,0.03237177315172296,0.24187295261291442,0.424207296427417,0.2854037223337653,-0.028198499253457923,-0.11283205695338207,-0.28034292308213243,-0.7504017407462451,0.849519768340991,F,974.33,PanTheria,Saq,Is,Is,B,Ground,0,ADW
FMNH127356,Chironectes_minimus_DIDELPHIDAE_DIDELPHIMORPHIA,Chironectes_minimus,NA,NA,NA,NA,0.8423663488406308,0.7950722673848061,0.7682211375346115,0.7643959811762007,0.4526380141530513,1.0224170336533611,0.87837845632555,0.9133368589578242,0.5714726777027529,0.7577060578725628,0.9704453571716649,0.9717872047343769,0.9918934662616938,1.0306216321698685,1.2947324417968553,1.1439126919347242,0.983606212593657,0.5487751975346792,-0.20106244288916839,-0.2995249422533378,0.05078143418411235,-0.046803698954376236,0.38971346876678775,0.5993320518306473,0.18554695634906593,-0.20468352361574624,-0.1563874808753226,-0.5162129812388014,1.0443983074545171,-0.39242622961429624,0.849519768340991,F,974.33,PanTheria,Saq,Is,Is,B,Ground,0,ADW
FMNH128387,Didelphis_marsupialis_DIDELPHIDAE_DIDELPHIMORPHIA,Didelphis_marsupialis,NA,NA,NA,NA,1.1694586222732875,1.0370675864487373,1.1103334486348806,1.0656169543985246,0.7849921489007744,0.6922930178076324,1.2474386495085783,1.317256890484,1.0664693859602281,1.226153586730823,1.3198350515319568,1.185083810911245,1.2391499849191745,1.258696092627968,1.3732944386435535,0.5850325664242572,1.1803778194807184,0.06095995019820158,0.08649648817236869,0.015435646212869575,0.17017601708905528,-0.2817725878997798,-0.36254256733777585,0.8970460989401067,-0.009685794580501842,-0.1085084283494633,-0.4277429511611487,-0.7590302218077389,-0.7516743123820684,1.443504984949257,0.9231061653461231,F,1134.75,PanTheria,T,T,T,T,Ground,0,ADW
NMNH35089,Didelphis_marsupialis_DIDELPHIDAE_DIDELPHIMORPHIA,Didelphis_marsupialis,NA,NA,NA,NA,1.3174038888952408,1.2855524739857283,1.1332731644021738,1.2229243460051356,0.9488324885022696,1.0529929951706654,1.3896008908929771,1.6105326324617004,1.2567191341218047,1.3143208283872039,1.4222803668404662,1.7060931534976362,1.446608178579756,1.2127741383983996,1.3320979549592704,NA,NA,0.07975958727197842,-0.010740521980032969,0.14610395538004936,0.5772255548860666,0.6473436620137348,-0.05804532676804934,0.7173050890987233,-0.5244410481757167,-0.46302116455002423,-0.031647138052325066,-0.7800922989362955,-0.14611536006249712,NA,0.9231061653461231,F,1134.75,PanTheria,T,T,T,T,Ground,0,ADW
FMNH153786,Didelphis_virginiana_DIDELPHIDAE_DIDELPHIMORPHIA,Didelphis_virginiana,NA,NA,NA,NA,1.3075165610174748,1.2302021474436318,1.3301661982934696,1.2229407561111627,0.9968471309857532,1.028757681318512,1.3673587448400433,1.5577755665178097,1.1364695135728238,1.4042660306328498,1.4487594770231473,1.4211892001132402,1.4957885584139219,1.1078017869868921,1.231699661120968,0.5427761792531859,1.0458574305326338,0.10466148492024382,0.24984397684388074,-0.07687569918536345,0.49171631396685733,-0.06107013503674349,0.3385085254744482,0.770050440785087,-0.7730755447117673,0.17998438926373792,-0.20710326913552943,-0.7353865663301453,-0.21577360351310193,1.156387183397599,1.2931382311714623,F,2442.08,PanTheria,Sc,Sc,Sc,Sc,Tree,1,ADW
NMNH396183,Didelphis_virginiana_DIDELPHIDAE_DIDELPHIMORPHIA,Didelphis_virginiana,NA,NA,NA,NA,1.2952446729588991,1.3368623295355562,1.2336972620869227,1.1757390948178477,1.005706202179747,0.9664518671966077,1.409424381307049,1.671907770619639,1.2428515144930712,1.2705970387580585,1.4750143768058501,1.7212261334783028,1.4519178468448228,1.335961042452589,1.3666101628556804,0.6637293540511967,1.1447555093616486,-0.18452714145898103,-0.14710220305516944,0.0715173186267698,0.6958357732495911,0.5586361339434842,-0.1401407836016144,1.161249014696557,-0.269577981397527,-0.09687827612345162,0.2596834307352814,-0.8730047220278601,-0.2796203520374579,1.1022846892365863,1.2931382311714623,F,2442.08,PanTheria,Sc,Sc,Sc,Sc,Tree,1,ADW
AMNH133234,Gracilinanus_agilis_DIDELPHIDAE_DIDELPHIMORPHIA,Gracilinanus_agilis,NA,NA,NA,NA,-0.7690670101833362,-0.8336597712646578,-0.8111442290943405,-0.7802423181758869,-1.0630134561014768,-0.7227404002962835,-0.6689343338578799,-0.3735744106310572,-0.65018154005586,-0.3656722038667391,-0.6539950135420508,-1.0884891868595294,-0.5905422995256211,-0.9436308488369692,-0.5839794082461459,-1.5791303797393799,-0.7140885663732509,1.1350254866231626,0.5052603913820932,0.18803316142248555,0.5517063104920834,-0.9167736147636202,0.6237871606227371,0.37067778282801417,-0.8639408190278366,-0.3442019730444004,-0.43286269074431566,0.5210198503476378,-0.4054218974659321,2.1331714447538905,-0.9799557209103075,F,22.03,PanTheria,A,A,A,A,Tree,1,ADW
AMNH206763,Gracilinanus_marica_DIDELPHIDAE_DIDELPHIMORPHIA,Gracilinanus_marica,NA,NA,NA,NA,-0.9561639593569987,-0.9646542157125838,-0.9010083635005358,-0.9515592621360394,-1.2843022021293327,-0.8234671145350296,-0.9423366881495916,-0.7283348868115959,-1.0916700663586245,-0.6953889831179065,-0.7903229428706201,-1.4232808747646524,-0.6840949352631213,-1.0243843418226513,-0.61569718449663835,-1.7085515195002419,-0.6244898764353722,1.3304197050330182,0.3012961509297693,-0.22064558473636475,0.30759807460465804,-1.1839055536022116,1.8271466717409108,0.24600884906821066,-0.6751934126487926,-0.0736147860912207,-0.25208649278503276,0.6927254813918002,-0.287062319304315,2.976536012121428,-0.9426451466881848,F,23.8,PanTheria,A,A,A,A,Tree,1,ADW
NMNH236677,Gracilinanus_microtarsus_DIDELPHIDAE_DIDELPHIMORPHIA,Gracilinanus_microtarsus,NA,NA,NA,NA,-0.9196875787629896,-1.0673097808510739,-1.0505307895911706,-0.9018943382607086,-1.178059216984252,-1.204505857657688,-0.8432305039724336,-0.7051263601070322,-1.0946260828109684,-0.6328332394750703,-0.8392563585629433,-1.2619196462242286,-0.7506080037207589,-0.358872709659302,-0.3520441963606908,-1.710013242138753,-0.5251655086042389,-0.0757408060634209,0.23078071831402844,-0.40860909461374395,0.12956956675346845,-0.9120699310729643,0.7572927165018222,0.09653597763632044,1.0899000334584985,-0.6187190382471652,-0.7395852108679348,0.7418450510513354,-1.285992168827514,3.416475623239188,-0.8422712019895385,F,29.3,PanTheria,A,A,A,A,Tree,1,ADW
FMNH60696,Lutreolina_crassicaudata_DIDELPHIDAE_DIDELPHIMORPHIA,Lutreolina_crassicaudata,NA,NA,NA,NA,0.542422944117782,0.47722145600861055,0.3158184250482836,0.29947014033833347,0.20602214539125385,0.18154161332238802,0.6089817170675393,0.6547478921947613,0.36326124549465566,0.6748704686211955,0.4684173803060765,0.4631312227478842,0.39998502536827607,0.49056351894735095,0.5291737290616776,0.16717862626876145,0.46270388278719726,-0.07510423773072904,0.169011571403042,-0.21159142052229657,0.050431021020764716,-0.10671938928691024,-1.179004913497556,0.49940356448556256,-0.15029627974464205,-0.6861407276305331,-0.2639905098128235,-1.0701340154929448,-0.41305757915878877,0.5517664295808282,0.5776115323000054,F,554.77,PanTheria,Saq,Is,Is,B,Ground,0,ADW
AMNH209163,Marmosa_demerarae_DIDELPHIDAE_DIDELPHIMORPHIA,Marmosa_demerarae,NA,NA,NA,NA,-0.7750916231665159,-0.5950115089880073,-0.7743493586781494,NA,NA,NA,-0.630659395021585,-0.38858854469941306,-0.8456390070512255,-0.49250934836283833,-0.6995844453484138,-0.9803859970395158,-0.5779029569006155,-1.0095900903359323,-0.22004313317210822,NA,NA,3.0026374981767328,0.09927002970656068,-0.31164694469785476,0.41300773322988793,-0.6913900099482634,0.46543630537373654,NA,-1.035296604317933,-0.2159742003587758,0.532374365772498,NA,NA,NA,-0.23871673551002887,F,102.28,PanTheria,A,A,A,A,Tree,1,ADW
AMNH140233,Marmosa_demerarae_DIDELPHIDAE_DIDELPHIMORPHIA,Marmosa_demerarae,NA,NA,NA,NA,0.021806714509451586,-0.04895077071641167,-0.20756649236632924,-0.1748604445327326,-0.38725037356033165,-0.32633452147097375,0.16776075302153334,0.5915379303158358,-0.05540253162020614,0.2888587319077852,-0.014951981293541671,-0.04802427643689656,0.04185452951897195,-0.38362456956680735,0.2288599317016063,NA,NA,2.065310791640934,0.21509779192355294,-0.22408893495728036,1.0250511286186959,-0.20478806859322096,-0.6855244491507237,0.6671410634645959,-1.1554982355058048,-0.7610382951763501,-0.35295675761340556,-0.6778717445155654,-0.6942652720849517,NA,-0.23871673551002887,F,102.28,PanTheria,A,A,A,A,Tree,1,ADW
FMNH43309,Marmosa_mexicana_DIDELPHIDAE_DIDELPHIMORPHIA,Marmosa_mexicana,NA,NA,NA,NA,-0.3433115340425888,-0.5915934394395244,-0.58736205891942594,-0.4931724881154565,-0.7345494117162763,-0.6506202396813364,-0.4132201449204695,-0.3159508943924851,-0.7029571239000066,-0.4400388409674275,-0.4787116417669142,-0.6365887463889055,-0.34618381471485726,-1.0151688155888516,-0.18568534413648963,-1.2999803305084143,-0.29890578329574313,3.207199713552531,-0.2262735351880631,-0.42820048359360463,0.07383128272384425,-0.47183629901171403,0.4859892988346551,-0.3794204245595301,-1.4128846269856465,-0.8455472527858015,-0.999958472454456,-0.3240878218882613,-0.8309682341459104,2.6867069337730274,-0.5934115440512204,F,49.06,PanTheria,A,A,A,A,Tree,1,ADW
FMNH101851,Marmosa_murina_DIDELPHIDAE_DIDELPHIMORPHIA,Marmosa_murina,NA,NA,NA,NA,-0.3859363757894995,-0.4144409373202089,-0.5231615742270902,-0.549224473098867,-1.0326392431381317,-0.6763642713031428,-0.3919014245404202,-0.3159508943924851,-0.6732869625975659,-0.39050815601294425,-0.38428047630443124,-1.0555813103076628,-0.3280733519412489,-0.8004421779249438,-0.18354349821433816,-1.2255462216058626,-0.3136889790028077,2.1525223533994047,-0.16308422184060783,-0.40985668261257957,0.025820483974133678,-1.2076040265134012,0.46171228973595296,0.2212929648555635,-1.0870128466785347,-0.5645335699066225,-0.2507877915901164,-0.3647113699700192,-0.7803706363824409,2.3475229382728156,-0.7391080685783717,F,36.28,PanTheria,A,A,A,A,Tree,1,ADW
FMNH124613,Marmosa_regina_DIDELPHIDAE_DIDELPHIMORPHIA,Marmosa_regina,NA,NA,NA,NA,-0.06642088267211096,-0.18612179562230025,-0.2204531661170605,-0.2711128310289462,-0.576912336858036,-0.29085881870101776,-0.049548127145769186,0.14989028946582975,-0.19931855812184165,-0.011995450413602888,-0.14627825256547614,-0.5501517755753925,-0.03815919266265209,-0.44678556982431566,0.13611099457796666,-1.0605196230552807,0.21296001342217488,1.947913965128374,-0.022361880877327413,-0.10039476076116653,0.3634489001284171,-0.8395254220200561,0.07669246197528722,0.18040250588147932,-1.0035729226524617,-0.5681276180543132,-0.5393510974912973,-0.6752926799814698,-0.3942689194663821,3.926356185770084,-0.16724268580415194,F,118.6,PanTheria,A,A,A,A,Tree,1,ADW
FMNH121547,Marmosa_robinsoni_DIDELPHIDAE_DIDELPHIMORPHIA,Marmosa_robinsoni,NA,NA,NA,NA,-0.5090043895607197,-0.5198759720975389,-0.6549472836880832,-0.6392573448294177,-0.8166092108476182,-0.7048687140022302,-0.462693596395346,-0.369913192777899,-0.6729337072818228,-0.35226080664997306,-0.5341660833221513,-0.9613753607602421,-0.4191940732657678,-0.7252974100418804,-0.26204300112993706,-1.2210470201525623,-0.3485460812432809,1.49927151284105,0.06673063832646663,-0.2806302203010203,0.0584876402076218,-0.8987342085227618,0.36628029094543096,0.17292394887762838,-0.7950129694875894,-0.6053534367225636,-0.20117200282989917,-0.1642824594136567,-0.6655252797008725,2.200975523202044,-0.4916598256213709,F,60.57,PanTheria,A,A,A,A,Tree,1,ADW
AMNH206766,Marmosa_robinsoni_DIDELPHIDAE_DIDELPHIMORPHIA,Marmosa_robinsoni,NA,NA,NA,NA,0.01935862248000524,-0.13973507219551362,-0.2672150725833694,-0.1068111870362466,-0.4025629338340727,-0.14408034165756994,0.1575754348527126,0.5714903778481646,0.03647151396258617,0.4133829982788284,0.010472267425257715,0.022524263108070267,0.049797709494149446,-0.24151072151893865,0.16919526137065571,NA,NA,1.2278847386598766,0.5600081518478179,-0.00888111493487938,0.9933166440527262,-0.11399818108214262,-0.5938858291669061,0.5213745377002942,-0.8915194597145243,-0.9090515477763198,-0.6649876050886143,-0.37603441703881624,-0.37057730842587067,NA,-0.4916598256213709,F,60.57,PanTheria,A,A,A,A,Tree,1,ADW
FMNH169802,Marmosops_bishopi_DIDELPHIDAE_DIDELPHIMORPHIA,Marmosops_bishopi,NA,NA,NA,NA,-0.5898342854793309,-0.8217879200763457,-0.851913038291486,-0.7271960547749249,-1.0429689871782777,-1.0372600424359901,-0.6009973698441233,-0.7085134136092537,-0.7999052163938468,-0.5254526655636388,-0.7071526871794157,-0.8663318820451418,-0.6316263352693058,-0.708340419177597,-0.6671862708163319,-1.1969288464320758,-0.593894794712457,0.059879860121839795,-0.038545786641647234,-0.275952292995118,-0.38974067300590093,-0.49213363286329254,-0.003912559722869539,-0.2350746044724625,-0.3917970106460825,-0.9218922189647614,-0.976168024247702,-0.16062515985647954,-1.245041557631175,1.296082692139706,-1.0388521774433925,F,19.5,Elton Traits,Sc,Sc,Sc,Sc,Tree,1,ADW
FMNH169797,Marmosops_noctivagus_DIDELPHIDAE_DIDELPHIMORPHIA,Marmosops_noctivagus,NA,NA,NA,NA,-0.4758108220601057,-0.53907587267980706,-0.5253999453139009,-0.41911936179650566,-0.6703275702408393,-0.7306407849196902,-0.4431211640413489,-0.22666757195302156,-0.721540136251821,-0.29401694010510787,-0.2898120767686839,-0.6644942212914036,-0.2297961125639907,-0.5746722303864542,-0.32454798907679205,-1.2289958779695922,-0.2625897786749502,0.70031266859923,0.16170946303267777,-0.4105412910551424,0.3660593361698827,-0.8061823529389073,1.3758428336860233,0.24798874651846847,-0.6999620453420322,-0.3241841956577846,-0.3903234178400633,0.7183620438075516,-1.146787986086231,2.557600538494942,-0.6947651970498963,F,39.77,PanTheria,Sc,Sc,Sc,Sc,Tree,1,ADW
FMNH169803,Metachirus_nudicaudatus_DIDELPHIDAE_DIDELPHIMORPHIA,Metachirus_nudicaudatus,NA,NA,NA,NA,0.6549637204177959,0.32276856853322916,0.48475560256275496,0.43125843912525225,0.04015450424206042,0.27320497981655284,0.5529430400276064,0.39046006195278876,0.31331387115278453,0.6162830243830647,0.4461747019405099,0.2120192894255438,0.43223772987243997,0.34647896931594147,0.24496170338136117,0.14482806200578668,0.41490912291171406,-0.4372674636887137,0.1518987137552889,-0.20656933664459923,-0.4058242457210208,-0.5298347987402231,-0.7522258929725443,-0.3916037553796681,-0.4551215111988398,-0.5150911406544838,-1.1493172027097251,-1.0379736579059622,-0.46385873821339035,0.48553447810710154,0.3738568252857901,F,363.77,PanTheria,T,T,T,T,Ground,0,ADW
NMNH303065,Metachirus_nudicaudatus_DIDELPHIDAE_DIDELPHIMORPHIA,Metachirus_nudicaudatus,NA,NA,NA,NA,0.8121840714878317,0.5090729333362255,0.6337011942963627,0.6890655042617662,0.22836552076660613,0.4937889152739992,0.6892519852802389,0.5714903778481646,0.48018553247522544,0.583153011414016,0.6565956875375563,0.3600657640113628,0.6715154136899418,0.553414554481764,0.5330225599798187,0.4142931245226235,0.5022404561560818,-0.24426675644655949,-0.20302362971560584,-0.12439281034191246,-0.30352935731287317,-0.6172283658377026,-0.2700723758081626,-0.5390217593721667,-0.39383181366113873,-0.5168977619546461,-1.042503749611674,-0.6940371981921534,-0.4532955169004207,0.07393874966121325,0.3738568252857901,F,363.77,PanTheria,T,T,T,T,Ground,0,ADW
FMNH169807,Monodelphis_adusta_DIDELPHIDAE_DIDELPHIMORPHIA,Monodelphis_adusta,NA,NA,NA,NA,-1.3272084087333165,-1.1633138537375924,-1.248372304813641,-1.484785995930685,-1.4092978061416066,-1.4036240894476313,-1.1721618707390973,-0.7491640690198378,-1.1035358807036997,-1.148864665886841,-1.31927594648025,-0.9020071838730197,-1.3141944219181705,-1.0953758612879023,-1.0986628862866834,-1.6431507062436939,-1.0762755393473733,-0.02683506502650127,-0.25137925159372615,0.22891277180550548,0.8572783231870835,0.66743439892993,-0.4384535671039898,0.5729203940323964,0.16348968919741533,-0.05560345100229154,0.3789958224544935,0.07846988302951755,-0.6365476214787812,1.1455475008533489,-0.742312469694332,F,36.04,PanTheria,T,T,T,T,Ground,0,ADW
FMNH22178,Monodelphis_brevicaudata_DIDELPHIDAE_DIDELPHIMORPHIA,Monodelphis_brevicaudata,NA,NA,NA,NA,-0.3524825228877493,-0.7573934062956383,-0.21927628375333116,-0.667954187196107,-0.8549557263958651,-0.6212442083155114,-0.2594231930209114,-0.11281062948236809,-0.40787863107125905,-0.17762661972849653,-0.37234493672531144,-0.0629319039573109,-0.3823261542080643,-0.48421554433026254,-0.20764930838793214,-0.8739712973104159,-0.3468178602521441,0.7788416019404076,0.0390910410841474,-0.12659474928669096,0.20824707760123617,0.5056936618411915,-0.5673285736269498,0.872756598581081,-0.5394660886234579,0.28214770341887085,-1.4660307478310068,-1.0107102810964137,-0.38609817186313816,1.0984180190555362,-0.36438512915777527,F,78.84,PanTheria,Sc,Sc,Sc,Sc,Tree,1,ADW
NMNH464978,Monodelphis_domestica_DIDELPHIDAE_DIDELPHIMORPHIA,Monodelphis_domestica,NA,NA,NA,NA,-0.18722968811896548,-0.16407191251158007,-0.42973778841393423,-0.5401749091866689,-0.5671858999127996,-0.5794442161961648,-0.15298370916088103,0.09086965129126456,-0.24932855342240873,-0.03547290686143237,-0.3055594031770571,-0.12242778934319362,-0.30407726659023926,-0.5453413220438804,-0.5646326504399314,-0.7563275679840648,-0.486645381915677,-0.12946481624433495,0.14305954739082177,0.0012463805642216432,0.46920630076515196,0.21706865730197933,-0.7314837578743878,0.5120529919660736,-0.8553792064351592,-0.8219742138638703,-0.026658917119152466,-1.218404607390399,-0.5589984292544343,0.4153738672265505,-0.28230711485223414,F,93.45,PanTheria,T,T,T,T,Ground,0,Wiki
NMNH304647,Philander_opossum_DIDELPHIDAE_DIDELPHIMORPHIA,Philander_opossum,NA,NA,NA,NA,0.64586123366571,0.562123127460019,0.46593692494165984,0.6176939953821063,0.2927673296107541,0.32173022446872657,0.7257451503281607,0.6942802793145484,0.44716221124652006,0.6123250219749972,0.7426569807996086,0.6490753164891852,0.7758543861452568,0.5963186978586196,0.7844249413449882,0.14001814287636868,0.5478637973822452,0.3573891237025105,-0.21210992926568725,-0.2628447503520465,-0.11508663957951133,-0.2540631124960846,0.08019946990588317,0.4549047323627319,-0.45022479706958207,-0.5437480606460514,-0.318872554690965,-0.21399945610082502,-0.7377392881402135,0.8480044050997492,0.44988319484598,F,425.81,PanTheria,Sc,Sc,Sc,Sc,Tree,1,ADW
FMNH121525,Philander_opossum_DIDELPHIDAE_DIDELPHIMORPHIA,Philander_opossum,NA,NA,NA,NA,0.6678723580675949,0.5992398032624887,0.7951650422891476,0.6414639234561962,0.333807720004379,0.7048450419005108,0.7966239859293118,0.8874759921381017,0.672644901692028,0.608354342874309,0.834372005250758,0.9023743093437784,0.8688926917431489,0.8175613444648934,0.8627983405394437,0.3231579880481056,0.7484705436536885,-0.09063657235310708,-0.3528038708284501,0.07781847179158484,0.1767674450944432,0.07950125792917195,0.1822475336471467,0.8131890324103657,-0.11224750899964911,0.43550434859448744,-0.2600891814564383,-0.21578042874052936,0.2849251980600631,0.9123174704287998,0.44988319484598,F,425.81,PanTheria,Sc,Sc,Sc,Sc,Tree,1,ADW
AMNH262406,Thylamys_pallidior_DIDELPHIDAE_DIDELPHIMORPHIA,Thylamys_pallidior,NA,NA,NA,NA,-0.9332818409439851,-1.0090717583082112,-1.0260220578348163,-0.8976234976781716,-1.1994696061725734,-1.1734043309240199,-0.8069617165642413,-0.7803323726770554,-1.1020465416854863,-0.700574073263733,-0.7440037289597053,-1.2418905472250445,-0.6779916735793002,-0.9898526618394575,-0.9385380534159522,-1.550906049048028,-1.0024498351080677,0.12044060609162842,-0.007174066011908939,-0.4855523217989234,-0.1244954066398953,-1.0093514784970155,0.9639288270918972,0.5157477258366301,-0.7382489607413457,-0.514180458484466,-0.4936908639844091,0.8408762180253073,-1.2308023135921689,1.099637696564666,-1.1546990799932328,F,15.34,PanTheria,Sc,Sc,Sc,Sc,Tree,1,ADW
UWBM49057,Thylamys_elegans_DIDELPHIDAE_DIDELPHIMORPHIA,Thylamys_elegans,NA,NA,NA,NA,-0.9723475991655722,-1.000159456072534,-1.0505307895911706,-0.950275722256023,-1.1926167019632177,-1.019993406981869,-0.887837376509192,-0.7998363792431021,-1.00882402655123,-0.8588669814555329,-0.7730784997552669,-1.1490304509735625,-0.7468966857535545,-0.9650037303154478,-0.7987731781886706,NA,NA,0.47188910167222736,-0.1908660265568933,-0.15473020767998932,0.006966793635853538,-0.8406904222445375,1.0609436148360551,0.47847728243750914,-0.5311770809654075,-0.4781394759679776,-0.3257038495224079,0.7903712111395068,-0.7963096544845768,NA,-1.0030732440423082,F,21,UWBM specimen label,Sc,Sc,Sc,Sc,Tree,1,ADW
UWBM49000,Thylamys_elegans_DIDELPHIDAE_DIDELPHIMORPHIA,Thylamys_elegans,NA,NA,NA,NA,-0.8455288486174072,-0.9055230800438497,-0.8528767461499045,-0.8483765390623474,-1.1684490655723074,-0.9370841728938978,-0.7409227019446091,-0.5918353629496199,-0.8776288527777237,-0.5658032263646768,-0.6514170136379497,-0.7727860082433569,-0.6092527495278273,-0.8793077189982903,-0.7659132322796347,-1.614398926110375,-0.8965090984192944,0.29559112515105435,0.16554542133151987,-0.16761830378223805,0.16626820499350936,-0.4217817645233466,0.9606424040102185,0.606218603025965,-0.6445213358373137,-0.2511048510298815,-0.42615372495638126,0.6001568608500988,-0.8027259912429945,1.6200172185124888,-0.8641818749789701,F,28,UWBM specimen label,Sc,Sc,Sc,Sc,Tree,1,ADW
FMNH119486,Thylamys_elegans_DIDELPHIDAE_DIDELPHIMORPHIA,Thylamys_elegans,NA,NA,NA,NA,-0.8040445687926934,-0.8435674377532479,-0.8880616343297675,-0.7612394780429158,-1.0771526131988067,-1.086018361069644,-0.6750328443180634,-0.649833341753329,-0.8407886382784805,-0.53087829018255706,-0.6105813552734478,-0.9654267891899313,-0.5588688427313793,-0.8384218648065046,-0.6476547179235519,-1.4934607199065777,-0.8238462994743947,0.536023508605645,0.1048278872850895,-0.21870824672406589,-0.11577166637961511,-0.7985268255833735,0.8480230059686455,0.5283476587566733,-0.6769609186632621,-0.47143519960685826,-0.34658741843582097,0.8122955412929266,-1.285364868263275,1.475731361283629,-0.8489076592328072,F,28.9,PanTheria,Sc,Sc,Sc,Sc,Tree,1,ADW
UWBM68896,Acrobates_pygmaeus_ACROBATIDAE_DIPROTODONTIA,Acrobates_pygmaeus,NA,NA,NA,NA,-0.9843346159839801,-1.2408404077496815,-1.311588066723803,-1.077472791668979,-1.5595786616948215,-1.5456796429288957,-0.9444369594809887,-0.9218603645023249,-1.213496433264683,-1.0227273662901457,-0.9069398197349297,-0.7209506286945628,-0.8687426356678382,-1.319422179863022,-0.5646326504399314,-2.143350203768755,-1.552738468314348,2.886835744572039,-0.41688282999511983,-0.45404069520968104,-0.14575897955187414,0.16229726503191044,0.6869740155502209,0.3184824920990067,-1.0641755203105168,-1.1271704111225178,-1.0968782145864528,0.22425844668198716,-1.6417510138934597,1.1702261894878803,-1.304411613010226,F,11.25,UWBM specimen label,G,G,G,A,Tree,1,ADW
NMNH142097,Aepyprymnus_rufescens_POTOROIDAE_DIPROTODONTIA,Aepyprymnus_rufescens,NA,NA,NA,NA,1.5560552657161864,1.646665751716254,1.5944923093043177,1.7855026739114748,1.3091116421279276,1.7320181127648733,0.579928016879127,1.0231837376856365,0.5874549178705222,0.9370373952867455,0.7785721270046925,1.2279057286401702,0.6850701195543891,0.47388599220698124,0.05070475378079905,2.378854611504556,2.4099878900409175,-1.1822583685723107,0.9504752096017053,0.35807220814845553,1.1390007614418025,1.012683931115358,0.4252694470011278,-3.9559951774641275,-0.46625621655216054,0.2750205046913033,0.5054746467274691,0.5851296184571596,0.5050743473365977,0.08242825534333197,1.3609441645293887,F,2810.31,PanTheria,Sal,T,T,T,Ground,0,ADW
UWBM80681,Dendrolagus_matschiei_MACROPODIDAE_DIPROTODONTIA,Dendrolagus_matschiei,NA,NA,NA,NA,1.8995245598259936,2.1770387673375713,2.113908470791238,1.8509074810898472,1.902493420832515,1.798904440708628,1.9574236088262504,2.1642080609187726,1.7085515083322633,2.116076370611901,2.021679220432533,1.791790499932914,2.059104785083499,1.6171931490230662,1.7434472691596206,1.6346111285667733,1.7258481954049525,0.056115557852778726,0.6998418544818824,-0.032637887145474484,0.6019579319991928,-0.3969690685843013,0.03196743916200382,0.6504822101451616,-0.8764979519733841,0.9917849728875197,1.4333371721973545,-0.8256749874617295,0.5461478053061577,0.16652368191732803,1.88340775673993,F,8293.4,PanTheria,A,A,A,A,Tree,1,ADW
FMNH60927,Hemibelideus_lemuroides_PSEUDOCHEIRIDAE_DIPROTODONTIA,Hemibelideus_lemuroides,NA,NA,NA,NA,1.051510688284546,0.8505909737623776,0.782841126003706,0.7813233776832439,0.35881416507873226,0.8590169592204117,0.9657727900908765,1.0467582532525759,0.5130577419703709,0.7783664414144358,0.9229006921673166,1.083057717607247,1.0359842944448754,0.47467857337084346,1.1904420037244001,-0.12807600380525475,0.8623421642015295,2.384069389401278,-0.3234369323846248,-0.5619549631652131,0.1694713069446429,0.29253589104565897,0.12545954720324942,0.023075172763877924,-1.1737019903561199,-0.7326150402879658,-0.6818974952010377,-1.363219519439043,0.40577881086167794,2.7901168398423297,0.858970276599103,F,993.59,PanTheria,A,A,A,A,Tree,1,ADW
AMNH65501,Hemibelideus_lemuroides_PSEUDOCHEIRIDAE_DIPROTODONTIA,Hemibelideus_lemuroides,NA,NA,NA,NA,0.9953118962488707,0.9678980858272959,0.8113270514899854,0.7937888751547753,0.6586228221232295,0.5556513176553654,0.9192838981901736,1.0496423950637024,0.569097423567103,0.991302216920223,0.9874088989438189,0.8856269910090884,1.0086860251324734,0.4791610753954586,1.2755424884330588,NA,NA,2.763349585825357,0.245836058149419,-0.3786213039147459,0.2874737275217406,-0.24835468881243872,0.24358482217701438,0.2262231831082343,-1.1027390913481983,-0.5072796494527105,-0.05910498677322046,-1.081591848092969,-0.5218878669707036,NA,0.858970276599103,F,993.59,PanTheria,A,A,A,A,Tree,1,ADW
UWBM72838,Macropus_robustus_MACROPODIDAE_DIPROTODONTIA,Macropus_robustus,NA,NA,NA,NA,2.432432260508965,2.5965126829427994,2.590825185240544,3.1203269482184703,2.3027932780334717,2.829846098086102,1.8683852887645975,2.1362092642520203,1.703182830525894,2.1818085967128416,2.22412995357223,2.0213699167732195,2.31378941173044,1.3477509068339195,1.7434472691596206,3.2495039737788693,2.828385399167625,0.9572907176806021,1.143140008140919,0.1432934732177237,0.7648036461731406,-0.3310327226310152,2.160115401698021,-3.1654269039171177,-1.4864702539984234,0.8725430899540202,0.9757983989164936,2.711816728349526,0.4249303167996665,-0.7425391341865013,2.4346749760242155,F,25978.92,PanTheria,Sal,T,T,T,Ground,0,ADW
AMNH7044,Macropus_antilopinus_MACROPODIDAE_DIPROTODONTIA,Macropus_antilopinus,NA,NA,NA,NA,2.588254684910579,2.6921483476137684,2.63157486159555,3.2507465483731623,2.410418447797884,2.8995400497250885,2.248684904587373,2.5870796005793197,2.2185709424148197,2.6112296050031465,2.721926047547375,2.657715365788999,2.7147368200944526,1.698356381506181,1.9123101228595767,3.4729620219153445,2.983135161528258,0.31042515659267816,1.4076401323707395,0.5401004380001436,1.0227377303713932,-0.016598475535817673,2.1737199764728974,-2.017834104347424,-1.530227689977907,0.46888430425353295,0.7258536202917673,2.4528082878360467,0.29306334364401704,-0.8436415130494378,2.4577389223688697,F,27250.1,PanTheria,Sal,T,T,T,Ground,0,ADW
AMNH445,Macropus_eugenii_MACROPODIDAE_DIPROTODONTIA,Macropus_eugenii,NA,NA,NA,NA,1.7083749773822283,1.8489943451232693,1.7079639625233594,2.195622658120619,1.5684330904539039,1.96490769933722,0.9516759346304249,1.1487669208611075,0.8476892948925158,1.0759511314256907,1.4448607961911504,1.2047403666060184,1.4756646547870653,0.8274547296094704,0.9973988257027003,2.497559338671407,2.1092403205440853,0.2744988715278087,0.38421356603712054,0.14712008768352727,0.4643125915119267,-0.4616111840127845,3.0507004512100053,-3.198375439143023,-0.9348481027830992,0.16788885346318688,0.7496728109415366,1.909983160519095,0.13931993947651644,-0.72645250005694,1.6652705838773108,F,5278.48,PanTheria,Sal,T,T,T,Ground,0,ADW
AMNH35751,Macropus_parryi_MACROPODIDAE_DIPROTODONTIA,Macropus_parryi,NA,NA,NA,NA,2.2443512441008515,2.307700576575336,2.2791520645558325,2.8457567847226026,2.0480782312784256,2.6169319995116083,1.866420009455032,1.8279169793367298,1.5384849772513247,1.8651493220472786,2.2350617446078545,1.7324665344425607,2.2789652837017242,1.4835942318803614,1.3272700045411907,3.1959856940795515,2.6710847443144425,-0.6772399747440543,0.2566093120722843,-0.2126104148245572,-0.026364831564965278,-0.8242813854308244,1.9367961669211242,-2.3052213880183077,-1.2407194840307958,0.3789751066877005,0.4939235839345529,2.2823153119541324,0.4850548221994609,-0.9124538159075696,2.086471895924072,F,12629.83,PanTheria,Sal,T,T,T,Ground,0,ADW
AMNH35735,Macropus_giganteus_MACROPODIDAE_DIPROTODONTIA,Marcopus_giganteus,NA,NA,NA,NA,2.4134912162439006,2.621521563754311,2.4925127027227596,3.4087319186937113,2.6351256798791156,2.9025892976798846,1.9381660636563696,1.9135927265526058,1.6289494886993379,1.8210823704774723,2.63875579185617,1.883312341585646,2.7465762459422236,1.7794215848494874,1.7692347034441411,3.8207520795374914,3.097157369084069,-0.3384106137981602,-0.0035715253671275075,-0.164293426094841,0.012447623002336847,-1.1414936267855544,4.982615358803955,-2.788882508862643,-1.2338117417621908,0.5678856826757567,1.1814072394416373,4.932122763758378,-0.10765765693938288,-1.1748286003914385,2.556129951061635,F,33409.89,PanTheria,Sal,T,T,T,Ground,0,ADW
AMNH197029,Macropus_irma_MACROPODIDAE_DIPROTODONTIA,Marcopus_irma,NA,NA,NA,NA,1.9119149702241487,2.1023530521658875,2.104339670820832,2.5759742160013746,0.7271253623106846,3.3159143484858444,1.041299543944618,1.3338372991300678,0.9346661100196973,1.3466289302407686,1.685610121015206,1.298980333626975,1.7424765645650182,0.8203224822619329,0.6098744867299585,2.94187927165909,2.3573038486467683,-0.7469017880718245,0.9083919765199636,0.15454051341448477,0.739012834939654,-0.6859540034292863,4.433356126906086,-3.568278227708842,-1.280006565181938,0.9069056559161768,1.0122148385665601,2.8887994932202927,5.169573310804138,-1.0149882486239932,1.8660182287407536,F,8000,PanTheria,Sal,T,T,T,Ground,0,ADW
FMNH198909,Petauroides_volans_PSEUDOCHEIRIDAE_DIPROTODONTIA,Petauroides_volans,NA,NA,NA,NA,1.4449579473849967,0.9365771144552171,0.7359607648054299,1.2773765082581687,0.5541693936601427,1.0224170336533611,1.3983628055652035,1.0128962380187758,0.5706814226682629,0.824769808978324,1.2376627285993687,1.2033653496430607,1.2389674993915503,0.3688064994406975,1.4614678038998645,-0.08681861883584484,0.8470225121375689,4.38923871326068,-0.9360336318913043,-1.0990176290114602,-0.7561265986262257,-0.09422168313845107,-1.1296376529005152,-0.3170038392689566,-1.7991990450068722,-1.6885381380709323,-1.5741370864773419,-1.1208188983056904,-0.36085061633209703,2.5681331827703096,0.9725688651125333,F,1257.17,PanTheria,G,G,G,A,Tree,1,ADW
AMNH65361,Petauroides_volans_PSEUDOCHEIRIDAE_DIPROTODONTIA,Petauroides_volans,NA,NA,NA,NA,1.4496997705396037,1.043582606464612,0.9064433029963712,1.3146433103501791,0.7613937001901931,0.7691646806458178,1.4986953352931445,1.062066676542313,0.8359826604341737,0.8950078365283247,1.394686638904027,1.2422867867072236,1.367836007067838,0.4804766233864443,1.5651544575015486,NA,NA,4.316571904290879,-0.9687927814365752,-0.8518868552585779,-0.8359062148804788,-0.30824794741053696,-1.0207587840994021,0.28816992381581236,-1.7976060300133392,-1.3488540603667516,-1.285253007102303,-0.9955047189465763,-1.054695499056825,NA,0.9725688651125333,F,1257.17,PanTheria,G,G,G,A,Tree,1,ADW
FMNH60908,Petauroides_volans_PSEUDOCHEIRIDAE_DIPROTODONTIA,Petauroides_volans,NA,NA,NA,NA,1.428939403569756,NA,0.8086914632130685,1.297485380804548,NA,NA,1.3697851329723134,0.9381208270756237,0.5584863433263324,0.7902872375556713,1.2291044733893306,1.1955011340420885,1.2013807291272853,0.5155190908965821,1.4724077992734643,-0.09467989823133888,0.9351831648191008,3.58121898233291,-0.9484569024840266,-1.0793616329910396,-0.8363699426501685,-0.0936149371955157,-1.1643289002042254,-0.4223883997369515,-1.5583938161688586,-1.5139737266552922,NA,-0.9731919697410302,NA,2.9579931828510446,0.9725688651125333,F,1257.17,PanTheria,G,G,G,A,Tree,1,ADW
FMNH129430,Petaurus_breviceps_PETAURIDAE_DIPROTODONTIA,Petaurus_breviceps,NA,NA,NA,NA,0.03934315019609884,-0.2233810510210778,-0.24302165209019652,-0.045346050000249334,-0.5347369081635267,-0.36116899944772374,0.11422584015123019,0.0328643474972637,-0.2935305253462038,0.022697561112202884,0.28395970824957395,-0.1455652242425122,0.3889303303217874,-0.282360719033896,0.35833396870723494,-1.1292926499477771,-0.2515451876253284,2.172637946458898,-0.2706184072918721,-0.5802614100748731,-0.27639468601208905,-0.8481901872988306,1.594131468640579,1.049518190414218,-1.226900813662158,-0.8959467613678396,-1.002409727760455,-0.2009997897418532,-1.0279552086407857,2.2308387178885773,-0.15852890923631147,F,120.76,PanTheria,G,G,G,A,Tree,1,ADW
NMNH297823,Petaurus_breviceps_PETAURIDAE_DIPROTODONTIA,Petaurus_breviceps,NA,NA,NA,NA,0.20273134870195986,0.044301265055506134,-0.04879598835258183,0.06249355775897171,0.02301321523847275,-0.07537900813370861,0.2856132485691202,0.26683600653215944,0.0038309600586126737,0.09149642862980284,0.3669848525007448,-0.23235299172407564,0.45606340603906226,-0.2505322846602619,0.44033088681985766,-0.8504396828028512,-0.20410575278731752,2.3934225665474824,-0.4456177423473962,-0.325894993440321,-0.1266389974395659,-1.075719245454651,0.8905697037694309,0.9799817024225002,-1.3601953114934293,-0.7961466433199155,-0.6403261327911426,-0.5145098070614434,-0.5648169895822029,1.4647702623513117,-0.15852890923631147,F,120.76,PanTheria,G,G,G,A,Tree,1,ADW
AMNH35763,Petaurus_norfolcensis_PETAURIDAE_DIPROTODONTIA,Petaurus_norfolcensis,NA,NA,NA,NA,0.257150012970929,-0.06980202636778704,-0.15503750011211065,0.20656104535668776,-0.24309919108414763,-0.34778337599221837,0.3173198013031975,-0.009539872420667984,-0.07482756070690491,-0.03729741528007257,0.5166631756701668,-0.12570916897230597,0.636945538585793,-0.1853770297327114,0.4949264196451157,-1.1445370121137892,0.18058682608659576,2.33416346138275,-0.7283221837905509,-0.5290861536173255,-0.7307251810135772,-1.1217280483900944,1.8239724008433835,0.9748383330332482,-1.4263723193883948,-1.1846192943529508,-1.176447103497783,-0.14347719912714849,-1.4295336324619374,4.169233838205084,0.1525232376523181,F,230,PanTheria,G,G,G,A,Tree,1,ADW
FMNH46005,Petaurus_norfolcensis_PETAURIDAE_DIPROTODONTIA,Petaurus_norfolcensis,NA,NA,NA,NA,0.4994724985600818,0.18854704681194076,0.16813323282574044,0.4530646391604732,-0.08418407209213662,0.3693673846606237,0.5226444669566556,0.3443439983163373,0.09260124877050684,0.4163413336614335,0.6808548045569102,-0.23235299172407564,0.8105686973140108,-0.0016528329655979214,0.7319064025090675,-0.6640952044241306,0.28170566540801256,2.5486984499811407,-0.23200991706176788,-0.5727758809735335,-0.4396305404770183,-1.4221962174614082,1.5498232328342307,0.6156885589688199,-1.425050954075937,-0.9627487387668106,-1.101287493644697,-0.2314402783508239,-0.2513738821103129,2.5451318400372283,0.1525232376523181,F,230,PanTheria,G,G,G,A,Tree,1,ADW
AMNH65226,Petrogale_inornata_MACROPODIDAE_DIPROTODONTIA,Petrogale_inornata,NA,NA,NA,NA,1.6008727278142256,1.6239038330866178,1.5026548918955485,1.8157109003517538,1.3628469549548954,1.681008792628743,0.9250878595099454,1.0959474894979628,0.7089870092016128,1.1340752092611814,1.1508538446723071,1.0583397277556612,1.1307550542956866,0.691786492029642,1.1591560179264364,1.9439023091719954,2.0715064774160323,1.3110525755122036,0.6040684202275197,-0.10677876901246229,0.3922181921725061,-0.21638425317021043,0.9134760999204133,-2.9619433166849904,-0.8211230767501982,-0.16522675831850292,0.22815246323003638,0.4903705629438875,0.2513536250030083,0.27347786769513216,1.5941556576570495,F,4555.52,PanTheria,Sal,T,T,T,Ground,0,ADW
AMNH197579,Petrogale_lateralis_MACROPODIDAE_DIPROTODONTIA,Petrogale_laterralis,NA,NA,NA,NA,1.5972048963111372,1.5399500934391364,1.5973480192715321,1.9981324456998577,1.33063723835713,1.7598170348016784,1.0621520755316498,1.1234512940463752,0.8176743746649431,1.1221887016502732,1.3545963036797815,1.073557251278124,1.4261680359942432,0.8121248115111549,0.8742174592638607,2.026908394616306,2.033447975397312,-0.04244841822334723,0.24517464202658598,-0.14795475076756318,0.13123585985223238,-0.5387078116720047,1.876130915063001,-2.6856549101817735,-1.0023652436064787,0.15161423979334634,-0.09135948560391857,1.4750224191274346,0.018619704048346553,0.004124651835985347,1.5954637984113063,F,4567.88,PanTheria,Sal,T,T,T,Ground,0,ADW
AMNH3837,Petrogale_penicillata_MACROPODIDAE_DIPROTODONTIA,Petrogale_penicillata,NA,NA,NA,NA,1.9406849655945113,1.995897713565818,2.0013876577591216,2.3717956819815234,1.7667418923611493,2.1785481181577087,1.4149305354169925,1.4593539636431532,1.206704235079219,1.3819967145242968,1.6731709384367237,1.4800422101341917,1.7129101283864292,1.0185078579063196,1.2335110915375471,2.4704586665451647,2.4425504616680627,0.39261168956539,0.09136736819805084,-0.02080683313991784,0.1251495721988886,-0.35952605930668696,1.3341291711284193,-2.7585344153710047,-1.184301944677127,0.4185069944369047,0.4128650746017606,1.4555525457930247,0.35027737794073543,-0.04085651049789921,1.7968091914829538,F,6931.6,PanTheria,Sal,T,T,T,Ground,0,ADW
AMNH70326,Petrogale_xanthopus_MACROPODIDAE_DIPROTODONTIA,Petrogale_xanthopus,NA,NA,NA,NA,1.740981126465553,1.8531629109851562,1.7079639625233594,2.178516022905689,1.5486176815843293,1.792970406683297,1.1255706335046738,1.1807179169416975,0.9860147187495858,1.1986122530080907,1.4657915280924305,1.3053774998557637,1.4677284925270184,0.8049106780410286,0.7628572034973121,2.288019701465943,2.2482016304446355,-0.32698839538578467,0.2903619495229955,0.09105885546072308,0.12263638570551078,-0.31704249383557903,1.7104043020650939,-2.9345906278391665,-1.1063591331684266,0.06475519433691358,0.6282571675984995,1.6025789004433952,-0.3239322062420915,-0.07835958815626347,1.8952869045729477,F,8499.99,PanTheria,Sal,T,T,T,Ground,0,ADW
FMNH60402,Phalanger_gymnotis_PHALANGERIDAE_DIPROTODONTIA,Phalanger_gymnotis,NA,NA,NA,NA,1.3875589096188912,1.5663594113816182,1.5561884543489657,0.9938962307580109,1.1829807356448594,1.3063297595132202,1.2448442771083306,1.613869122940375,1.239438360357716,1.3732489093386473,1.3159098934566558,1.6167736159737018,1.3170300845496585,0.9325845826054483,1.439885108634598,0.09514130769652285,1.2975064226270434,1.4304749943234005,0.4576030550602039,0.43466312696059284,0.9912615585047616,0.6785825455212061,0.06168207834263992,0.37546892766169443,-0.8308811854589626,0.7164239826976222,0.8711449375194199,-1.9127593453550593,1.4090848880948088,3.755806939867565,1.3229988115992355,F,2597.89,PanTheria,Sc,Sc,Sc,Sc,Tree,1,ADW
FMNH104931,Phalanger_orientalis_PHALANGERIDAE_DIPROTODONTIA,Phalanger_orientalis,NA,NA,NA,NA,0.9258101181675181,1.1865422750418095,1.013786490711943,0.5442891208407582,0.7917217137970365,0.7616879192096764,0.7843213480780301,1.2010713433467943,0.712411072491845,0.87563403876361,0.8204593871942045,0.8612634776944723,0.8205342535201292,0.5724610135498429,1.171511353719575,-0.28897140930084525,0.6415524688696755,1.85597959811879,0.2661849874013175,0.19698390120991346,1.0814030507778547,0.02062137554650437,-0.010297549366129012,0.2168241337707044,-0.613756537585619,0.3407702090434966,1.1793651286716444,-1.7178559157420452,0.7606504076858077,2.5306266597672504,1.30203519770014,F,2487.5,PanTheria,A,A,A,A,Tree,1,ADW
UWBM68907,Phascolarctos_cinereus_PHASCOLARCTIDAE_DIPROTODONTIA,Phascolarctos_cinereus,NA,NA,NA,NA,1.8422604580261286,1.7693612843961652,1.690841189126909,1.468107066450792,1.3924455168066021,1.3764587888003519,1.8715237990038947,2.068027220117832,1.6682719626156157,1.9203155771911704,2.1083930174666503,1.6626074174312349,2.1663182902067613,1.542225024064388,1.729919718102721,0.888129330333856,1.2044480779134277,0.24756647174979243,0.3840381047822824,0.056448481488186764,0.5639524904851243,-0.7477060675540461,1.173931791755506,2.031849109680472,-1.0398029438266163,-0.291953517538329,-0.117839789049372,-1.9954677338451512,0.21126706749973803,0.6634578465674739,1.7724759750037993,F,6590.9,UWBM specimen label,A,A,A,A,Tree,1,ADW
UWBM68922,Phascolarctos_cinereus_PHASCOLARCTIDAE_DIPROTODONTIA,Phascolarctos_cinereus,NA,NA,NA,NA,1.9831006687035553,1.7820614635466334,1.7655293363597104,1.6290762347480099,1.390653683825389,1.5028586421862562,2.012189803581129,2.18290738329603,1.680929447425542,1.885964136218403,2.2680114655699817,1.7333990604537441,2.301450252004224,1.918777800301304,1.9971585011874051,NA,NA,-0.11238030198391402,-0.010518326696769532,-0.1999925229410864,0.5093109885466922,-0.8687304119120985,1.0971365039956114,2.0523860027494383,-0.5544925241151338,-0.4661956746704886,-0.5678440642271297,-1.9746877869028223,0.1831879586081351,NA,1.8702243071630231,F,8070,UWBM specimen label,A,A,A,A,Tree,1,ADW
UWBM35465,Potorous_tridactylus_POTOROIDAE_DIPROTODONTIA,Potorous_tridactylus,NA,NA,NA,NA,1.0716938139951506,1.0153432127858846,1.1414401553588525,1.1012125747658064,0.8729203073909516,1.312473255514061,0.4187389379758752,0.5638918386074685,0.38453560225658595,0.45907421872606635,0.7733080523472096,1.0005085445510906,0.7396516668485013,0.6507047651858864,0.08054527523247289,1.064387816759446,0.7305804706405252,-1.47686823090039,0.07176558854171286,0.23025141590457418,0.27342153064919517,0.4336685906131325,1.7994116018831774,-2.283507442276235,0.08266508102312,0.30193859560061553,-0.1596834627727727,-0.14209201621574163,1.0717911147269616,-0.7090866801956391,0.8877731080662579,F,1054.67,PanTheria,Sal,T,T,T,Ground,0,ADW
AMNH65431,Pseudocheirus_peregrinus_PSEUDOCHEIRIDAE_DIPROTODONTIA,Pseudocheirus_peregrinus,NA,NA,NA,NA,0.7893144527480396,0.7513637423695783,0.5906492234362104,0.590016462753829,0.4539186942521734,0.38330971136973463,0.7303142565042939,0.8458524422435303,0.48866013554645593,0.8889679641991095,0.7879988132806379,0.6240463575395518,0.821606596520641,0.25171381214967703,0.9363663145788161,NA,NA,2.2803693823679017,0.42629930671616356,-0.18699593600414333,0.23100232977979235,-0.3800908003440372,0.3057438060942563,0.27008734156806224,-1.1804999634816187,-0.5766769902073933,-0.1279892165617338,-0.9936980907540264,-0.524853940187387,NA,0.8086364473255924,F,895.22,PanTheria,A,A,A,A,Tree,1,ADW
UWBM41986,Pseudocheirus_peregrinus_PSEUDOCHEIRIDAE_DIPROTODONTIA,Pseudocheirus_peregrinus,NA,NA,NA,NA,0.8037674775369337,0.9366824306587793,0.7712128338113202,0.6105127384619379,0.6683383953296814,0.5271648196484536,0.7915478271539346,1.0382432596305853,0.6935226194638155,0.906147267910381,0.7856479718616922,0.6695870624103964,0.8307649659921486,0.2748893113430985,0.8556984224213048,-0.42642971729349644,0.5347036352316508,1.8258605394638643,0.3260030220086697,0.13677163751241203,0.5811929968570388,-0.2925772175560855,0.003925619395305376,0.32959654786634807,-1.2000737828671795,-0.0806747922606074,0.5724325318753208,-0.9753806062379111,-0.17877349262857978,2.634733194049682,0.8536495118441378,F,982.7,UWBM specimen label,A,A,A,A,Tree,1,ADW
AMNH160041,Setonix_brachyurus_MACROPODIDAE_DIPROTODONTIA,Setonix_brachyurus,NA,NA,NA,NA,1.526217214030825,1.5145465720120426,1.6586163329664712,1.5706968076265992,1.2327001416410506,1.738249593320612,0.8850115004447086,1.0738589361483135,0.6546295008149783,1.025341931182041,1.1982309215209672,1.3015428069814319,1.1966643716514782,NA,NA,NA,NA,NA,0.4116112172038947,-0.14252654954709837,0.43521336805288213,0.1927289690315787,1.5882594106444872,-2.3372849015343022,NA,0.6058345765756733,0.07722271997192112,-0.274651012886836,1.1949431195425322,NA,1.3969116664744359,F,3027.67,PanTheria,T,T,T,T,Ground,0,ADW
FMNH121595,Spilocuscus_maculatus_PHALANGERIDAE_DIPROTODONTIA,Spilocuscus_maculatus,NA,NA,NA,NA,1.5201560914213117,1.7224696112673363,1.6611971963474943,1.1489500618671817,1.3168789346992718,1.2937287566742477,1.5748357809802764,1.8161337307574013,1.2770129388815163,1.5896537683795773,1.6239728769374828,1.6737558086246256,1.6804434860431041,1.2685452591526485,1.8336303255864637,0.5309303463307663,1.4344523055142775,1.6099214398997421,0.23733583649130363,-0.1896535022195018,0.6549146028779573,0.11813161303918414,0.1554656682574057,1.4804469753959004,-0.8334452727432393,0.636875202594963,1.002284916490729,-1.881124369654795,0.8487465147179791,2.5239638295814886,1.538613310089408,F,4060.46,PanTheria,A,A,A,A,Tree,1,ADW
AMNH65153,Thylogale_stigmatica_MACROPODIDAE_DIPROTODONTIA,Thylogale_stigmatica,NA,NA,NA,NA,1.889876147711374,1.824762079387335,1.8000857790117608,2.2783093895860236,1.5673980940747163,1.995605006341133,1.561131242460929,1.5934332127432353,1.2779927487932479,1.4553317778331263,1.7789290634390194,1.6003243237906044,1.883299381076817,0.980954655561359,NA,2.364742782636248,1.820428671019972,NA,-0.04764662023259816,-0.1610047903435026,0.11032930002088802,-0.32412675155226245,1.442143302823947,-2.001091121397781,-1.4918556341322142,-0.09485551933122863,-0.08136663676313839,1.2468169553708695,0.01982415054798675,-0.981412739302335,1.5894645149061897,F,4511.47,PanTheria,Sal,T,T,T,Ground,0,ADW
AMNH65131,Thylogale_thetis_MACROPODIDAE_DIPROTODONTIA,Thylogale_thetis,NA,NA,NA,NA,1.6372581565238187,1.401777821663075,1.585886818980865,1.9843658093251353,1.4760790795535745,1.5775628549882748,1.0739921846359228,1.2332890980348112,0.9783965290177107,1.175947028564372,1.429125393263456,1.2730868885759699,1.4702496529636702,0.6071337219603476,NA,2.4574130196349597,1.820428671019972,NA,0.35270351556380253,0.1854776858506172,0.3778666911437121,-0.31206209437352245,2.0904814454979106,-2.543602129633289,-1.3997755070360298,-0.011378950722547363,-0.7280044809841989,1.1567070606746406,-0.46514639682663483,-1.1126650083480618,1.6762548947428029,F,5399.95,PanTheria,Sal,T,T,T,Ground,0,ADW
FMNH60935,Trichosurus_vulpecula_PHALANGERIDAE_DIPROTODONTIA,Trichosurus_vulpecula,NA,NA,NA,NA,1.2634506001429011,1.1826262632265545,1.0516675328511196,1.0552507363992272,0.6986077007731046,0.9253027471940767,1.2559957945705107,1.2929586202375167,0.9456925051445666,1.1007445679522871,1.3956758895838997,1.1905107619752604,1.3899698400014462,0.9147027502775447,1.3365489972679285,NA,NA,1.1098756258806708,-0.2086665034970934,-0.2573398828504124,0.09182969556425374,-0.4040330180108839,0.40053020497332165,0.9064004115568348,-0.9443631648021407,-0.5489716850716101,-0.22619242093606998,-1.2084361837605038,-0.10767784034561484,NA,1.3389920567076248,F,2685.39,PanTheria,A,A,A,A,Tree,1,ADW
NMNH221114,Trichosurus_vulpecula_PHALANGERIDAE_DIPROTODONTIA,Trichosurus_vulpecula,NA,NA,NA,NA,1.5283515100986007,1.5111667279920942,1.4169305058831088,1.366534158903669,1.1526772847906661,1.131370486145018,1.463677721034613,1.5679386163549753,1.2914817792195592,1.6335932847591894,1.5850142182086275,1.383508263137931,1.6050732288150062,1.304244921913873,1.7089195739845846,0.4035465505632907,1.1900536003920117,0.9951315299901307,0.6180999969569364,0.06675522478774717,0.2774767666328539,-0.38195449325977066,0.3848422970151006,0.39074884852493774,-0.5708521577088046,-0.2168242754542741,0.055618190517095656,-1.130114415539607,-0.26668570522370344,2.070351096905035,1.3389920567076248,F,2685.39,PanTheria,A,A,A,A,Tree,1,ADW
YPM5643,Trichosurus_vulpecula_PHALANGERIDAE_DIPROTODONTIA,Trichosurus_vulpecula,NA,NA,NA,NA,NA,NA,NA,NA,NA,NA,0.7868900111327787,0.901841590463069,0.569097423567103,0.9590291603518266,0.8245863789597138,0.3626186310870651,0.8671142879650936,0.37664100759472163,0.892494122210743,NA,NA,1.5454884953736279,0.473952458277467,-0.1294292289144987,0.23526974631060626,-0.8593285310897022,0.2287659153023164,NA,-1.0473753036299587,NA,NA,NA,NA,NA,1.3389920567076248,F,2685.39,PanTheria,A,A,A,A,Tree,1,ADW
AMNH65125,Wallabia_bicolor_MACROPODIDAE_DIPROTODONTIA,Wallabia_bicolor,NA,NA,NA,NA,2.2521638705695377,2.299977181787405,2.3782980285136555,2.7899121396535573,2.281829353323741,2.3868969423020965,1.8206820497512883,1.9406443274851741,1.627807796833234,2.051187555351049,2.1094274806410436,1.883312341585646,2.2824646243477917,1.4583906272824545,1.4443396044928647,3.082427695538347,2.657913273600471,-0.3171434558268035,0.8757723618569593,0.0724831755338028,0.3546311546417329,-0.3830003525166163,2.290062684846257,-2.5455095064886075,-1.252528033623098,0.7145331965493092,0.428673053092182,1.8935849915313858,-0.09529527796913737,-0.7567815828297856,2.1695055249638275,F,14999.95,PanTheria,Sal,T,T,T,Ground,0,ADW
NMNH311769,Potorous_tridactylus_POTOROIDAE_DIPROTODONTIA,Potorous_tridactylus,NA,NA,NA,NA,0.8692381802254504,1.040377797705639,0.7980945992179039,0.8673723786429347,0.7296853905481069,0.9577481366532212,0.18471924675448542,0.41676430414469595,0.10506073849979955,0.19157329188964078,0.498813497096348,0.7097064340874089,0.4443205707316543,0.659367436680895,-0.14138231059727902,NA,NA,-1.8631880125601767,-0.04807877030197093,0.088210493134226,0.47435735634400494,0.3651619626104342,1.4743201669240753,-2.4470942658434267,0.871069736450413,-0.19142058826983943,0.7521699227448942,-0.1941849268896119,0.49514845736501584,NA,0.8877731080662579,F,1054.67,PanTheria,Sal,T,T,T,Ground,0,ADW
NMNH582761,Pseudocheirus_peregrinus_PSEUDOCHEIRIDAE_DIPROTODONTIA,Pseudocheirus_peregrinus,NA,NA,NA,NA,0.7722543221636788,0.8153471856684139,0.654696968015366,0.7053358368962864,0.39223710450785565,0.6560867232668572,0.7655806013646169,0.7444076810464177,0.5763411577984634,0.6213022751527649,0.8540433218183111,0.7818862088193013,0.9190898827673817,1.0268587258601853,1.1618808641909317,NA,NA,0.14652694323093532,-0.2692819668514597,-0.07139210532321161,-0.08851629734020898,-0.20337898100642438,0.6509664943032242,0.29810449646198717,0.4294441834662703,-0.346019399666091,0.18925554914760415,-0.43913388261023445,-0.03434684448283506,NA,0.8086364473255924,F,895.22,PanTheria,A,A,A,A,Tree,1,ADW
NMNH396674,Echinosorex_gymnura_ERINACEIDAE_EULIPOTYPHLA,Echinosorex_gymnura,NA,NA,NA,NA,0.77866267609139,0.9186549379932911,1.147531441138924,0.8012268053382231,0.7178648935501177,1.0796716534966122,0.959653985467172,0.9346909309584094,0.8023950562982987,0.796204925386729,0.8316914358200679,1.3066533352522252,0.7011664232293973,1.3366574289494475,1.0065561258436362,0.7446934217210045,0.9607948410551735,-1.0558657886189746,-0.27595169256223656,0.026616043965753164,-0.07930709803635343,1.0927005443974476,-1.4747693180978902,0.4725349765181799,1.446434643777289,1.4087463781826077,0.5994594697895012,-0.04286399832587069,1.1469980557858381,0.3975153100576855,0.7273689208164205,F,756.53,PanTheria,T,T,T,T,Ground,0,Wiki
UWBM35435,Atelerix_albiventris_ERINACEIDAE_EULIPOTYPHLA,Atelerix_albiventris,NA,NA,NA,NA,-0.0992415730391612,0.17745016944292236,0.5199328292354166,-0.21507468644549313,0.008390836528169037,0.236306640906574,0.13413725206531021,0.23939036599333752,0.35827644309539614,0.3120323644975301,0.184378199932534,0.4657346636392342,0.14278589066247843,NA,NA,NA,NA,NA,0.34985979325884126,0.8636993288163667,0.1462388878975716,0.4994552870069008,0.01315425208075253,1.7444463047720282,NA,2.385426817148615,1.0804525426885423,-0.27937469506988244,1.188480048341438,NA,0.27012906279266397,F,293.44,PanTheria,T,T,T,T,Ground,0,Wiki
UWBM38995,Atelerix_albiventris_ERINACEIDAE_EULIPOTYPHLA,Atelerix_albiventris,NA,NA,NA,NA,0.0631533533628583,0.21285226771666582,0.7354021879090918,-0.08560068304724011,0.03925826148904685,0.341004684479736,0.31983599579788524,0.13582722354692162,0.48725164558682055,0.6408263518343579,0.4063959669166437,0.6573171218892878,0.31443258264971863,0.05037482590515499,-0.8043258028698915,-0.42487120183032173,-0.9373461137160902,-1.9108487439724449,0.7802286604615368,0.7364695518236622,-0.4669751798662446,0.4502729554751571,-0.11049692400017552,2.1761179840543083,-0.7190348047891734,2.703491417080377,0.5304352658569188,-0.4924128591780623,1.1722929570462015,-1.0616358255174405,0.6419862138126895,F,633.9,UWBM specimen label,T,T,T,T,Ground,0,Wiki
UWBM15433,Scapanus_orarius_TALPIDAE_EULIPOTYPHLA,Scapanus_orarius,NA,NA,NA,NA,-1.1151919460725905,-0.6678630451515626,-0.6816610258679296,-1.1646572128026884,-0.747058368101111,-0.4374828036234991,-0.8918746715755461,0.4372337408942314,0.5743697114684296,0.8449484319047478,-0.9035210103745736,0.4490817412281087,-1.222497306687085,-1.195192124810491,-0.6616496566285305,NA,NA,1.8566476815069999,7.571663750255082,6.490633854520998,4.822900439184949,4.219170403509546,-1.3928604602415693,1.117769827098956,-0.5444190495230927,1.2915944229165672,1.7532689503733527,0.499258354467237,1.7067174011096673,NA,-0.4793827227907831,F,62.13,PanTheria,F,Ss,Ss,B,Ground,0,ADW
UWBM72976,Scapanus_townsendii_TALPIDAE_EULIPOTYPHLA,Scapanus_townsendii,NA,NA,NA,NA,-0.7253595020818666,-0.21671273530007734,-0.362237296058674,-0.7871205437949592,-0.21698537440571553,-0.3345403451117355,-0.4877897211652726,0.8509510211446898,0.9697707648781653,1.1598311605390894,-0.624485040573308,0.9266940475700784,-0.8496845772219125,NA,NA,NA,NA,NA,7.11259036882834,6.620830052871218,4.981726167810028,5.402738085841824,-1.6131465050526559,0.8774075090433873,NA,1.0776072346392558,2.161554463346914,0.252993904727865,0.8425428078394308,NA,-0.21558387103552876,F,107.3,UWBM specimen label,F,Ss,Ss,B,Ground,0,ADW
UWBM72992,Scapanus_townsendii_TALPIDAE_EULIPOTYPHLA,Scapanus_townsendii,NA,NA,NA,NA,-0.7367624197490881,-0.3149890109673325,-0.3556786462328722,-0.9046562755358744,-0.15036142984095355,-0.2940423742638453,-0.5196384269295626,0.8345644346007812,0.9812587390484021,1.171363832044361,-0.6499868008674339,0.9828310149081717,-0.9212034643395228,-1.1591642025279039,-0.6074583212631839,NA,NA,1.9277777683424728,7.444314015349687,6.9337316002541,5.069392294771569,5.903879193021772,-1.7722704006996457,1.1073880395683255,-1.1300574853079772,1.14901614069851,1.6900896505254608,-0.2330960291959517,1.387122436390635,NA,-0.19445548250372424,F,112.1,UWBM specimen label,F,Ss,Ss,B,Ground,0,ADW
UWBM72986,Scapanus_townsendii_TALPIDAE_EULIPOTYPHLA,Scapanus_townsendii,NA,NA,NA,NA,-0.6595724584859097,-0.21160644467079212,-0.19596267339521198,-0.6664236784824736,-0.11530191820100724,-0.15116399482835763,-0.4298457471874835,0.8979216261209444,1.0462655770520695,1.2599553146477327,-0.5479403974613276,1.0226803814188026,-0.7487511295049926,-1.085663209789339,-0.6026345400679217,NA,NA,1.6317035715014465,7.495394877063515,6.7887714522769,4.928871935219952,5.542650139456398,-1.440818944918829,0.7205048462509873,-1.2143945758518488,1.5175995911817273,1.842968128984222,0.4892258559414446,1.1557247691777255,NA,-0.11923318064562419,F,131,UWBM specimen label,F,Ss,Ss,B,Ground,0,ADW
UWBM72988,Scapanus_townsendii_TALPIDAE_EULIPOTYPHLA,Scapanus_townsendii,NA,NA,NA,NA,-0.6602484927572334,-0.2931013475861275,-0.19019990753629903,-0.706377909206169,-0.10115114280554319,-0.15116399482835763,-0.4581403591699413,0.8701446644466417,1.0160360108191724,1.2274708384007464,-0.5911763308172792,0.9698289668900087,-0.7552608644668581,-1.111149079716566,-1.0401452742246868,-1.2997018750014226,-1.0008269020885325,0.19265706242637748,7.441427559631825,6.760163464767305,4.9250020119279245,5.471655321393634,-1.3390913813000185,0.6301471367730683,-1.2265509637424232,1.545968835823982,1.4244207494483898,0.29749862078877104,1.2900518076266165,0.4461204647948441,-0.0439683994524689,F,153.1,UWBM specimen label,F,Ss,Ss,B,Ground,0,ADW
NMNH290520,Solenodon_paradoxus_SOLENODONTIDAE_EULIPOTYPHLA,Solenodon_paradoxus,NA,NA,NA,NA,0.5099276991280483,1.017324233433453,0.9649802018144299,0.7306128397539623,0.7271253623106846,0.7728862660750018,0.8517935685085601,1.3303272801131294,0.8455688727017235,1.3585306528149723,0.7507165856440902,1.4573990587277137,0.5959910748376056,1.3106481938787933,1.1440735778062447,0.7098975323795915,0.8751115163741022,-0.6863620049059207,1.5097711581609348,0.3678752134455236,1.2894047389061931,1.8077594806917565,-1.4401106175198763,0.8679532590703678,1.7418329205196168,1.7348023826906926,2.404933300851221,1.0708070113448263,0.2627177084951025,0.2723768488948594,0.8112020925253287,F,899.99,PanTheria,F,Is,Is,B,Ground,0,ADW
UWBM75686,Sorex_palustris_SORICIDAE_EULIPOTYPHLA,Sorex_palustris,NA,NA,NA,NA,-1.8554647188290785,-1.112385373216769,-1.426920887161343,-1.2874287647171898,-1.3765546597548253,-1.2381073022664162,-1.5445113454557482,-1.0744538496967972,-1.303327091205355,-1.3615436656601083,-1.41189024755984,-1.037636990306781,-1.540916180297865,-0.7919578192809075,-0.8381133365031606,-0.7778326128943149,-0.7482486643266466,-0.17836740726308445,0.029481678071110563,0.6062821275193424,0.9532709320653616,0.5481252273519324,0.44106418745521236,-0.10033292706861957,2.2053342878724997,1.1206813412302241,3.330625094871263,4.8609607559856105,-0.6372820981804093,-0.13145010695390144,-1.481232452048028,F,7.8,UWBM specimen label,Saq,Is,Is,B,Ground,0,ADW
UWBM77659,Sorex_palustris_SORICIDAE_EULIPOTYPHLA,Sorex_palustris,NA,NA,NA,NA,-1.7391596069675876,-1.1072990681205237,-1.3971006304509943,-1.3045353999321196,-1.348533103537176,-1.4016801050516516,-1.5330873264469163,-0.9959117890340463,-1.2576130991559225,-1.259588716367595,-1.3187048913713915,-0.8266725430707729,-1.439169919783234,-0.7885789887458132,-0.8324250057562881,NA,NA,-0.17236773255495386,0.24686746151644948,0.7020500908583143,1.1645169838742904,0.8649149963610521,0.967601278192221,0.05595377304231883,1.9869643056973756,0.7988632934236124,2.6641633591548337,3.7699372817891534,-0.9895613255867576,NA,-1.3661288824586593,F,9.9,UWBM specimen label,Saq,Is,Is,B,Ground,0,ADW
UWBM38337,Sorex_trowbridgii_SORICIDAE_EULIPOTYPHLA,Sorex_trowbridgii,NA,NA,NA,NA,-2.062662570316008,-1.7344386998106345,-1.790772197334385,-1.5958453463646978,-1.79044684447127,-1.7336866223088352,-1.8259318952514612,-1.4471595608269952,-1.649249175393014,-1.6162434997098507,-1.6675029406806863,-1.8141445475402376,-1.7466600170026705,-1.4899534195024404,-1.5610051187024148,-1.344922683715895,-1.3677027666085533,-0.17552864333028131,0.03784800667781593,0.3902435214734237,0.652543066503339,-0.5455446964630567,0.9660021294486197,-0.10899092573942047,0.5494148674397572,0.47846777101999394,0.992761140156764,4.238151363181621,-1.1768310728532922,-0.2739593103270976,-1.7361805887644692,F,4.6,UWBM specimen label,Sf,Is,Is,B,Ground,0,ADW
UWBM38344,Sorex_trowbridgii_SORICIDAE_EULIPOTYPHLA,Sorex_trowbridgii,NA,NA,NA,NA,-1.9737727127952343,-1.6939510235444144,-1.7320346034755705,-1.5279618956821868,-1.7984086400602322,-1.5900835691320996,-1.7705606293078504,-1.3828076445094981,-1.6264970081670516,-1.5321602156985934,-1.6515547052051978,-1.4802989897086807,-1.671737871357917,-1.1725619574630766,-1.4157852237750796,NA,NA,-0.6490054195050046,0.11525389894570887,0.31780590717650026,0.6842758474150248,0.056839659706646443,1.068485367731188,-0.33076715665960854,1.3884544328166755,0.38621249716385647,0.7844792707913386,4.017860284575005,-0.9910975038627517,NA,-1.6242680067494406,F,5.8,UWBM specimen label,Sf,Is,Is,B,Ground,0,ADW
UWBM59181,Sorex_vagrans_SORICIDAE_EULIPOTYPHLA,Sorex_vagrans,NA,NA,NA,NA,-2.0664966391655173,-1.5942316754902521,-1.790772197334385,-1.735664152802056,-1.7061083737667027,-1.7336866223088352,-1.9199703989971144,-1.3828076445094981,-1.4711076608741411,-1.3974810586128383,-1.710422933857095,-1.2043057431213962,-1.8518001656648762,-1.2702757292385423,-1.4774695910539914,NA,NA,-0.5521379917489475,0.8323321059507176,1.1380514275383202,1.1143028104083412,0.8544476307755248,0.9268495982827311,0.014746581419932821,1.6225804789667608,0.49164459266098465,1.7058124401991202,3.2678334093550596,-0.921611920537185,NA,-1.896533031533665,F,3.3,UWBM specimen label,T,T,T,T,Ground,0,ADW
UWBM34319,Sorex_vagrans_SORICIDAE_EULIPOTYPHLA,Sorex_vagrans,NA,NA,NA,NA,-1.9863763050448549,-1.7019482752017412,-1.6943197302693285,-1.762568666090716,-1.8064223043900711,-1.8122292282055656,-1.8963713614276585,-1.3601774232345378,-1.6264970081670516,-1.4158481093152482,-1.821295496731588,-1.2959702744215016,-1.9414874656466212,-1.5479996172078927,-1.6296180961878566,NA,NA,-0.19856273625169715,0.7166130297540771,0.6220191338690292,1.114274326077428,0.8928765966742298,0.2644319742233342,-0.3620671817230875,0.7713778342413661,0.565381732823789,0.8033185271252107,2.5126598224997876,-1.0461567469555062,NA,-1.6242680067494406,F,5.8,UWBM specimen label,T,T,T,T,Ground,0,ADW
UWBM36039,Scapanus_orarius_TALPIDAE_EULIPOTYPHLA,Scapanus_orarius,NA,NA,NA,NA,-1.1104615997221061,-0.6181474469046393,-0.9020097015016539,-1.1224233973791065,-0.7538733058873988,-0.5399749402914625,-0.899985652076754,0.4456101530052965,0.5356373015659799,0.7422250669531598,-0.8789765487568935,0.33427040606685043,-1.222497306687085,-1.2654583242368265,-0.8611012344706772,NA,NA,1.3481439456083977,6.803729505434001,6.264306801233929,4.920969384782631,3.5387356398672596,-1.3554118455528272,1.024230305111986,-0.685319504480772,0.41688667534811863,1.9954583245391087,0.6853466586180624,1.1332641486540973,NA,-0.4793827227907831,F,62.13,PanTheria,F,Ss,Ss,B,Ground,0,ADW
NMNH238263,Solenodon_paradoxus_SOLENODONTIDAE_EULIPOTYPHLA,Solenodon_paradoxus,NA,NA,NA,NA,0.438693446678964,0.8982061214014574,0.9800720665718815,0.6279103749956043,0.655910377531118,0.7745742198549013,0.7494873718662723,1.203786969610383,0.7593978638793516,1.3112483280618958,0.7102312444862748,1.355501065858536,0.527377100374471,1.2317227097927719,0.9403596923858212,NA,NA,-0.9642287219017818,1.675349366017154,0.39174915068495764,1.1965972484462803,1.5972039632083346,-1.2692013533874473,0.9692016651612413,1.76705097109599,2.127452879235393,2.1194192130337557,0.9409252656622581,0.5571294629155624,NA,0.8112020925253287,F,899.99,PanTheria,F,Is,Is,B,Ground,0,ADW
UWBM39038,Dendrohyrax_arboreus_PROCAVIIDAE_HYRACOIDEA,Dendrohyrax_arboreus,NA,NA,NA,NA,0.9179082995934583,1.0466827702563637,1.3356004275778186,0.8293260970622537,0.8189438713078266,1.042159133421855,1.156751474306663,0.9008627107590161,0.9484341246537469,1.1174020036316137,0.8689168731333329,1.2835034149630509,0.7180707145384879,0.9225848795481861,0.5028038140255372,0.4346788527896741,0.5553309650735909,-1.2090147622466227,0.027537000932700718,-0.057661266962443475,-0.5396477218355179,0.9272682805527455,-2.244187473740155,0.6976399227116687,-0.16962561313144872,1.654880385743066,0.572150943204089,-0.5927524589420231,0.9119556203539904,0.14912061337511712,0.8565883136287101,F,988.7,UWBM specimen label,A,A,A,A,Tree,1,Nowak 1999
UWBM82557,Brachylagus_idahoensis_LEPORIDAE_LAGOMORPHA,Brachylagus_idahoensis,NA,NA,NA,NA,0.6662307775609347,0.3136155814550536,0.42745014559852584,0.6779602623749401,0.30583038820626124,0.4724645885287624,0.6939460261336918,-0.23393606699827516,0.22852734137554714,0.14517378413464357,0.3732804618396051,0.24828024663252107,0.47379080736297047,0.9460511978234235,0.6807971989257378,0.9317934038256036,1.066862513799044,-0.8830307748824829,-0.9851470976918733,-0.6150896222199947,-1.5530020578095276,-0.3439249695723954,-1.2482119613901688,-0.8535867883976057,0.9327220630965624,-0.7027318740831875,-1.2096537740907334,-0.04203484738982676,-0.4849707125274201,0.2176974413104307,0.40623184952241864,F,389,UWBM specimen label,Sal,T,T,T,Ground,0,ADW
UWBM60066,Ochotona_princeps_OCHOTONIDAE_LAGOMORPHA,Ochotona_princeps,NA,NA,NA,NA,-0.09879569237616076,-0.07851309675873394,0.04069706206460098,-0.23515954583342885,-0.1255102184815796,-0.003949674717430494,0.14309174646161202,-0.2600616443156786,-0.0023842015517860538,-0.05383995756384262,-0.4097834844967535,-0.034301700032879745,-0.386415445092023,0.2764202532495459,-0.25865119015004634,-0.28797541101910556,0.1328797772476824,-1.386361537602654,-0.47310522186216997,-0.06423576207482991,-0.8716472806618065,0.6671361981956122,-2.397392957309531,0.027405094473867592,0.9171518255817293,0.3468913442734033,-0.025555627594434242,-0.36999394467881597,0.37589369099209285,0.8474629704946183,-0.016688071326506144,F,162,UWBM specimen label,Sf,Is,Is,B,Ground,0,ADW
NMNH399312,Elephantulus_rufescens_MACROSCELIDIDAE_MACROSCELIDEA,Elephantulus_rufescens,NA,NA,NA,NA,-0.3086970584078845,-0.41831885614201125,-0.2251715274498059,-0.1242459471755873,-0.3897892663586405,-0.35948789335259235,-0.3571694871133414,-0.8255644037142463,-0.6092251567505818,-0.3840510932563853,-0.9583422503018724,-0.14816048276644922,-0.2712439474545503,-0.4113876822669487,-0.7232692083650905,0.29067239961789726,-0.5527474268134296,-0.8745052432098521,-0.21681163789237837,-0.3493651611762069,-1.007170909363013,1.8943669569769668,0.5787181528726455,-2.2650918665172166,-0.38437154252066114,0.12090577674185585,-0.5343423377949202,1.3094567738466434,-0.8748628371318778,-1.4658128086347648,-0.5581249066675581,F,52.78,PanTheria,T,T,T,T,Ground,0,ADW
NMNH241593,Petrodromus_tetradactylus_MACROSCELIDIDAE_MACROSCELIDEA,Petrodromus_tetradactylus,NA,NA,NA,NA,0.23825868425248908,0.14687112816602382,0.24860066644010836,0.4762675105812293,0.12077416386118844,0.11051551913571679,0.1491844739642458,-0.3571798009134018,-0.0510781742503109,-0.1433455439850029,-0.20006200558904966,0.06760487642789043,0.4405181669163472,0.3652302336950882,-0.3928799500298444,0.9754574773173513,0.22678402458864436,-1.7791744816376043,-0.6456320698083174,-0.1794882925920128,-1.0336062935485364,0.4237810615433302,1.691513717272293,-2.0290350186774795,0.061056309923865695,-0.03145689705902221,-0.3998141405158163,1.3093016592298745,-0.9536578707618186,-1.3241067216330944,0.08745487627972584,F,201,PanTheria,T,T,T,T,Ground,0,ADW
UWBM78644,Dromiciops_gliroides_MICROBIOTHERIIDAE_MICROBIOTHERIA,Dromiciops_gliroides,NA,NA,NA,NA,-0.7232321546920248,-0.8627708927049746,-0.8148824627779747,-0.7794800407662769,-1.1168947610508708,-0.7511896456244722,-0.7391160472351748,-0.5825703850129892,-0.890151710305907,-0.7569120321630199,-0.6485580197415722,-1.0094089500867964,-0.5259839315274242,-1.0772740034501502,-0.5005205207533561,-1.50841728893872,-0.6178201761950192,2.022111752078834,-0.26288659029556466,-0.19705704365335694,0.1846801136133957,-0.8100524405156286,1.4672674781930495,0.08438388549766337,-1.1126473280237696,-0.4820477055389682,-0.688667831082212,0.27847540845425056,-0.48282608757817064,2.235110370973476,-0.8389868718920924,F,29.5,UWBM specimen label,A,A,A,A,Tree,1,ADW
AMNH179983,Ornithorhynchus_anatinus_ORNITHORHYNCHIDAE_MONOTREMATA,Ornithorhynchus_anatinus,NA,NA,NA,NA,-0.1344828015772208,0.8894988908833759,0.8270278180199827,0.1608873336617597,0.5475445252765413,0.9163050401149159,0.20011717432851583,1.6468248438573243,1.0959640666166133,1.2120151213481978,0.38475078375077193,1.0242503575997135,0.11834488801750961,0.35948837739604683,0.7280120837225111,NA,NA,0.9913539889794352,3.4086178714928033,3.4563140772701066,5.86386187673886,1.5304649915074744,-0.47445620746910944,1.45145200585422,0.4164150525351225,4.37301078652731,5.8706283981111165,1.843221027094324,2.869880942611995,NA,1.052735195749617,F,1484.25,PanTheria,Aq,Ss,Ss,B,Ground,0,ADW
NMNH238451,Ornithorhynchus_anatinus_ORNITHORHYNCHIDAE_MONOTREMATA,Ornithorhynchus_anatinus,NA,NA,NA,NA,-0.020428009945249456,1.0053925570240445,0.9149711184851244,0.2512468556520152,0.8122663427977231,1.1613883091218304,0.2197867919986124,1.6490253492299694,1.185805929251241,1.279045134458591,0.3961296635436754,0.8960104277282638,0.08885903737779514,0.568279065281132,0.8875332528108411,NA,NA,0.7911679924253644,3.659168081115782,3.820414451452735,5.750653685975317,1.107022778065049,-0.722451533005277,0.9169279547453376,1.083966754430405,4.237415238920121,5.920632734440482,1.640943815724846,3.835184287079763,NA,1.052735195749617,F,1484.25,PanTheria,Aq,Ss,Ss,B,Ground,0,ADW
NMNH22992,Zaglossus_bruijnii_TACHYGLOSSIDAE_MONOTREMATA,Zaglossus_bruijnii,NA,NA,NA,NA,1.2884137519229981,2.1151734385470076,2.8489042743791257,1.1574992810290452,1.6749046720700234,1.6513687133719805,1.4269656267877324,2.7908178397069543,2.2645821950072484,2.518745728035972,1.536413639428423,1.5209647404501556,1.4845160433344824,0.30667912803896924,0.46296482260429966,NA,NA,0.29199245012526437,4.3829866850837,3.5637093562739484,5.641434978728704,-0.028055387710029283,-0.06492738541335277,1.5088301539750781,-2.021417390257147,10.198645650746476,4.702089530099469,-0.9161713696229957,2.3470619790964395,NA,1.9202858135075955,F,8951.71,PanTheria,Sf,Is,Is,B,Ground,0,ADW
AMNH150101,Ornithorhynchus_anatinus_ORNITHORHYNCHIDAE_MONOTREMATA,Ornithorhynchus_anatinus,NA,NA,NA,NA,-0.2636167103182522,0.927699943998882,0.6811960034664022,0.05889417027371393,0.4867568057283092,0.5971933421185953,0.08158673948869953,1.4804972082524697,0.9547757429792818,0.9752707015464033,0.2543414012286399,0.5427276882849696,0.04874118832376887,0.31265015007112446,0.561555560308738,NA,NA,0.5863757470874539,2.7989469921888603,3.307729663618639,5.511407975806583,0.5245781871471225,-0.1933548415838064,1.3578048986372895,0.5521203669404173,4.2217441887072455,7.3335773323103055,2.0799547177404554,1.736253423298107,NA,1.052735195749617,F,1484.25,PanTheria,Aq,Ss,Ss,B,Ground,0,ADW
MCZ28158,Notoryctes_typhlops_NOTORYCTIDAE_NOTORYCTEMORPHIA,Notoryctes_typhlops,NA,NA,NA,NA,-1.0833482645171486,-0.3149890109673325,-0.03343995756464732,-1.5321805940937865,-0.7955753714997881,-0.023026945772850443,-0.8432305039724336,0.7427492034655316,-0.3711939403307055,0.2888587319077852,-1.0218308960690798,0.8069621050497442,-1.5199739767052154,-1.7875703658789932,-1.1931470567813043,-1.843740236697816,-2.2595250119666863,2.2155028012812554,3.5848666760188284,1.4393784576843034,6.551133068259044,7.130290201871688,-2.74845956837206,1.9596243859141498,-1.4632271867364126,4.658814436624273,3.6804208667584035,-1.2490798358179198,6.014829597649551,-0.9834056575175898,-0.5382333541918836,F,55,PanTheria,F,Ss,Ss,B,Ground,0,ADW
FMNH18604,Caenolestes_fuliginosus_CAENOLESTIDAE_PAUCITUBERCULATA,Caenolestes_fuliginosus,NA,NA,NA,NA,-1.098988760663745,-0.8780001602708145,-1.0063121578541425,-0.8024564319970008,-1.1330652321663783,-0.794526654930809,-0.8290689698858471,-0.8926035536928594,-0.9657857596211672,-0.7634542808368632,-0.8074589913247625,-1.103374080221314,-0.7959190949229695,-0.7516325545499577,-0.7503038908248498,-0.62232073966898,-0.6544599315276715,-0.05003490713190989,-0.10180315752973954,-0.17954585712784404,-0.31910064430240626,-0.7226660810686534,0.4094200328677172,0.3509172614552653,-0.03097922118676736,0.02470242032970399,0.6609156937492879,2.4232306910359407,-0.5454237471793822,-0.24808184333400637,-0.8532707967569755,F,28.64,PanTheria,A,A,A,A,Tree,1,Wiki
FMNH172052,Lestoros_inca_CAENOLESTIDAE_PAUCITUBERCULATA,Lestoros_inca,NA,NA,NA,NA,-1.0328431694956348,-0.8369539410720194,-0.9375584841853132,-0.7669588293291026,-1.3271109806071324,-0.6785338665621998,-0.8904602449695173,-0.6956894499251777,-0.9241661876883074,-0.6210819358826951,-0.7949832376116999,-0.8327936957840123,-0.7538634011046765,-0.683454789138179,-0.6551345604844243,-0.5976613128378915,-0.6194847466156411,0.01996299971713602,0.3689794825953929,0.034051998275657164,0.26428533006694227,-0.2816890933804209,1.035187419533243,-0.03220749987724503,0.17165059209816919,0.0436823445382176,0.561056233512288,2.193640338075084,-0.3152635398094364,-0.2257422089491938,-0.9576854115100534,F,23.07,PanTheria,T,T,T,T,Ground,0,ADW
FMNH22423,Rhyncholestes_raphanurus_CAENOLESTIDAE_PAUCITUBERCULATA,Rhyncholestes_raphanurus,NA,NA,NA,NA,-0.9933087896451823,-0.8720564419370943,-0.8289987144777207,-0.8160639270765432,-1.0625742155597286,-0.6677235569838947,-0.8186880495220965,-0.4546231742235515,-0.7303806235963882,-0.5236493877959462,-0.6836156538860771,-0.3930641993748646,-0.6931655833703987,-1.166739888720709,-0.9342571729572442,-0.8313449855265453,-0.724342401878024,0.7150244622786543,0.4508944484739855,0.3329015091199358,0.7271594728244738,0.4255242275819544,0.946569255054172,0.575377341220176,-1.054225980357574,0.2820674391590222,0.25108107730967066,1.6460145339310763,-0.16826202946305496,0.03101385931340511,-0.981932140300911,F,21.94,PanTheria,Sf,Is,Is,B,Ground,0,Wiki
MVZ138479,Echymipera_kalubu_PERAMELIDAE_PERAMELEMORPHIA,Echymipera_kalubu,NA,NA,NA,NA,0.4465985921889752,0.8165028543022904,0.8502242681505675,0.10046870797789775,0.5284173274738924,1.123751395281813,0.2805314958412993,0.568962480018468,0.43253040073853555,0.6823862181277142,0.18158689702345318,0.673652600313246,0.019373747092773064,0.4883430328789712,0.18572188345450563,0.162334181570426,0.5290270444078629,-0.928322177209364,1.0122386178389922,0.6865239623260266,0.6394406908280407,1.0563332368265455,-1.3404755057145152,-0.42567338535591503,0.8139401840486824,1.4900411138634764,1.6400790399920493,-1.4246284983691972,4.398547419110393,0.737856033622599,0.7692924523827824,F,825.16,PanTheria,T,T,T,T,Ground,0,ADW
NMNH238438,Isoodon_macrourus_PERAMELIDAE_PERAMELEMORPHIA,Isoodon_macrourus,NA,NA,NA,NA,1.2641480491982242,1.2512874191243033,1.3408375209521066,1.110271492771561,1.0514338724455887,1.4113069436267927,1.0225713711472053,1.083250093904571,0.9454964472111105,0.9671765275495599,0.9792148595180489,1.768370075698235,0.8173123460944568,0.9818610596761418,0.2262024936637308,1.0828208429399828,1.3658757297947095,-1.8116380498153506,-0.03368779058018185,0.22155761947157207,0.12586444796532772,2.1353628274827563,-1.2537872576926568,-1.052950159984216,0.07082857735969607,0.35882045479603086,0.03539687444443925,-0.9980383982426597,1.43908222202623,0.5923406497905602,1.059684928888859,F,1505.77,PanTheria,T,T,T,T,Ground,0,ADW
FMNH98899,Isoodon_obesulus_PERAMELIDAE_PERAMELEMORPHIA,Isoodon_obesulus,NA,NA,NA,NA,0.6755234698958595,0.6234527673856562,0.8036688711481774,0.40122652327840863,0.5339469257337944,0.8228783148033934,0.47139611365563494,0.3962554070077128,0.2866709939104123,0.3161580030692916,0.3489595048349274,0.8847581206854408,0.26970554533207214,0.5928152698726257,0.0615209433146717,0.061345477915548084,0.19829062868101607,-1.4013146352128232,-0.3401536468615176,-0.10274400813656288,-0.23256202592208433,1.2058464529953064,-1.11486091787606,-0.8347222744247994,0.48292937950849835,0.4398817852585743,-0.1970266135702665,-1.2406947200514875,1.4695557025191281,0.16002891621619586,0.7690583587676194,F,824.76,PanTheria,Sf,Is,Is,B,Ground,0,Wiki
FMNH160056,Perameles_gunnii_PERAMELIDAE_PERAMELEMORPHIA,Perameles_gunnii,NA,NA,NA,NA,0.9159360827264088,1.086607546155791,1.1105419555457015,0.8785152451122868,0.8984214480517876,1.2117615763686698,0.7772322284192408,0.551640709710102,0.553414671517241,0.5970953375148922,0.7986594769643703,0.9401124239535937,0.7195197168554911,1.088771068277443,0.4205679173605538,0.7722442210363465,0.2866382792571268,-1.6761049933192382,-0.33980360792017134,-0.14345124604416198,-0.5113596192558592,0.23708361168661518,-0.49598674123716685,-0.6805035137773181,0.8967190508393902,0.7280739634560615,0.7575705196368432,-0.37205549280592365,1.4189307896898529,-0.9669422644654488,0.8130599755230322,F,903.46,PanTheria,Sf,Is,Is,B,Ground,0,Wiki
UWBM41987,Perameles_nasuta_PERAMELIDAE_PERAMELEMORPHIA,Perameles_nasuta,NA,NA,NA,NA,0.8683684323465212,0.8862185796090928,1.0551553642986242,0.6916526116713723,0.6938775782529029,0.98367862461682265,0.6423657775145601,0.6605371329718802,0.49427843677474476,0.6857874637362609,0.6459684058565722,1.3002621729555988,0.5399492315016153,0.8645386818427335,0.10976147196401231,NA,NA,-1.80336766745258,0.12198353402396969,0.001123946189301796,-0.01055502057536603,1.6170147347224837,-0.6846338350635186,-0.8312380268056953,0.6667060092344509,0.6897158704493874,0.10128238365633062,-0.9347606057962347,1.1315185000765169,NA,0.7036492524508691,F,720.26,PanTheria,Sf,Is,Is,B,Ground,0,Wiki
UWBM35451,Tamandua_mexicana_MYRMECOPHAGIDAE_PILOSA,Tamandua_mexicana,NA,NA,NA,NA,1.4521279114185255,1.546553508527129,1.9547565827041056,1.2288202551625451,1.451296145378086,1.4972121021175233,1.7338589565665985,2.316309036232126,1.7021063503942957,2.3082562375971287,1.6535239520659888,2.207941317922254,1.5513928577699336,NA,NA,NA,NA,NA,2.0260617765750557,0.44860136785384,1.7771726820027653,1.445011251621641,-1.3080031495814153,2.123650518683159,NA,2.178923158053468,0.5059225561497925,-1.3348923793654741,1.3822133265067562,NA,1.55244945966664,F,4178.51,PanTheria,Sf,Sf,Sf,B,Ground,0,ADW
UWBM34186,Tamandua_mexicana_MYRMECOPHAGIDAE_PILOSA,Tamandua_mexicana,NA,NA,NA,NA,1.4987044447054292,1.7132324383513529,2.0034674850525516,1.3190172276486931,1.4732878527509958,1.7131340367319208,1.8073244044150016,2.439638592961156,1.6255213116129277,2.4968717573804664,1.7034496631322606,2.046785825750766,1.6135044651450392,1.8525639281252368,NA,1.0959316225497406,NA,NA,2.5225689046200817,0.09577091400086767,1.975737291669161,0.837264058347908,-1.3741964323847318,2.093076252415786,0.34579830836129577,2.2006507828916697,1.0562508172567162,-1.1875925793909787,1.994901434081495,NA,1.55244945966664,F,4178.51,PanTheria,Sf,Sf,Sf,B,Ground,0,ADW
UWBM77859,Tamandua_tetradactyla_MYRMECOPHAGIDAE_PILOSA,Tamandua_tetradactyla,NA,NA,NA,NA,1.5027858357461763,1.8469050371279823,2.1205643943147128,1.3122352232257433,1.5074593035494512,1.705180217099166,1.8487354469651975,2.4203870145461273,1.765123723594724,2.375237952082871,1.721068989973244,2.3111738572722818,1.5932200969091566,NA,NA,NA,NA,NA,1.8782888733909426,0.33644497268171797,1.7546761005652571,1.5685209747247864,-1.6484457174667058,2.3123444509319038,NA,2.786571170328044,1.7022127288540518,-1.2304702532725853,1.9844819659112767,NA,1.6391029852070456,F,5000,UWBM specimen label,Sf,Sf,Sf,B,Ground,0,ADW
UWBM77642,Tamandua_tetradactyla_MYRMECOPHAGIDAE_PILOSA,Tamandua_tetradactyla,NA,NA,NA,NA,1.4618249683373894,1.8753426990644975,2.089851231408624,1.2773765082581687,1.6397773885712075,1.7257552392275313,1.7785279640789806,2.443514355590956,1.7889731054744207,2.3327886156956072,1.7109883921761355,2.068824400253162,1.5579647821496505,NA,NA,NA,NA,NA,1.9622283425989866,0.5666543254854437,2.0979967824682433,0.8774660270255041,-1.4846759664685398,2.293604155372545,NA,2.831368361497534,2.0670852961156445,-1.1919782662054008,2.219247398915602,NA,1.7506824905186567,F,6300,UWBM specimen label,Sf,Sf,Sf,B,Ground,0,ADW
NMNH582737,Callimico_goeldii_CALLITRICHIDAE_PRIMATES,Callimico_goeldii,NA,NA,NA,NA,1.1154915626481687,0.9186549379932911,0.6899086977734689,0.9642914194958296,0.6167338832671702,0.5913430830026869,1.0196291604106866,0.709125848496357,0.4515188956761809,0.7519233165145578,0.906637863832209,0.39038881661176006,0.9714320045473391,1.032542781192629,1.408299326379184,1.1010310239018366,1.3690782790148746,0.9280924453529162,-0.4710495037290038,-0.7515703129043954,-0.6509592385510421,-0.9311257465634905,-0.5079689010493357,-0.5188244849319072,0.02738399211030464,-1.1185247719987388,-0.6602121854179801,-0.929549457189786,-0.7896185618977238,0.5551841726708873,0.5804143237832102,F,558,PanTheria,A,A,A,A,Tree,1,ADW
NMNH582900,Callithrix_geoffroyi_CALLITRICHIDAE_PRIMATES,Callithrix_geoffroyi,NA,NA,NA,NA,0.8897314214818166,0.5465764034651447,0.5906492234362104,0.6720190857370508,0.29713711439830937,0.4375660788828057,0.9153123017764094,0.6463132328026283,0.1646687903856119,0.6266575890813647,0.6863303177681512,0.12345592600815242,0.7621869380526146,0.8665144169905745,1.3308925312612145,0.8848682226284408,1.152197299992374,1.275032487813881,-0.526041641494044,-1.0364799881091262,-0.5826631165164339,-1.0086196149038922,-0.9910068327031047,-0.025292280846408964,-0.016928018439397983,-0.8330079949590485,-1.1571350673644418,-1.1043034381689913,-0.562632859211257,0.5363231874999049,0.34406305358565814,F,342,PanTheria,A,A,A,A,Tree,1,ADW
UWBM39005,Cebuella_pygmaea_CALLITRICHIDAE_PRIMATES,Cebuella_pygmaea,NA,NA,NA,NA,0.2197324587891429,-0.02445125811092896,0.07388003305475671,-0.008192476667848525,-0.182148550638389,-0.11614258688089103,0.37909627350183733,0.0404964592700408,-0.20955483632788044,0.19157329188964078,0.1225043729866151,-0.48779104887270835,0.23515065181293193,0.2656669241814682,0.558413864343645,0.21824470512615915,0.4228824353494101,0.7389521720099871,-0.41827285741601605,-0.8498787079731223,-0.746770863962107,-1.1040457410297613,-0.8230178163485747,0.6378745547702904,-0.22267697811001297,-0.5059739847204042,-0.9229426663053802,-0.8852965101024917,-0.5167087401814513,0.3302335551482526,-0.14597988215503585,F,123.94,PanTheria,A,A,A,A,Tree,1,ADW
UWBM35417,Galago_senegalensis_GALAGIDAE_PRIMATES,Galago_senegalensis,NA,NA,NA,NA,0.8257218477226546,0.20732618160170155,0.2966892990526316,0.46781746801126567,0.4539186942521734,0.3693673846606237,0.17832753816491734,0.22297002923987339,-0.1638952257732298,0.27474374171435073,0.16996442243423537,-0.40466296218466496,0.19330432496363745,0.00435314637831562,0.7111980352390124,-0.591037116036896,0.6047593340268612,2.4233645576423557,0.15754815030951283,-0.45440885388868296,0.006978210591685133,-1.0553904058192787,0.03555753402428238,-2.35123538635938,-0.5443328073304237,-1.3837312369930503,-1.914669139101977,-1.6007967141764705,-0.28610428474005073,3.6252307245996285,-0.4650658722806694,F,64,UWBM specimen label,A,A,A,A,Tree,1,ADW
UWBM35416,Lemur_catta_LEMURIDAE_PRIMATES,Lemur_catta,NA,NA,NA,NA,1.8998281242583221,1.3007614166361756,1.5685006102901484,1.760610234735314,1.1541270116810325,1.596864520692798,1.6367232052340797,1.2662031534639036,0.9523404266643493,1.5769737083178954,1.7482292998160862,0.873412073382084,1.8525682740755962,1.5052669068004483,1.9123101228595767,1.1240456350116348,1.9180643370457429,0.9768825376121718,0.07123980850233161,-0.871361645684336,-0.7132017208483952,-1.328945580687355,0.7657662214267441,-0.747354438631118,-0.579550772282698,-0.789258213195557,-1.7702460246717937,-1.1831167971084886,0.13129257909717224,2.1784427810349345,1.328282984501013,F,2626.48,PanTheria,Sc,Sc,Sc,Sc,Tree,1,ADW
NMNH588175,Leontopithecus_chrysomelas_CALLITRICHIDAE_PRIMATES,Leontopithecus_chrysomelas,NA,NA,NA,NA,1.0496296687294853,0.8359935928175645,0.7684933985495991,0.9280857940161471,0.6167338832671702,0.8386782189873386,1.18852880382856,0.6475045406812192,0.5965345438692122,0.9644666833084534,1.153280627164887,0.4370608848500193,1.2442727872600108,1.602986821186271,1.8329570782466846,1.2330862500722621,1.5690675363187032,0.3713874574314746,-0.36004910951218283,-0.7723821054127611,-1.0220674871025064,-1.17688908624213,-0.012009417416065853,0.9654632377236483,1.0988727172468868,-0.7658885781826819,-0.7251117046826,-0.7834924317443491,-0.04793560875508092,0.7441064372793172,0.5930527550551764,F,572.8,PanTheria,A,A,A,A,Tree,1,ADW
NMNH399069,Mico_argentatus_CALLITRICHIDAE_PRIMATES,Mico_argentata,NA,NA,NA,NA,0.8426767553715048,0.5163696919399603,0.3162058591788234,0.6304840996496732,0.2825103888618352,0.22060313398331854,0.8302213822133269,0.4511644904590248,0.23198209351115803,0.5794577680025256,0.6787432322616294,0.3575081028162716,0.7428930199525762,0.809037771729419,1.1632412961226726,NA,NA,0.8814448826821518,-0.46838204137789774,-0.8192027321096197,-0.7847537860018636,-0.6554016703602824,-0.6559197825687016,-0.04255935042657688,-0.027268246566579345,-1.376427277082991,-1.1108861990662071,-1.0648892490449158,-0.9971629926782797,NA,0.39862626279688496,F,382.92,PanTheria,A,A,A,A,Tree,1,ADW
UWBM35413,Nycticebus_coucang_LORISIDAE_PRIMATES,Nycticebus_coucang,NA,NA,NA,NA,1.364276249759867,1.116385452242007,1.13736316227284,1.0811216810645916,0.9488324885022696,0.951911610590441,1.4298671435614945,1.2080429147528051,0.8284760754179469,1.3839323171762008,1.3966133392089677,-5.882413712606107e-4,1.5281480462913088,0.7629286876687082,1.699689644366711,0.31087864722076886,1.7799524531719335,3.423469536956551,0.0639414470124601,-0.7622718141285943,-0.45264676885270616,-1.8194637329104157,0.15432844793460931,1.0103027886380331,-1.459964260463038,-0.5775679333364496,-0.8018619731484118,-1.5223344528839484,-0.093362869324238415,5.184396367806336,0.8242006052061411,F,924.55,PanTheria,A,A,A,A,Tree,1,ADW
NMNH397270,Saguinus_oedipus_CALLITRICHIDAE_PRIMATES,Saguinus_oedipus,NA,NA,NA,NA,1.0012374852689876,0.7317844749473342,0.5906492234362104,0.8027535137438262,0.405622363068374,0.49801023602916683,0.9782569055627783,0.6173881862722302,0.29588790430677236,0.7192963480834353,0.7817212782557594,0.307977037598202,0.8471023070631881,0.9441888693637899,1.3405069118705255,NA,NA,1.0131591972503147,-0.46092964346976134,-0.9325840759599241,-0.7431285931345046,-0.8791196827090437,-0.9022236155318941,-0.2443771609261021,4.835363794907477e-6,-1.0961373640866743,-0.9144618154600003,-1.072012884582753,-0.6868735999504643,NA,0.4893073524511125,F,462.04,PanTheria,A,A,A,A,Tree,1,ADW
UWBM59975,Saimiri_sciureus_CEBIDAE_PRIMATES,Saimiri_sciureus,NA,NA,NA,NA,1.224490770563897,0.7742373635103297,0.800752036946891,1.0556182742713516,0.5211672487801094,0.7386367785298016,1.2961078187166737,0.7581463805980678,0.49847581831690135,0.874467760929048,1.0928141661567337,0.2811660500284929,1.2190500090206868,0.9718568962080494,1.4105792995672486,0.9692967118344603,1.225777114648702,1.164268391589614,-0.7060016577421853,-1.0672349899852283,-1.0107271609224355,-1.291950404690941,-0.7175269490984909,0.20670151190819305,-0.7120791589504791,-1.1016192847096378,-1.4352519974016058,-1.0417553635607277,-0.6165906695745226,0.5153898222912435,0.7228422869698139,F,749.47,PanTheria,A,A,A,A,Tree,1,ADW
NMNH397838,Saimiri_sciureus_CEBIDAE_PRIMATES,Saimiri_sciureus,NA,NA,NA,NA,1.3365179614197908,0.8268578835375819,0.8591329816229509,1.1414612714167436,0.6439040494148587,0.6854256133431404,1.3635016831147864,0.7394258654481795,0.44643463351513213,0.9549353099173138,1.2141965609717464,0.3928855252598552,1.343021161245691,1.0038794711791053,1.4359757348067788,NA,NA,1.1353808234650984,-0.6742048307231959,-1.2179604587530306,-1.1341867314847898,-1.2965780118860273,-0.4534812786245205,0.1827715454854154,-0.8324635864280349,-1.2139698419253933,-1.5880730501262403,-1.1856046579937145,-0.9172999963028564,NA,0.7228422869698139,F,749.47,PanTheria,A,A,A,A,Tree,1,ADW
NMNH397905,Saimiri_sciureus_CEBIDAE_PRIMATES,Saimiri_sciureus,NA,NA,NA,NA,1.2891302400294637,0.8719074304824834,0.7657681833998716,1.0787719343969526,0.6417084341526059,0.6690077666437562,1.3462674644734576,0.7841231351031498,0.4637818249639401,0.9631095367616399,1.1384534981102856,0.2811660500284929,1.2511875895008722,1.024666145565127,1.4088696687467153,NA,NA,0.9591039373657351,-0.6324713409666605,-1.1755322198782476,-1.0442949765197806,-1.3403808330764344,-0.8164582325621232,0.22746418233398213,-0.6870949022934235,-1.3223383213881437,-1.33432192498878,-1.2262045141294942,-0.833417461267015,NA,0.7228422869698139,F,749.47,PanTheria,A,A,A,A,Tree,1,ADW
NMNH297830,Saimiri_sciureus_CEBIDAE_PRIMATES,Saimiri_sciureus,NA,NA,NA,NA,1.2803469305842274,0.8153471856684139,0.7185307175814772,1.1012125747658064,0.6295619940189915,0.717624823102619,1.3436632567432665,0.8016847342512222,0.5199427705762343,0.8008569130091164,1.1141558019424551,0.31195354899571354,1.2200907071629234,1.08977501756839,1.536827253624019,NA,NA,1.1789267775562784,-0.8958600000585942,-1.0984710954337582,-1.0139092682855742,-1.2801266108372726,-0.9511018747486306,0.11939285292432136,-0.5142453418778081,-1.4066934108909461,-1.4710031517089113,-1.1031053613765107,-0.7626936345722813,NA,0.7228422869698139,F,749.47,PanTheria,A,A,A,A,Tree,1,ADW
AMNH229,Aeromys_tephromelas_SCIURIDAE_RODENTIA,Aeromys_tephromelas,NA,NA,NA,NA,1.5123961687130403,0.9229192545124738,0.8780171704605425,1.4235035788671138,0.6367539239339886,1.0229696799251464,1.4700229520995647,0.8137853648456137,0.6863208255048715,0.9698804615477178,1.4247884543344225,-0.013973648239623519,1.5339024779868906,0.7272801653214739,1.2034499259497955,0.7787036355024268,1.0390554235128935,1.339645745438161,-0.8122340682468547,-1.0323036782447432,-1.1736592338644654,-1.848932686082297,-0.04245130857846416,-0.17513954119735367,-1.5463474047652106,-1.5345831755523205,-1.7810946283716607,-0.8352147125282748,-0.678390518994885,0.5103052916783268,0.9448400135473676,F,1187,PanTheria,G,G,G,A,Tree,1,ADW
UWBM72256,Akodon_aliquantulus_CRICETIDAE_RODENTIA,Akodon_azarae,NA,NA,NA,NA,-0.8255058908229745,-0.8882530678375021,-0.42282557089107153,-0.9095021054849246,-0.9026074680527243,-0.5794442161961648,-0.9731150353469165,-1.1342943760570154,-1.3209057201286871,-0.8239420452734132,-0.9415859921988495,-1.0811073032805767,-0.9264528027781788,-0.8938249837436021,-0.7551295241187083,NA,NA,0.376034225425816,0.05952979226726892,-0.5989692326268775,-0.5243027047984178,-0.4767713068535183,0.5267848220908291,-0.7249377634048081,-0.053191413683416476,1.2208916076986798,-0.43347212564717513,0.19367239826906682,0.3462975755567859,NA,-0.9137101324789215,F,25.27,PanTheria,Sf,Is,Is,B,Ground,0,ADW
NMNH155194,Allactaga_sibirica_DIPODIDAE_RODENTIA,Allactaga_sibirica,NA,NA,NA,NA,0.29202308171601676,0.06711915728131913,0.06448648741335118,0.571272913186344,0.06410947284842056,0.48103826228960583,-0.6290775071255407,-0.5401888928374481,-0.5598298972012957,-0.5110993562183913,-0.3834500340602639,-0.3780441177469382,-0.3749665357299041,-0.5092111410826495,-0.5230813227027008,1.8526235391587464,0.956557310936855,-0.11810878388066774,0.05262226748721488,0.31624040781819074,0.03349646464747296,-0.16281729967015632,1.6980614099237714,-3.8682808729199203,-0.19124173007837167,-0.721301408929294,-0.8521385072422359,1.509901647431557,-0.21639938554957477,-1.4710366186619495,-0.2618241437695849,F,97.5,Elton Traits,Sal,T,T,T,Ground,0,ADW
AMNH89389,Anomalurus_derbianus_ANOMALURIDAE_RODENTIA,Anomalurus_derbianus,NA,NA,NA,NA,1.230156776920946,0.7218830991015233,0.8679802249219898,1.0747869198397377,0.49173191109093695,0.8257954325311827,1.3985296784192445,0.6757721470221242,0.48160192198760415,1.0227564177387631,1.1899837127913333,0.6366183316035245,1.2176612213024018,0.7173917737915029,1.3065629391024767,0.5547734709651844,0.9523074444689136,1.792196562052435,-0.6118817161292696,-1.2149349831395324,-1.26851588177558,-0.9644942247700695,-1.2271412718544772,0.7274906344790599,-1.2822593542460465,-0.9511702240379067,-1.5945782119627645,-0.9907792534102983,-0.43215224039347777,0.8548704712547179,0.6657195246663029,F,665.84,PanTheria,G,G,G,A,Tree,1,ADW
FMNH62223,Anomalurus_pelii_ANOMALURIDAE_RODENTIA,Anomalurus_pelii,NA,NA,NA,NA,1.654724973165662,1.1570137824179672,1.046417931883548,1.5983292695479832,0.9061559513135826,1.1858611027163948,1.792310563496802,0.9564494461972164,0.7924740973094653,1.173657548233724,1.642953040590337,1.3616387697391596,1.6755237641119183,0.9357763676109435,1.593917731320683,0.9742273383671692,1.2823085376390593,2.0507163891614213,-0.9552206114933914,-1.2851850705021703,-1.3929210384294026,-0.5168311486719773,-1.022370687685679,0.4755441320272054,-1.5792443797283877,-1.4665165359824934,-1.52456723267488,-0.7594253939864253,-0.6385452108144808,0.6487877815143506,1.1377381013338994,F,1769.99,PanTheria,G,G,G,A,Tree,1,ADW
AMNH52101,Anomalurus_beecrofti_ANOMALURIDAE_RODENTIA,Anomalurus_beecrofti,NA,NA,NA,NA,1.2576461705073123,0.6171387200468045,0.6665419783052369,1.0352668880487397,0.4016220567002795,0.670842715711814,1.41254729112501,0.5080909946330325,0.36605657317934726,0.865685528831928,1.2207644404272786,0.4102354947445947,1.3045615591000688,0.5559033967091814,1.2705146404546757,0.33740545962014634,0.8691163206761024,2.365001403674854,-0.8934006763894035,-1.3682747319329918,-1.4933321069387475,-1.2840410944717817,-0.8935015285555402,0.8895565499084911,-1.5982617207272716,-1.4708702152468627,-1.9310024146265579,-1.260018590756552,-0.7418872649196323,1.223133632640305,0.5067822293853279,F,479.07,PanTheria,G,G,G,A,Tree,1,ADW
NMNH261263,Aplodontia_rufa_APLODONTIIDAE_RODENTIA,Aplodontia_rufa,NA,NA,NA,NA,0.655320430004941,0.9730285673947369,0.9835297223622662,0.5638622221934652,0.7978341108688669,0.8062174252673139,0.7544251257909096,1.0841004695351544,0.8370513961034655,1.0956301675783575,0.7592636304977072,1.1182154877342312,0.7124583311058833,0.7436011319596357,0.5266019359453272,0.2553897311225477,0.4591283053005369,-0.7555429175017696,0.9456320335340246,0.5816837262201867,0.8130796879028285,0.7635579591412465,-0.4108023311097774,0.7208306494713119,-0.058970873595172016,1.2102596234664431,1.4120859320239252,-0.49549939523011627,0.8637629767731699,0.3308276077933598,0.7580756586680618,F,806.21,PanTheria,F,Is,Is,B,Ground,0,ADW
FMNH214361,Apomys_abrae_MURIDAE_RODENTIA,Apomys_abrae,NA,NA,NA,NA,-0.3694325807041991,-0.48576343472641825,-0.5764362560895702,-0.29115636938418016,NA,-0.6839744781687069,-0.5173384419389598,-0.5642368635976162,NA,-0.7247088385597151,-0.39835257312469347,-0.45021751600522275,-0.39073275109551364,-0.39617324624440753,-0.5230813227027008,0.047293177120324104,-0.277996213514104,-0.4316367774456666,-0.5917099163397646,NA,-0.25794001009927886,-0.2739690947884979,0.8641403990435346,-0.8687918581668412,-0.01547041720208806,-0.7521397391134136,-0.5654033824448357,0.7756130609566007,-1.2712297794214216,-0.7475034976810261,-0.5746879975177587,F,51,Field Notes,T,T,T,T,Ground,0,Nations et al 2019
FMNH167342,Apomys_abrae_MURIDAE_RODENTIA,Apomys_abrae,NA,NA,NA,NA,-0.34138872638847406,-0.46701961036923473,-0.5231615742270902,-0.20427227706196882,NA,-0.5017202983553029,-0.43848881153012886,-0.49626783158390103,NA,-0.47592669234103024,-0.3123134483923055,-0.305332280056836,-0.30136828904632595,-0.3012612155288656,-0.3360384822651251,0.0866245254758498,-0.1457662674972393,-0.1971264764126132,-0.25258330957958647,NA,-0.2740836017470744,-0.15332936548584777,0.9039612528248133,-0.7508457938011844,0.018219992307360676,-0.6810038181523713,-0.5942463549922689,1.069928667562673,-1.043315497509138,-0.5854437119856565,-0.5561166824496535,F,53,Field Notes,T,T,T,T,Ground,0,Nations et al 2019
FMNH193869,Apomys_abrae_MURIDAE_RODENTIA,Apomys_abrae,NA,NA,NA,NA,-0.3781801930256496,-0.4920719388290319,-0.5686887204620726,-0.25864394225471693,NA,-0.5595529475553311,-0.4699221062527204,-0.5949384715629427,NA,-0.672828748151763,-0.36518438996250463,-0.3957320830607177,-0.3530441420047867,-0.2641789885893836,-0.3162859143734676,0.08994848061824084,-0.06953302326933306,-0.24788545974774936,-0.5767191695231657,NA,-0.4140654589114191,-0.23073295403383068,0.7923408050601127,-0.7398833562727739,0.22730487966272803,-0.7093285797607335,-0.5579819111166628,0.9955520662073842,-1.0696664615803462,-0.45232093929543193,-0.5470922204015117,F,54,Field Notes,T,T,T,T,Ground,0,Nations et al 2019
FMNH167347,Apomys_abrae_MURIDAE_RODENTIA,Apomys_abrae,NA,NA,NA,NA,-0.36725452076890125,-0.4394012305578842,-0.41595041637482416,-0.2342805986940932,NA,-0.4374828036234991,-0.4736250814104268,-0.49626783158390103,NA,-0.4672872619311576,-0.3339145713576659,-0.31368785341820044,-0.3156485593539125,-0.25506583527879056,-0.3846167113193468,0.15493217620477598,-0.23897844057530535,-0.45179351105729565,-0.1668295094716783,NA,-0.20245296010269842,-0.12912560113497049,1.0407370182543154,-0.75031448171766435,0.2054107012619839,-0.30575792389919815,-0.40841460075441693,1.0613330461249864,-0.8412209636525243,-0.8539647478982069,-0.5295341159097978,F,56,Field Notes,T,T,T,T,Ground,0,Nations et al 2019
FMNH167355,Apomys_abrae_MURIDAE_RODENTIA,Apomys_abrae,NA,NA,NA,NA,-0.3727062850466708,-0.4952377121196945,-0.5920731967800997,-0.2685027201668764,NA,-0.5111741672448539,-0.4677051850535461,-0.5581828935782351,NA,-0.5472991030493006,-0.373404458406191,-0.32631812185859305,-0.36998658394603084,-0.3178114552103069,-0.3764020801765322,0.16338864787934776,-0.11008641157850345,-0.2599709645695221,-0.3428405291146758,NA,-0.3442420261373691,-0.07897163463627177,0.6788525773684781,-0.7433973190750862,0.10150645966313311,-0.7851290684188875,-0.5873774196440363,0.9119470424672603,-0.9445715137438188,-0.6533788450742385,-0.5125922140064612,F,58,Field Notes,T,T,T,T,Ground,0,Nations et al 2019
FMNH193876,Apomys_abrae_MURIDAE_RODENTIA,Apomys_abrae,NA,NA,NA,NA,-0.33128577454052205,-0.44548812362107165,-0.5999637647291537,-0.25373907649465893,NA,-0.473782543578624,-0.42912798251797407,-0.6105664925103846,NA,-0.6830325361782988,-0.34195601361616956,-0.33906661605897515,-0.3356085930948736,-0.20382945511931994,-0.4392230139107561,0.045014349059694335,-0.14275941143786372,-0.7161296945827184,-0.6609180565255951,NA,-0.5207463678265467,-0.16402253496987249,0.643281241460771,-0.7017508672162196,0.31768262508215833,-0.9068699136272693,-0.5532157541183802,0.7526521025667113,-0.887566574850201,-0.507238569505145,-0.4650658722806694,F,64,Field Notes,T,T,T,T,Ground,0,Nations et al 2019
FMNH170927,Apomys_abrae_MURIDAE_RODENTIA,Apomys_abrae,NA,NA,NA,NA,-0.30246022062823025,-0.4363684420328949,-0.5009901876020917,-0.21074425471688826,NA,-0.39354968892673947,-0.44210647829005134,-0.5703192561156225,NA,-0.4333192947249289,-0.29716154275560347,-0.21275619051811828,-0.2932722965945076,-0.19077801275335626,-0.12932130672735237,0.17284577384965158,-0.07239262869051814,0.0630168951263354,-0.1560778389776716,NA,-0.418170696539494,0.004741729179573505,0.9757149738685565,-0.7847845197176662,0.3121473189551687,-0.7209525456001363,-0.6180444059790395,0.811106326593023,-0.7840973464988629,-0.6034945002134358,-0.45758053377541885,F,65,Field Notes,T,T,T,T,Ground,0,Nations et al 2019
FMNH170919,Apomys_abrae_MURIDAE_RODENTIA,Apomys_abrae,NA,NA,NA,NA,-0.3066149038158393,-0.3975730448732772,-0.4436750261277923,-0.2103119077552839,NA,-0.5017202983553029,-0.39441679524796097,-0.49626783158390103,NA,-0.5110993562183913,-0.30163425217515344,-0.260271038956236,-0.29058388056236595,-0.21040292592151597,-0.2511431975086931,0.12279073495977959,-0.11892495381947221,-0.22254944706509,-0.403912529221578,NA,-0.3613359181519305,-0.08388694878687013,0.6935793511010541,-0.6835721983885827,0.191053278202335,-0.5532910946229616,-0.4680830788505572,0.8369798389838307,-1.0322361157519813,-0.599999057857551,-0.4287484060156556,F,69,Field Notes,T,T,T,T,Ground,0,Nations et al 2019
FMNH214362,Apomys_abrae_MURIDAE_RODENTIA,Apomys_abrae,NA,NA,NA,NA,-0.3286396431354701,-0.47323756143335527,-0.5306380574816797,-0.2246464823164452,NA,-0.45550018809217735,-0.4248293872900599,-0.5165791783726934,NA,-0.6230327675153039,-0.34657154625738484,-0.3824446197532991,-0.34116465834795173,-0.37615111877088114,-0.28142044348466155,0.022034421134712566,-0.08966890252035466,0.18189958020325095,-0.5615382472694129,NA,-0.3432778182982838,-0.23925787591735526,0.5848575186751598,-0.7892433617887055,-0.13893846357822703,-0.7335930436209602,-0.6579268645366653,0.8882571785459848,-0.9017255519250089,-0.36557706413289437,-0.4218016003743343,F,70,Field Notes,T,T,T,T,Ground,0,Nations et al 2019
FMNH188437,Apomys_abrae_MURIDAE_RODENTIA,Apomys_abrae,NA,NA,NA,NA,-0.27322313311364343,-0.44548812362107165,-0.3491533739043133,-0.22115866110098342,NA,-0.25482215731377905,-0.409891148027819,-0.5253824776585946,NA,-0.3840510932563853,-0.31683396594928276,-0.3824446197532991,-0.2852223043480134,-0.3297588562389651,-0.5050036169550264,0.047293177120324104,-0.032859084327993435,-0.5595381008212212,-0.11358850521145146,NA,-0.3901474108132531,-0.29269456581174846,0.8211080754969966,-0.8070921034093744,-0.11011633945024077,-0.37305952176539436,-0.7448048162408615,0.5943385632744681,-0.41025475438412945,-0.3025257810259426,-0.4082008513381736,F,72,Field Notes,T,T,T,T,Ground,0,Nations et al 2019
FMNH170911,Apomys_abrae_MURIDAE_RODENTIA,Apomys_abrae,NA,NA,NA,NA,-0.21366966083628694,-0.3485276283198983,-0.5009901876020917,-0.12955761850195524,NA,-0.27820550063253857,-0.3653583400599352,-0.4537870675622765,NA,-0.4084404682791375,-0.23597213167738218,-0.22056110692734787,-0.22626255601925943,-0.21040292592151597,-0.2624203780454855,0.23542515707886782,0.05891633479995799,-0.253025100169419,-0.2518582682524777,NA,-0.3315185877531018,-0.1297765838165212,0.8942558255089915,-0.8600359834417477,0.06753866935604802,-0.9393743763090928,-0.610383968806062,0.7272490719593655,-0.6694000156558924,-0.47565879390052923,-0.4015415090351775,F,73,Field Notes,T,T,T,T,Ground,0,Nations et al 2019
FMNH170905,Apomys_abrae_MURIDAE_RODENTIA,Apomys_abrae,NA,NA,NA,NA,-0.27932581957942915,-0.26625020035925945,-0.5009901876020917,-0.14271431504232027,NA,-0.41093707400631685,-0.3798094120019563,-0.4045831580600282,NA,-0.392127690203688,-0.25806864290469334,-0.33055437468649557,-0.2469460594732129,-0.09471044316947413,-0.18176113260226143,0.2993654314699335,0.029850923801563598,-0.35740877427526596,-0.19009941422656956,NA,-0.19882367731738537,-0.3004775950971383,0.8611728542434097,-0.7729859741856531,0.43729500767521395,-0.7792558676771191,-0.07855552501801924,1.034795048827659,-0.9568399994487345,-0.6392165946249213,-0.39497277284344506,F,74,Field Notes,T,T,T,T,Ground,0,Nations et al 2019
FMNH170929,Apomys_abrae_MURIDAE_RODENTIA,Apomys_abrae,NA,NA,NA,NA,-0.2626094798590915,-0.3570492935645644,-0.5231615742270902,-0.18715079630167777,NA,-0.39354968892673947,-0.36809902936971484,-0.4848027370546296,NA,-0.4587076204459287,-0.30275462289637484,-0.3095036590791864,-0.28388507458963397,-0.14397678990156906,-0.2069236740419149,0.16444237654126315,-0.07525784668727796,-0.2889112858900969,-0.348501352103882,NA,-0.3891685289251104,-0.17933486079403488,0.571931216736494,-0.788881920860417,0.33210272858846385,-0.877780100048499,-0.4748817221405502,0.7075360004917254,-0.8310478741045386,-0.5941565623816998,-0.3695566593050485,F,78,Field Notes,T,T,T,T,Ground,0,Nations et al 2019
FMNH170907,Apomys_abrae_MURIDAE_RODENTIA,Apomys_abrae,NA,NA,NA,NA,-0.22635145242008572,-0.3149890109673325,-0.4436750261277923,-0.1875764276768448,NA,-0.37640213750622714,-0.35921204993361244,-0.42895153591324886,NA,-0.3444389936585826,-0.2467081900072822,-0.260271038956236,-0.2153960412097041,-0.2214305327032099,-0.2968088445685933,0.1410883418988504,-0.09256826415011556,-0.3142938610979146,-0.12857780774994507,NA,-0.2923464337680369,-0.18758836014997102,0.9208163195623276,-0.6941274761340145,0.016605448356961542,-0.7610494871047133,-0.44957276503689003,0.5050137204870744,-0.7896239222949409,-0.5847062962620326,-0.3634063256548453,F,79,Field Notes,T,T,T,T,Ground,0,Nations et al 2019
FMNH218515,Apomys_sacobianus_MURIDAE_RODENTIA,Apomys_banahao,NA,NA,NA,NA,-0.3139165625759954,-0.3771532194686325,-0.5306380574816797,-0.21507468644549313,NA,-0.27820550063253857,-0.44428173920689323,-0.4677931199389536,NA,-0.5940877971979223,-0.30387587372037383,-0.3220950047194565,-0.29664000634233295,-0.47669938220413555,-0.47831841133293806,0.09105483767185617,-0.1307935403381708,-0.08719634759178667,-0.4750478305578108,NA,-0.2017535573886309,-0.2016715123516234,0.9691391745968917,-0.7713212347334765,-0.4105105525733086,-0.7706765128788997,-0.36923703666810764,0.8538865701368415,-0.48598461786572267,-0.5663856844735072,-0.4218016003743343,F,70,Field Notes,T,T,T,T,Ground,0,Nations et al 2019
FMNH218490,Apomys_sacobianus_MURIDAE_RODENTIA,Apomys_banahao,NA,NA,NA,NA,-0.2441102286050338,-0.268910486432892,-0.36882966659731475,-0.16854319799911727,NA,-0.2940423742638453,-0.3818865324225474,-0.4126551295101509,NA,-0.4166780616875079,-0.2179041407303299,-0.3605829274719589,-0.19390989168595418,-0.19511445212693146,-0.2968088445685933,0.16864993531275568,-0.1700467124713388,-0.3858563473289878,-0.23750941115367968,NA,-0.21189789572075043,-0.4243403801268061,1.1978020544311592,-0.6723533787396448,0.08511359335795836,-0.5099395059412712,-0.21797942430995293,0.6988467665667428,-0.6271628653600073,-0.7635589207443858,-0.4218016003743343,F,70,Field Notes,T,T,T,T,Ground,0,Nations et al 2019
FMNH218491,Apomys_sacobianus_MURIDAE_RODENTIA,Apomys_banahao,NA,NA,NA,NA,-0.22978626951386075,-0.22183916913980345,-0.49368410945709784,-0.11935973206227572,NA,-0.31008360028616166,-0.3222472736352614,-0.35201825135028303,NA,-0.5200506820855707,-0.22637824191365602,-0.272413355811021,-0.21475942254079197,-0.20382945511931994,-0.34401840836490966,0.17807418958414836,-0.049671110069733446,-0.4836209104279887,-0.5455053314216565,NA,-0.20454331535377787,-0.24810091848216104,0.6942284279447279,-0.7294816284290299,0.016073955958499888,-0.8822420239351959,-0.09151100478727786,0.8712897022327266,-0.7680834134831497,-0.5721324127694783,-0.3757863542873039,F,77,Field Notes,T,T,T,T,Ground,0,Nations et al 2019
FMNH179480,Apomys_sacobianus_MURIDAE_RODENTIA,Apomys_banahao,NA,NA,NA,NA,-0.20592438496815132,-0.23215310655699703,-0.362237296058674,-0.1618343966376028,NA,-0.3020371141503164,-0.3156337726908774,-0.3938981719128488,NA,-0.4672872619311576,-0.24347888495208994,-0.40019020221685114,-0.21922177213149022,-0.3036131170205792,-0.3601163764522014,0.17284577384965158,0.016445612884262075,-0.2557778543833878,-0.45860734907531536,NA,-0.306378380344965,-0.451057252300104,0.6276796406111521,-0.7025440356511745,-0.23719880440617386,-0.5933147018324598,-0.21822290914809808,0.5214855088860018,-0.661241243522843,-0.44175943769253373,-0.3634063256548453,F,79,Field Notes,T,T,T,T,Ground,0,Nations et al 2019
FMNH179478,Apomys_sacobianus_MURIDAE_RODENTIA,Apomys_banahao,NA,NA,NA,NA,-0.22978626951386075,-0.3039990994407708,-0.2918737795718107,-0.13406705047828177,NA,-0.22431319630945473,-0.3805014305638021,-0.37540890685884065,NA,-0.45018694603468223,-0.24509262421448688,-0.244247863717807,-0.24499410303519195,-0.21700864609627252,-0.3320655542156561,0.13572972699537494,-0.07525784668727796,-0.4182930681515851,-0.30866525158612496,NA,-0.13375669039528992,-0.15933172467040196,0.8771985450019696,-0.8705641745502093,0.09390043290696748,-0.3258179442137423,-0.3981477197187113,0.7950033966761482,-0.522993037955776,-0.54437128553745,-0.3113181106581751,F,88,Field Notes,T,T,T,T,Ground,0,Nations et al 2019
FMNH188425,Apomys_datae_MURIDAE_RODENTIA,Apomys_datae,NA,NA,NA,NA,-0.23915371587710677,-0.30948243792680574,-0.607903190995331,-0.14767839282820241,NA,-0.17990927010625063,-0.3282272429364795,-0.36496088872797705,NA,-0.3680540552174595,-0.22266463060908137,-0.22448040225398264,-0.21348704273024083,-0.18429942802520366,-0.2775996934474145,0.08106824820279841,-0.10422364024185922,-0.3650454741401059,-0.23882843901818757,NA,-0.22000184919105914,-0.16253296089675923,0.7385721704907906,-0.6343126996430731,0.07327396774203485,-1.1396256098083064,-0.3852967494408661,0.7778556254921912,-0.3746396151178385,-0.5006468990187412,-0.5842486002789141,F,50,Field Notes,T,T,T,T,Ground,0,Nations et al 2019
FMNH193898,Apomys_datae_MURIDAE_RODENTIA,Apomys_datae,NA,NA,NA,NA,-0.36779870583247276,-0.3946362090625942,-0.33620161483871497,-0.22290154406521914,NA,-0.2860987193260328,-0.4677051850535461,-0.43442954503340614,NA,-0.3840510932563853,-0.3094953779299116,-0.3433427708625963,-0.30543370022551464,-0.27565785829632816,-0.32415344654909667,0.05976547695769632,-0.24863555253377223,-0.23698711377547432,0.004334960801981747,NA,-0.07889202882103287,-0.23216091946760228,1.0652190064725056,-0.697686512460347,0.12779591054654227,-0.057636219952733936,-0.2421487478942615,1.1255619822707643,-0.48944423043694757,-0.7185367471770943,-0.5209888545585195,F,57,Field Notes,T,T,T,T,Ground,0,Nations et al 2019
FMNH170956,Apomys_datae_MURIDAE_RODENTIA,Apomys_datae,NA,NA,NA,NA,-0.27932581957942915,-0.47012486702749406,-0.5533326896741381,-0.18247691384536538,NA,-0.4374828036234991,-0.3951163415955856,-0.44822677050071924,NA,-0.5472991030493006,-0.24724711854891301,-0.37365778807431627,-0.21348704273024083,-0.21921777417453844,-0.3320655542156561,0.1325053838574361,-0.1307935403381708,-0.4123925822486537,-0.4719307337782604,NA,-0.2605571788092518,-0.39782495361709796,1.1624553111997178,-0.6679435678592708,0.06386700063001588,-0.913949497968743,-0.8071488116199604,0.8259462198914829,-0.9413701622814747,-0.6373577789287489,-0.45758053377541885,F,65,Field Notes,T,T,T,T,Ground,0,Nations et al 2019
FMNH170954,Apomys_datae_MURIDAE_RODENTIA,Apomys_datae,NA,NA,NA,NA,-0.2078565348211499,-0.32329286856996514,-0.4507008697081767,-0.09157287250334102,NA,-0.41093707400631685,-0.32689607063166237,-0.34687718418056407,NA,-0.5658032263646768,-0.17268658063626738,-0.23235299172407564,-0.12535179995321655,-0.098747817293917,-0.2775996934474145,0.26822623344743585,0.04577647920457321,-0.5895385430061123,-0.6200138467450531,NA,-0.18381304104893262,-0.26919967849519943,1.2656142306445346,-0.712494406470242,0.18215636358147025,-0.8254420622821371,-0.54210675319233,0.8906463033766125,-1.0518031772725003,-0.5576568093137656,-0.4429492727952802,F,67,Field Notes,T,T,T,T,Ground,0,Nations et al 2019
FMNH170942,Apomys_datae_MURIDAE_RODENTIA,Apomys_datae,NA,NA,NA,NA,-0.188182108152686,-0.3205190163041312,-0.36882966659731475,-0.09716874749174735,NA,-0.36791624948618995,-0.3097091871492897,-0.33665585126658404,NA,-0.4846267508286082,-0.1599536485126448,-0.12973051025037388,-0.15128237157433783,-0.21921777417453844,-0.23254793916489183,0.1506860703324095,-0.030075807792382545,-0.14653546173590054,-0.5014086504307985,NA,-0.19736128210210582,-0.0932471360283821,0.9944635627593436,-0.6674454041263239,-0.119731671756783,-0.6577710961455986,-0.5985232868208519,0.7498124271488918,-0.9461260199502022,-0.488356713115369,-0.4218016003743343,F,70,Field Notes,T,T,T,T,Ground,0,Nations et al 2019
FMNH175630,Apomys_datae_MURIDAE_RODENTIA,Apomys_datae,NA,NA,NA,NA,-0.1977435125130682,-0.3946362090625942,-0.41595041637482416,-0.10802092205299199,NA,-0.35111629425636876,-0.3302264649061704,-0.45100393603722244,NA,-0.3366662205693647,-0.20162737100883954,-0.260271038956236,-0.1690422971856051,-0.19077801275335626,-0.38050335556927317,0.2070226040039151,-0.18234007438862804,-0.6077577826056642,-0.16900464053132577,NA,-0.3942524631854126,-0.2697700217922039,1.0173573714024524,-0.7801312342046316,2.466617705693613e-4,-0.759712515837521,-0.8176335349315875,0.7479962344610314,-0.8870112068119541,-0.8441317546048757,-0.4082008513381736,F,72,Field Notes,T,T,T,T,Ground,0,Nations et al 2019
FMNH175662,Apomys_datae_MURIDAE_RODENTIA,Apomys_datae,NA,NA,NA,NA,-0.3781801930256496,-0.4034667025627894,-0.2918737795718107,-0.26670532247783285,NA,-0.39354968892673947,-0.4625464779035738,-0.47343821482549797,NA,-0.3760267723836707,-0.291590293584272,-0.30117363808949127,-0.27058173906491795,-0.3886300149656813,-0.4695354687497883,0.06989382706903725,-0.27142040013969665,-0.3124819454251034,0.011809126405909417,NA,-0.1760606514893115,-0.18385325868676972,1.2473552927624858,-0.4886048318549813,-0.2134438546196983,0.1189287805301066,-0.23773783215004002,0.9529689697194529,-0.669696093749041,-0.7729219135299606,-0.3884922102730804,F,75,Field Notes,T,T,T,T,Ground,0,Nations et al 2019
FMNH188448,Apomys_datae_MURIDAE_RODENTIA,Apomys_datae,NA,NA,NA,NA,-0.26160300162588584,-0.23474443202807663,-0.5157284331478819,-0.14726408302133404,NA,-0.2940423742638453,-0.34363078531389235,-0.2696940100756013,NA,-0.4084404682791375,-0.20006200558904966,-0.07237659649377842,-0.19956576675723567,-0.09672761697246135,-0.1996879932558561,0.15810891916242198,-0.08388739753498367,-0.3986106913859528,-0.29268030083009106,NA,0.025702929234970882,0.10587833436140517,0.9177091462418155,-0.553841915048413,0.3141338156663331,-0.8612298666382611,-0.022580604288115296,0.908020145648857,-0.6717816041787289,-0.5985680547521687,-0.3695566593050485,F,78,Field Notes,T,T,T,T,Ground,0,Nations et al 2019
FMNH175646,Apomys_datae_MURIDAE_RODENTIA,Apomys_datae,NA,NA,NA,NA,-0.24958353027908062,-0.3513619790468337,-0.38211696939216316,-0.21377422572118598,NA,-0.31008360028616166,-0.36947146261170705,-0.34687718418056407,NA,-0.4166780616875079,-0.25264762527734036,-0.272413355811021,-0.23527445715959394,-0.27565785829632816,-0.3360384822651251,0.22433079445937648,-0.08388739753498367,-0.2689761126675184,-0.2610467157008167,NA,-0.0938848479787019,-0.20012556425609965,0.8661124402172685,-0.6098490584789755,-0.08479770661269388,-0.5327838227753227,-0.4992621215216123,0.5015902474824119,-0.5714709075325072,-0.7096467216075725,-0.3513358303956778,F,81,Field Notes,T,T,T,T,Ground,0,Nations et al 2019
FMNH193890,Apomys_datae_MURIDAE_RODENTIA,Apomys_datae,NA,NA,NA,NA,-0.23273738228060917,-0.27157622950742155,-0.34266114107084794,-0.1328358418656614,NA,-0.21680152531109317,-0.31168116247250616,-0.23628946860214659,NA,-0.3760267723836707,-0.1943369753136546,-0.17817721698271793,-0.18702767763996045,-0.1629265465467254,-0.32021413993833825,0.2029210219985287,-0.11302665043894883,-0.5303455445597335,-0.28641238529250057,NA,0.03212459801979623,-0.12450308592887827,0.7923671552513042,-0.5711191957566527,0.07417928865315712,-0.4661471348466965,-0.2688895403342001,0.8181164470534924,-0.5061240204575697,-0.7238104480098508,-0.3395597670178441,F,83,Field Notes,T,T,T,T,Ground,0,Nations et al 2019
FMNH188438,Apomys_datae_MURIDAE_RODENTIA,Apomys_datae,NA,NA,NA,NA,-0.20014450066216188,-0.3485276283198983,-0.3888126151308329,-0.10117879727813321,NA,-0.22431319630945473,-0.2843321486696991,-0.20602373651065453,NA,-0.36013228227868904,-0.1599536485126448,-0.0688709209774472,-0.19516480303799322,-0.1481648594107987,-0.32415344654909667,0.2474356265103059,-0.157856010306868,-0.5780037935529679,-0.30509211759955773,NA,0.04154273101992922,0.03186236234806882,0.5767813230309995,-0.5721909309905113,0.08949003780783751,-0.6810972326816336,-0.6551822666798397,0.7967710467464535,-0.5939747842877809,-0.8675181591086171,-0.3337777259039643,F,84,Field Notes,T,T,T,T,Ground,0,Nations et al 2019
FMNH170948,Apomys_datae_MURIDAE_RODENTIA,Apomys_datae,NA,NA,NA,NA,-0.19104341345602097,-0.2903911290998597,-0.19596267339521198,-0.049101605587411536,NA,-0.2471244375620162,-0.30315665515845924,-0.28917629039037207,NA,-0.392127690203688,-0.13781591257186654,-0.26835387684099893,-0.12954084789062742,-0.1650486325047559,-0.3480255367025697,0.2583617249721397,-0.04404556129419156,-0.5936089500041319,-0.33464183142392506,NA,-0.10708834092470709,-0.3962405486756525,1.0852232390383016,-0.7140507820537545,-0.017581240489843636,-0.14574389560108927,-0.4832399074177947,1.0171478153413616,-0.7586307080541941,-0.6980037782880261,-0.32806411291895676,F,85,Field Notes,T,T,T,T,Ground,0,Nations et al 2019
FMNH193940,Apomys_datae_MURIDAE_RODENTIA,Apomys_datae,NA,NA,NA,NA,-0.21707226680661085,-0.32607265421414944,-0.31701602130540596,-0.07215230022547536,NA,-0.19453505960095122,-0.29338708619208353,-0.31645197628876404,NA,-0.3289418762872276,-0.17217507651842925,-0.24823601938200143,-0.12954084789062742,-0.21700864609627252,-0.17820321152484261,0.11083155581509402,-0.13975873597083974,2.5588784355658076e-4,-0.2240041123987235,NA,-0.18754013574271883,-0.2998081994110201,1.022552260631688,-0.6692481569365836,-0.16061692542850914,-0.43518705910108924,-0.520653800892288,1.046565149715225,-0.5802481364175068,-0.6162912010387985,-0.2951335338708392,F,91,Field Notes,T,T,T,T,Ground,0,Nations et al 2019
FMNH188433,Apomys_datae_MURIDAE_RODENTIA,Apomys_datae,NA,NA,NA,NA,-0.2978014609957264,-0.33444786661669834,-0.362237296058674,-0.18672528732230795,NA,-0.1582882422216801,-0.3653583400599352,-0.3571798009134018,NA,-0.3760267723836707,-0.21315947522385664,-0.2049957468084024,-0.2096767450759971,-0.18214680844335146,-0.2852516757024944,0.17074931552824174,0.021822518044807716,-0.39076596467929525,-0.18410315623417073,NA,-0.12557904080774865,-0.1420491753048463,0.9943886354845928,-0.4475445645130575,0.12064508535582787,-0.3426230324088066,-0.2693760773113293,0.9095059822210981,-0.22348432495446818,-0.42782161458183554,-0.2898570369523175,F,92,Field Notes,T,T,T,T,Ground,0,Nations et al 2019
FMNH193936,Apomys_datae_MURIDAE_RODENTIA,Apomys_datae,NA,NA,NA,NA,-0.1390682918521769,-0.25040184183040975,-0.21927628375333116,0.010915291251300545,NA,-0.22431319630945473,-0.2575260151946527,-0.2386471530138465,NA,-0.3212653610688379,-0.09212494990304776,-0.11516401646598971,-0.074295892569879,-0.16080779982840257,-0.11227001713802126,0.2504233400070691,-0.06383056249984705,0.022278021898830144,-0.2761210663208019,NA,-0.09201066979575388,-0.1922298301846593,1.1305903065316383,-0.7628428403860303,-0.1319607884543322,-0.3664656019348162,-0.5190607722619299,1.0328304177170125,-0.8243879592124116,-0.7184863670313637,-0.24479687458418406,F,101,Field Notes,T,T,T,T,Ground,0,Nations et al 2019
FMNH214389,Apomys_datae_MURIDAE_RODENTIA,Apomys_datae,NA,NA,NA,NA,-0.1905661071674742,-0.26625020035925945,-0.15615684828033133,-0.05960568586697822,NA,-0.13703682271441442,-0.2740574499860762,-0.255272185157911,NA,-0.3289418762872276,-0.14934507136946645,-0.1743887467064815,-0.1361487644956958,-0.19077801275335626,-0.3520441963606908,0.1926179376379938,-0.12188306648457735,-0.5376768461262009,-0.2607489200900284,NA,-0.09372447774728908,-0.20117782250629954,0.8602877318432903,-0.6548137614520982,-0.10945352937770136,-0.021052285912106852,-0.39840341377187366,0.9587911392306093,-0.45814505417856255,-0.7219096532293393,-0.2400402384485868,F,102,Field Notes,T,T,T,T,Ground,0,Nations et al 2019
FMNH188440,Apomys_datae_MURIDAE_RODENTIA,Apomys_datae,NA,NA,NA,NA,-0.17632496416975754,-0.21415708198253,-0.3754561063856092,-0.10238393441457137,NA,-0.2471244375620162,-0.29663576275002906,-0.24337543281210094,NA,-0.5565166417684175,-0.17166375563689054,-0.0971722860523494,-0.15799271482327415,-0.2214305327032099,-0.42219251909277655,0.16759914694731073,-0.14275941143786372,-0.6317987053641263,-0.6524326263241,NA,-0.017685081261541842,-0.003914462644843297,0.8713133610624182,-0.6848102577264722,-0.1321872580816632,-0.7061580430889824,-0.2576529696997735,0.6568335901568028,-0.648871028552354,-0.7162251367341318,-0.2400402384485868,F,102,Field Notes,T,T,T,T,Ground,0,Nations et al 2019
FMNH222314,Apomys_gracilirostris_MURIDAE_RODENTIA,Apomys_gracilirostris,NA,NA,NA,NA,-0.21318427480848487,-0.3771532194686325,-0.42973778841393423,-0.035979439823382475,NA,-0.4464588553829205,-0.3176144245158084,-0.22690140413968307,NA,-0.3680540552174595,-0.21053034899598128,-0.10075166836522027,-0.22497980824143476,-0.2596147019757917,-0.28142044348466155,0.34115715535978325,-0.06667900847814735,-0.16579219576757412,-0.2589520030723982,NA,0.06752566755460594,0.0664977767484594,0.6063118189213946,-0.9361241720183626,-0.11939527599922044,-0.7573254525388403,-0.7097034735679876,1.2184995284862328,-1.224640561005192,-0.8669677566024291,-0.3113181106581751,F,88,wiki,T,T,T,T,Ground,0,Nations et al 2019
FMNH222319,Apomys_gracilirostris_MURIDAE_RODENTIA,Apomys_gracilirostris,NA,NA,NA,NA,-0.20640716279585541,-0.2769241765327455,-0.3043832763098895,-0.021830430034131175,NA,-0.23947408869325534,-0.3382530810692687,-0.22456497929241517,NA,-0.4249707564646603,-0.19329852330309713,-0.14816048276644922,-0.2122158045796099,-0.19728792033359924,-0.273789368389116,0.2613278665163058,0.09509091746852386,-0.31963828054124144,-0.3358873974892894,NA,0.12024232434469086,-0.06620475140604985,0.808326576641169,-0.9853351192256773,0.049829093926990344,-0.42798519372571703,-0.3817386630719725,1.255123493947116,-0.7951561472648686,-0.4550628094334944,-0.3113181106581751,F,88,wiki,T,T,T,T,Ground,0,Nations et al 2019
FMNH222321,Apomys_gracilirostris_MURIDAE_RODENTIA,Apomys_gracilirostris,NA,NA,NA,NA,-0.221948083599888,-0.24254955635017006,-0.3297744673201168,-0.05726499336903264,NA,-0.35111629425636876,-0.35445086678126436,-0.21758088029405404,NA,-0.45018694603468223,-0.24994481775594288,-0.11154660614250278,-0.22626255601925943,-0.2596147019757917,-0.47831841133293806,0.2474356265103059,-0.07525784668727796,-0.6715539650522815,-0.3564460674853615,NA,0.17481417717878123,0.12410663606143056,0.8258509078693181,-1.0469688061987246,-0.07351513784970443,-0.45861486665928564,-0.1992097609581697,1.1552150979325513,-0.9836253481926767,-0.732837058898872,-0.3113181106581751,F,88,wiki,T,T,T,T,Ground,0,Nations et al 2019
FMNH222320,Apomys_gracilirostris_MURIDAE_RODENTIA,Apomys_gracilirostris,NA,NA,NA,NA,-0.20737323759824602,-0.21671273530007734,-0.34266114107084794,-0.07530564710999682,NA,-0.26256783824561414,-0.34026721148570177,-0.24100913584982467,NA,-0.35226080664997306,-0.23383457646613234,-0.15933937605615353,-0.2502053082623408,-0.1356395294454392,-0.3360384822651251,0.24144236239383704,-0.016238471008041145,-0.6386267665311418,-0.1825525417302692,NA,0.08558014584321312,-0.009813271483148856,0.5978485292059781,-0.9565437705972479,0.2710959835272736,-0.5347679213243924,-0.15460527095540608,0.9733223699869298,-0.742763429888536,-0.6216628284575817,-0.3113181106581751,F,88,wiki,T,T,T,T,Ground,0,Nations et al 2019
FMNH222315,Apomys_gracilirostris_MURIDAE_RODENTIA,Apomys_gracilirostris,NA,NA,NA,NA,-0.20640716279585541,-0.20398443283218448,-0.36882966659731475,-0.048326483796212565,NA,-0.27820550063253857,-0.30577385402777313,-0.21294564376924982,NA,-0.47592669234103024,-0.21632083249748502,-0.0758913189246966,-0.23915431761390962,-0.19511445212693146,-0.32415344654909667,0.17911769850068635,1.9503950113085295e-4,-0.4561633513454812,-0.491917390283392,NA,0.0736634204289337,0.1318667396534136,0.45352353729809847,-0.9075108657720361,0.04970773286091467,-0.6102700678062078,-0.10953970266243188,1.1114227077516365,-0.8340756274866169,-0.48334125345491896,-0.3113181106581751,F,88,wiki,T,T,T,T,Ground,0,Nations et al 2019
FMNH209585,Apomys_microdon_MURIDAE_RODENTIA,Apomys_microdon,NA,NA,NA,NA,-0.8110595964765601,-0.8254606948991833,-0.9427183030005624,-0.7549174034911753,NA,-0.8719814575486461,-0.8354523733627649,-0.7781832753194188,NA,-0.8011936410351908,-0.794271360950136,-0.7437453731054927,-0.7816030941300565,-0.5119562251357326,-0.1570439693413116,-0.34597314531193496,-0.24863555253377223,1.0590243270507778,-0.17054483787444077,NA,-0.05850536647859327,-0.11079956850387906,0.5292347134802053,-0.44168704278332366,0.6323686378736503,-0.6064238774215684,-0.25480413102913957,0.8851872900404303,-0.8343874771384646,0.04272159263489071,-0.9386050004131794,F,24,Field Notes,A,A,A,A,Tree,1,Nations et al 2019
FMNH189874,Apomys_microdon_MURIDAE_RODENTIA,Apomys_microdon,NA,NA,NA,NA,-0.6944900270869463,-0.7616663266672549,-0.8920313379503308,-0.6895492107424773,NA,-0.7862110535719389,-0.7710868313393143,-0.7710452560135606,NA,-0.8354747167786842,-0.7785428026163743,-0.8764298277372699,-0.7487511295049926,-0.5481611414235188,-0.328103896899197,-0.2908228694488612,-0.29123737550238965,0.5966940355466085,-0.3620009041480821,NA,-0.17956984643611304,-0.3903443896266099,0.3324697974046894,-0.6961118804686095,0.38420868383739426,-0.7688475884743767,-0.43257708739226763,0.5649884285983682,-0.7610711863163981,-0.1625675375485407,-0.9386050004131794,F,24,Field Notes,A,A,A,A,Tree,1,Nations et al 2019
FMNH189875,Apomys_microdon_MURIDAE_RODENTIA,Apomys_microdon,NA,NA,NA,NA,-0.6414465534309203,-0.7812677434214055,-0.6901245103607451,-0.6372946381152067,NA,-0.6949276571108315,-0.7499924082566045,-0.7568861289954013,NA,-0.6526697146077833,-0.713565083243406,-0.7096947449082196,-0.6861352124180161,-0.5594998464229762,-0.2661997667325094,-0.34449565126431325,-0.3045997397428579,0.8463105273508799,-0.017089544534058553,NA,-0.19272988888703935,-0.19525742150779515,0.562683973608654,-0.7295989880198372,0.23667818050873102,-0.345393279230168,-0.679710614749526,0.5350861939971288,-0.6448679544700983,-0.08157188577328238,-0.8817399794706837,F,27,Field Notes,A,A,A,A,Tree,1,Nations et al 2019
FMNH209548,Apomys_microdon_MURIDAE_RODENTIA,Apomys_microdon,NA,NA,NA,NA,-0.6189627513151318,-0.708304900523497,-0.7871078046928601,-0.6200885434839696,NA,-0.6623534502841362,-0.6627779257059566,-0.7255827939515608,NA,-0.6933210039116204,-0.669416649714623,-0.7266136480224905,-0.6658634631933776,-0.641662524276494,-0.3162859143734676,-0.2667893365828321,-0.3419896977102453,0.9700644444176637,-0.27618034178652884,NA,-0.3035988688701825,-0.307080151467858,0.1620124524581567,-0.5017661912428577,-0.11823848466150495,-0.680611627487876,-0.5019291216594798,0.49788586962093334,-0.5992486756412815,-0.3118556124531543,-0.8308724848777158,F,30,Field Notes,A,A,A,A,Tree,1,Nations et al 2019
FMNH214487,Apomys_microdon_MURIDAE_RODENTIA,Apomys_microdon,NA,NA,NA,NA,-0.7526006546117442,-0.8254606948991833,-0.9324193460620797,-0.7142567715859154,NA,-0.7862110535719389,-0.8162008115135672,-0.7568861289954013,NA,-0.8588669814555329,-0.7840281047714689,-0.9084772871867143,-0.771195873336216,-0.5397193378358742,-0.3928799500298444,-0.3181456196720842,-0.20724179717427435,0.36031858220319785,-0.32615872548699026,NA,-0.052094557112594114,-0.4379236826135526,0.47319269879875564,-0.6155619574739479,0.5050732090814068,-0.7293674232035575,-0.46034037024327645,0.7633039749138115,-0.7107068006147461,0.07473517399587436,0.18302567413488102,F,245,Field Notes,A,A,A,A,Tree,1,Nations et al 2019
FMNH214408,Apomys_musculus_MURIDAE_RODENTIA,Apomys_musculus,NA,NA,NA,NA,-1.0369505746107246,-1.05750181510235,-1.1559775684161009,-0.8671242147508758,NA,-1.019993406981869,-1.0861398805088482,-0.9874717121043398,NA,-1.0778365832593035,-0.9879210943003951,-1.103374080221314,-0.9476468378433793,-0.7953451500275602,-0.5835043331378087,-0.4852586051418009,-0.486645381915677,0.5998837741156393,-0.2677136671971247,NA,0.01299456147395316,-0.43853104648491875,1.1056757917878388,-0.7488473921800901,0.38869048668174627,-0.6018392411815161,-0.307483230488926,1.628005081622642,-0.9578350469790817,-0.17694873959167287,-1.1050921465927643,F,17,Field Notes,A,A,A,A,Tree,1,Nations et al 2019
FMNH214410,Apomys_musculus_MURIDAE_RODENTIA,Apomys_musculus,NA,NA,NA,NA,-1.071368858603328,-1.000159456072534,-1.0618278956687632,-0.9424559672705696,NA,-0.9778477516410801,-1.0607021144965227,-0.8980881887887929,NA,-0.9699639461357328,-0.9770940975663057,-1.0024424173212318,-0.935950904208636,-0.8436849200873412,-0.5740366137039126,-0.5566450955601002,-0.6095256760356706,0.8009709860445393,-0.0883753548393489,NA,0.16753692306266352,-0.2739690947884979,1.013948734203647,-0.368568816828566,0.20248565002723132,-0.23308059759350103,0.03804147540070982,1.415814150228395,-0.7104986058350542,-0.28544368630999406,-1.1050921465927643,F,17,Field Notes,A,A,A,A,Tree,1,Nations et al 2019
FMNH214411,Apomys_musculus_MURIDAE_RODENTIA,Apomys_musculus,NA,NA,NA,NA,-1.0191826930984698,-0.9908436506376457,-1.1438237973691,-0.8517069646536641,NA,-1.0489058209757853,-0.9817305299190213,-0.9218603645023249,NA,-0.9960649785430522,-0.8831783540448405,-0.9280740883926717,-0.8556752619352758,-0.7618493117105427,-0.597827364004289,-0.418653215453631,-0.5057783963016732,0.4406766416230661,-0.2964140299157164,NA,-0.0660762410436703,-0.3024297660309342,0.9982953555784098,-0.28963635876067845,0.21459252200815576,-0.6149495485291644,-0.12145111287213968,1.6046176955639089,-1.0503719706837664,-0.3443186430738647,-1.0513930036335255,F,19,Field Notes,A,A,A,A,Tree,1,Nations et al 2019
FMNH175719,Apomys_musculus_MURIDAE_RODENTIA,Apomys_musculus,NA,NA,NA,NA,-0.9420046823453694,-0.9098766830876109,-1.0505307895911706,-0.824616229809726,NA,-0.8719814575486461,-0.9947577131920313,-0.9916848775302233,NA,-0.9318146823969838,-0.9163839892156261,-1.030524941841935,-0.8788771196800488,-0.9688562744649392,-0.4608074199162892,-0.45000304755575365,-0.4565447670403753,1.715900022023654,-0.1370768395930317,NA,-0.19270531523054407,-0.4304551858254519,0.9405611839185474,-0.6666526132298196,-0.27207499633740984,-0.5598119913445959,-0.09633135572322,1.2818665511792682,-0.6936599471652282,-0.1853068973769578,-1.0147074133228813,F,20.5,Field Notes,A,A,A,A,Tree,1,Nations et al 2019
FMNH198853,Apomys_musculus_MURIDAE_RODENTIA,Apomys_musculus,NA,NA,NA,NA,-0.9229705871870816,-1.05750181510235,-1.0618278956687632,-1.2459430466486245,NA,-0.9237880272426092,-0.9381459192508536,-0.9298823543846986,NA,-1.049975787253876,-0.8523739900084039,-0.8451191571541177,-0.8016862459953722,-0.8296955655549315,-0.6818888988221645,-0.4389562348960426,-0.5329930238764785,0.3972271639997848,-0.4797773330994967,NA,-0.1764701608840754,-0.2010092157541485,1.0486493660049467,0.8392095092956803,-0.0905125196827235,-0.6411362321550804,-0.6958700155968665,-0.816854915139731,0.14790422832198064,-0.3589293071608867,-0.9806136287965193,F,22,Field Notes,A,A,A,A,Tree,1,Nations et al 2019
FMNH175718,Apomys_musculus_MURIDAE_RODENTIA,Apomys_musculus,NA,NA,NA,NA,-0.9370132903743382,-0.9363091053608692,-1.0505307895911706,-0.8450535925377141,NA,-0.9237880272426092,-0.9613577658875541,-0.983272203640583,NA,-0.9444011178813025,-0.915522841542114,-1.0024424173212318,-0.8677331630039531,-0.8613785158463915,-0.6367562476088447,-0.5380589307928444,-0.5567305891773939,0.6504678290320338,-0.22869926128798526,NA,-0.24328969333023048,-0.38192312185151595,0.7975645687404089,-0.5418238849511839,-0.058942974918308876,-0.5730718236315572,-0.2151213212510021,1.1408103635103302,-0.7776982890069648,-0.21562109463184928,-0.9591525550906617,F,23,Field Notes,A,A,A,A,Tree,1,Nations et al 2019
FMNH218527,Apomys_musculus_MURIDAE_RODENTIA,Apomys_musculus,NA,NA,NA,NA,-0.935353592761094,-0.9587543833997877,-0.9222024533973787,-0.82592628519903,NA,-0.9505240634453764,-0.9871432593849627,-0.9379543258348213,NA,-0.8239420452734132,-0.8958584986649568,-0.9280740883926717,-0.8667244090817896,-0.8613785158463915,-0.3360384822651251,-0.5097784910159353,-0.42340727130968453,1.7707033881156875,0.08948872078914948,NA,-0.09058953500701457,-0.27986723566420735,0.9657284413411283,-0.6018383412554895,-0.029097833690716633,-0.2017724693745066,-0.3046136301576909,1.2347176619042666,-0.8783757626220289,0.007535345876369146,-0.9188963593480862,F,25,Field Notes,A,A,A,A,Tree,1,Nations et al 2019
FMNH214409,Apomys_musculus_MURIDAE_RODENTIA,Apomys_musculus,NA,NA,NA,NA,-0.9528832051152574,-0.9274384272785606,-0.9324193460620797,-0.8651041359858526,NA,-0.846865900959955,-0.9936673019952127,-0.8632283127813866,NA,-0.8471156778631579,-0.9035210103745736,-0.9613753607602421,-0.8687426356678382,-0.7004153623866066,-0.5050036169550264,-0.4468385399616541,-0.43804226205845853,0.534453375937206,0.049580889312423264,NA,0.09653870030172808,-0.3280871366045557,0.9949885495693147,-0.4888378007789646,0.4231861190965388,-0.18184379174882542,-0.12346723229863367,1.126656736126638,-0.5446645366080529,-0.15346202168268824,-0.8817399794706837,F,27,Field Notes,A,A,A,A,Tree,1,Nations et al 2019
FMNH214407,Apomys_musculus_MURIDAE_RODENTIA,Apomys_musculus,NA,NA,NA,NA,-0.941171498830965,-0.9318661974670663,-1.1198564968386444,-0.8135273408349623,NA,-0.8719814575486461,-0.958168923334143,-0.9020200498542879,NA,-0.8239420452734132,-0.8614628047882461,-0.9817541078387633,-0.8171810806688389,-0.8124108190571113,-0.5322086968127665,-0.4707360014369594,-0.47151749419944344,0.8334474818025249,0.027951168408030042,NA,-0.07230873303416994,-0.43685165061362047,1.082395420304403,-0.4581900181018364,-0.0021990918266745593,-0.7506902575799541,-0.18326726409597963,1.3379172961940464,-0.7164950787548064,-0.17478019736118908,-1.0030732440423082,F,21,"RICKART, HEANEY, AND Utzurrum 1991",A,A,A,A,Tree,1,Nations et al 2019
FMNH216363,Apomys_sacobianus_MURIDAE_RODENTIA,Apomys_sacobianus,NA,NA,NA,NA,-0.2869932456757395,-0.36276160734731555,-0.3754561063856092,-0.2775226046377867,NA,-0.31818250689672145,-0.4370444539658274,-0.5372140414116845,NA,-0.4933882943384771,-0.3471495386627529,-0.25624753769582514,-0.36998658394603084,-0.22809071080873156,-0.44351328846028126,0.13358093196509702,-0.04685562587837073,-0.6665033137749893,-0.2910410748819849,NA,-0.36144213347960236,0.013513088481405807,0.4928003650811797,-0.7721645544114297,0.30770801778183815,-0.4117119872035831,-0.4111394935645035,0.3899204058956365,-0.4530073630968452,-0.4887301397362106,-0.496224725808544,F,60,Field Notes,T,T,T,T,Ground,0,Nations et al 2019
FMNH212722,Apomys_sacobianus_MURIDAE_RODENTIA,Apomys_sacobianus,NA,NA,NA,NA,-0.13082560993904124,-0.18138300588431874,-0.298113272396521,-0.11125172566305842,NA,-0.08208079130674388,-0.27341786948920965,-0.39922964950558254,NA,-0.4333192947249289,-0.23010154030918362,-0.23630641739155425,-0.2462951084744774,-0.17357058032989686,-0.2624203780454855,0.2926085246412438,-0.010740053582337669,-0.3544493636753616,-0.4676672827160904,NA,-0.3997073516202801,-0.1717838272831343,0.22306584824046796,-0.8751348128789396,0.07414650196409098,-0.6135613224771057,-0.2988104519193272,0.3645663593730016,-0.18696903590185934,-0.6978074920744316,-0.3454118951845372,F,82,Field Notes,T,T,T,T,Ground,0,Nations et al 2019
FMNH216365,Apomys_sacobianus_MURIDAE_RODENTIA,Apomys_sacobianus,NA,NA,NA,NA,-0.14320861551305358,-0.2530298493855634,-0.2251715274498059,-0.1493367930752776,NA,-0.2471244375620162,-0.3342338096682715,-0.4126551295101509,NA,-0.4166780616875079,-0.22054689694826884,-0.11516401646598971,-0.21730761535688736,-0.20382945511931994,-0.3480255367025697,0.16864993531275568,-0.13676421573986428,-0.4937299879999335,-0.326685886391566,NA,-0.308270913124757,0.05618814847550878,0.7532031191719664,-0.8576382153972009,0.03430109989084136,-0.37222783412236177,-0.514252029988807,0.24627882622640332,-0.5488189874851014,-0.707807412311775,-0.32241732734944206,F,86,Field Notes,T,T,T,T,Ground,0,Nations et al 2019
FMNH216330,Apomys_sacobianus_MURIDAE_RODENTIA,Apomys_sacobianus,NA,NA,NA,NA,-0.0390636522159336,-0.20145366417813135,-0.2672150725833694,-0.035979439823382475,NA,-0.20933496972591764,-0.23683109041605413,-0.34944516763122574,NA,-0.3444389936585826,-0.13482355880179372,-0.14445448269436897,-0.13675101522690025,-0.039422659727051015,-0.11906556956231383,0.2790030961117328,0.05104662247605482,-0.3433719836539972,-0.36085188911787114,NA,-0.37015993285198795,-0.16994910957362042,0.626506157941481,-0.937633590441019,0.24501307248037663,-0.7656160063817649,-0.683304839531123,0.24153404512722457,-0.6934816515288463,-0.5669390218892848,-0.2693094822748355,F,96,Field Notes,T,T,T,T,Ground,0,Nations et al 2019
FMNH216345,Apomys_sacobianus_MURIDAE_RODENTIA,Apomys_sacobianus,NA,NA,NA,NA,-0.13219589403434445,-0.25040184183040975,-0.36882966659731475,-0.10278586500662917,NA,-0.17266039960942967,-0.2823996787088142,-0.3571798009134018,NA,-0.3289418762872276,-0.20476326145119822,-0.21275619051811828,-0.20714222772061153,-0.14397678990156906,-0.2775996934474145,0.19880824112052856,-0.002531064186912517,-0.4726327826323967,-0.2449551914202977,NA,-0.29633643048379926,-0.1730079482803693,0.49626149884605214,-0.845140747291731,0.1139426548665105,-0.7997375469623688,-0.542344356904661,0.41328947073490013,-0.45641089450067274,-0.5233455457857844,-0.30046833580271004,F,90,"Heaney, Balete, Veluz,Steppan, Esselstyn, Pfeiffer, and Rickart 2014",T,T,T,T,Ground,0,Nations et al 2019
UAM42262,Arborimus_longicaudus_CRICETIDAE_RODENTIA,Arborimus_longicaudus,NA,NA,NA,NA,-0.8634928982615864,-0.9815941504295964,-1.426920887161343,-1.0285776473198522,NA,-0.9641108409548931,-0.7646318382664951,-0.8292819018938961,NA,-0.88270912484428,-0.8681093929360976,-1.103374080221314,-0.8240137248219751,-0.7356399535424099,-0.47831841133293806,-0.8545778861220056,-0.49809507277219056,0.7449852232977375,-0.4647353223440546,NA,-0.3159936264484112,-0.6311518562427072,-0.11431306641670173,0.446134763558334,-0.036958473122621335,-1.6235889177048772,-0.6325891302538601,-0.16474345691860726,-0.4923889682998369,0.6277887465606321,-0.8999608083800543,F,26,Specimen tag,A,A,A,A,Tree,1,ADW
UAM42279,Arborimus_longicaudus_CRICETIDAE_RODENTIA,Arborimus_longicaudus,NA,NA,NA,NA,-0.8993480093015438,-0.8797033705973829,-1.0172246768726834,-1.058947260609281,NA,-0.9370841728938978,-0.7637122099068919,-0.7853608406403493,NA,-0.7247088385597151,-0.8941612901111814,-1.05919872063115,-0.8931883001886907,-0.7067516717818674,-0.2661997667325094,-0.8076614106073049,-0.412526514596822,1.4077302820890674,-0.14782718918012144,NA,-0.22561650055888618,-0.516776742639459,-0.47632413634612547,0.560704977871839,0.12251221367275625,-0.5801149726991839,-0.13832527277165005,-0.12401398340361999,-0.35166222139444603,0.7338657759281486,-0.847239973075633,F,29,Specimen tag,A,A,A,A,Tree,1,ADW
UAM42270,Arborimus_longicaudus_CRICETIDAE_RODENTIA,Arborimus_longicaudus,NA,NA,NA,NA,-0.7878167933674421,-0.8460562019224203,-1.1080387795860625,-0.9703690518824464,NA,-1.1557475390240344,-0.7105335159017353,-0.7324740188521235,NA,-0.7569120321630199,-0.8173901096044128,-0.8701098433750772,-0.8094124809508422,-0.6753641604957973,-0.3846167113193468,-0.8177370673103516,-0.412526514596822,0.852407825451288,-0.31622119043478936,NA,-0.22161902040688194,-0.31134342373868185,-0.3340270385002592,0.3680056298744115,0.03073171133964523,-1.087880568272039,-0.4124202967388105,-0.2760858810155521,-1.0658616803673444,0.7601410298547829,-0.8150417334359734,F,31,Specimen tag,A,A,A,A,Tree,1,ADW
UAM42264,Arborimus_longicaudus_CRICETIDAE_RODENTIA,Arborimus_longicaudus,NA,NA,NA,NA,-0.7759755372504269,-0.8377787899052658,-1.1559775684161009,-0.9157558678765712,NA,-0.9917381505388219,-0.6894867388449443,-0.7568861289954013,NA,-0.8011936410351908,-0.8238341486560998,-0.857557181372845,-0.7930442988933606,-0.6058343369487194,-0.36417003174408735,-0.7543877028598335,-0.387449096199337,0.6757376554870996,-0.4409133665741766,NA,-0.3153595282276071,-0.27650740936886736,-0.36330030326269064,0.21539778313229987,0.167477791346578,-1.2259025968836246,-0.42372827072711905,-0.08881778091157369,-0.7980844024481961,0.6633000604292855,-0.8150417334359734,F,31,Specimen tag,A,A,A,A,Tree,1,ADW
UAM42287,Arborimus_longicaudus_CRICETIDAE_RODENTIA,Arborimus_longicaudus,NA,NA,NA,NA,-0.8509708635353659,-0.9055230800438497,-1.2314236369035794,-1.0558820964566573,NA,-1.0343655643696188,-0.7509027380476578,-0.8071352561636042,NA,-0.9070187909110327,-0.8798159208631472,-0.9749272555190547,-0.8556752619352758,-0.7751478223970563,-0.4695354687497883,-0.909435393297043,-0.5135023725257808,0.9175273425152293,-0.5335239901627012,NA,-0.297392057974396,-0.3936830940673334,-0.3540828130104147,0.49349280506574966,-0.11731901710719918,-1.2352121583604248,-0.4072559107850136,-0.3474550727992286,-0.6141257126297897,0.7275896787433599,-0.7997136313498413,F,32,Specimen tag,A,A,A,A,Tree,1,ADW
UAM42297,Arborimus_longicaudus_CRICETIDAE_RODENTIA,Arborimus_longicaudus,NA,NA,NA,NA,-0.7952707630979369,-0.8502147632091431,-1.0172246768726834,-0.9367947170724887,NA,-0.7862110535719389,-0.6964659491787223,-0.7568861289954013,NA,-0.7141576834121872,-0.7832431983862502,-0.8084724390118345,-0.7459703733153099,-0.6753641604957973,-0.3520441963606908,-0.8197603114839532,-0.387449096199337,0.9671947707843381,-0.25547860292962166,NA,-0.3014931471866591,-0.2570146319143568,-0.07968940288610882,0.43456199976547033,-0.06453614231478545,-0.8451779463009492,-0.40148877780099856,-0.08814798259086389,-0.2170953627070845,0.8338198923456789,-0.7848572387906855,F,33,Specimen tag,A,A,A,A,Tree,1,ADW
UAM42293,Arborimus_longicaudus_CRICETIDAE_RODENTIA,Arborimus_longicaudus,NA,NA,NA,NA,-0.8278011073158014,-0.9363091053608692,-1.0172246768726834,-1.0300814151988311,NA,-0.9641108409548931,-0.7017241291916486,-0.7604114297466054,NA,-0.5940877971979223,-0.8848625456568232,-0.92151044105709,-0.8387670149241772,-0.7618493117105427,-0.47831841133293806,-0.8504396828028512,-0.4790618422604034,0.8384825049947291,0.01524137034764865,NA,-0.29833720684175447,-0.2872150811465078,-0.5295466924483103,0.47665302616114835,-0.1664998770982967,-0.7645182854017046,-0.595101111178704,-0.34587058386182556,-0.48907444326797733,0.66718788956305,-0.7564493594435066,F,35,Specimen tag,A,A,A,A,Tree,1,ADW
UAM42284,Arborimus_longicaudus_CRICETIDAE_RODENTIA,Arborimus_longicaudus,NA,NA,NA,NA,-0.9732002877682823,-0.9954932058413072,-1.1682476452589332,-1.1072876304987294,NA,-1.019993406981869,-0.7794317035800123,-0.909919752541883,NA,-0.8354747167786842,-0.9494986518405915,-1.1490304509735625,-0.9118033904805318,-0.8124108190571113,-0.5552915904109097,-0.9158956107508809,-0.5329930238764785,0.7540190151658164,-0.34682975016381257,NA,-0.44974708224887616,-0.578848178522278,-0.48700775049555545,0.7018923296439322,-0.10906236771229325,-0.7978158217968686,-0.305511879154391,0.02632096207010288,-0.4654118672999325,0.692326588991907,-0.7428486104073456,F,36,Specimen tag,A,A,A,A,Tree,1,ADW
FMNH193942,Archboldomys_maximus_MURIDAE_RODENTIA,Archboldomys_maximus,NA,NA,NA,NA,-0.7482626434896802,-0.6321588957688006,-0.6732530400331301,-0.6558710448591448,NA,-0.6516823309615783,-0.9010029584856067,-0.43442954503340614,NA,-0.5751598990547282,-0.7143125837713842,-0.4227023542030455,-0.7693118373886014,-0.7067516717818674,-0.5787624499144487,-0.14816380274554589,-0.24540941177167347,0.32090907444866973,0.5147778042244424,NA,1.0229654528936585,0.42469300281464945,1.008455754200949,-0.773480587241812,0.14296495098317477,0.022649962309902974,0.2659236579085973,1.0439690190373492,-0.4942274632346031,-0.34776485128233797,-0.7042044183742205,F,39,Field Notes,T,T,T,T,Ground,0,Nations et al 2019
FMNH193944,Archboldomys_maximus_MURIDAE_RODENTIA,Archboldomys_maximus,NA,NA,NA,NA,-0.6535033621020125,-0.488913858798176,-0.6158920844108852,-0.5213864248373528,NA,-0.5111741672448539,-0.7034814153132432,-0.35201825135028303,NA,-0.529067109076335,-0.6287038186954556,-0.37365778807431627,-0.6702457581312068,-0.6599405867894895,-0.6074583212631839,-0.20227256158633805,-0.15179862360458085,0.08776073374664675,0.17122520710272165,NA,0.7045067527726421,0.3475932946970311,0.3750726216225809,-0.6746790084952626,-0.10876873642648728,-0.08263589758959868,0.4842902560243328,1.2078876323998669,-0.4212995203434119,-0.04963126369699743,-0.6919811158143777,F,40,Field Notes,T,T,T,T,Ground,0,Nations et al 2019
FMNH193943,Archboldomys_maximus_MURIDAE_RODENTIA,Archboldomys_maximus,NA,NA,NA,NA,-0.5593128965151482,-0.5974095181176444,-0.5686887204620726,-0.5134066780191707,NA,-0.473782543578624,-0.6868788058930713,-0.33920363424438454,NA,-0.5565166417684175,-0.6035761868220443,-0.34763239389255624,-0.6381332603284414,-0.6266180855096118,-0.5367948528804048,-0.11736944112051624,-0.14275941143786372,0.1951250223692073,0.07032709318891506,NA,0.6956370921873273,0.3523789775038198,0.4583152661848443,-0.7983525207420195,-0.08453157868196552,-0.21486124923514818,-0.3092853317804664,0.7050664909490449,-0.33805352256556903,-0.2028729319834355,-0.6141217149311746,F,47,Field Notes,T,T,T,T,Ground,0,Nations et al 2019
FMNH214412,Batomys_granti_MURIDAE_RODENTIA,Batomys_granti,NA,NA,NA,NA,-0.1683212854637838,0.07939845455954996,-0.17875149893386674,-0.2897873261418189,NA,-0.14408034165756994,-0.1659126296086046,-0.002047720264784647,NA,-0.19064431970704507,-0.19849835501213003,-0.23235299172407564,-0.1845333199114717,-0.09471044316947413,0.05070475378079905,-0.15465930682034115,0.04577647920457321,0.30446340639326003,-0.17925186651270253,NA,0.26067642291597365,-0.22245264095322462,-0.053983125424392334,0.04857028725175119,0.0637323700933482,-0.15947214566796702,0.9328094909693398,-0.27433935265554643,0.07454084239360417,0.2926533408028757,-0.14965550517870368,F,123,Field Notes,Sc,Sc,Sc,Sc,Tree,1,Nations et al 2019
FMNH209588,Bullimus_luzonicus_MURIDAE_RODENTIA,Bullimus_luzonicus,NA,NA,NA,NA,0.3672737232591498,0.33051503017530254,0.16421408587661862,0.27136213521574987,NA,0.341004684479736,0.20011717432851583,0.13582722354692162,NA,0.06376029985226561,0.33364890022712534,0.4346439291382922,0.3192434355703698,0.3823103349669408,0.14403271993100225,0.5417105809832866,0.3625245655577319,-0.7738109019049905,-0.3468374249463627,NA,-0.23295128616318106,0.10105868577063347,0.6124972978162161,-0.40587913439331386,0.20980710610224093,-0.6453189431736499,-0.18077074080732408,-0.3927379519860033,0.11674241466495774,-0.4630768584943153,0.21171498436292524,F,260,Field Notes,T,T,T,T,Ground,0,Nations et al 2019
FMNH214415,Bullimus_luzonicus_MURIDAE_RODENTIA,Bullimus_luzonicus,NA,NA,NA,NA,0.32204227918496386,0.40554121642628255,0.1510630655121761,0.2578773706997567,NA,0.2671308092573915,0.1454383572933837,0.15338233262231407,NA,0.058137826511639894,0.2746786899212402,0.4490817412281087,0.22911481351489324,0.31265015007112446,0.14685105240623397,0.5252210341484439,0.3324682194223154,-0.5949996854463176,-0.25668111476766925,NA,-0.07977695734890494,0.2572942964073295,0.42454228159900703,-0.5537437191844106,0.21242043434391408,-0.5627595076700505,0.28914559729696065,-0.233110974142656,-0.07309110244726946,-0.48915840345608913,0.22993581327229595,F,270,Field Notes,T,T,T,T,Ground,0,Nations et al 2019
FMNH209589,Bullimus_luzonicus_MURIDAE_RODENTIA,Bullimus_luzonicus,NA,NA,NA,NA,0.45371817357187594,0.47647135538567836,0.24860066644010836,0.43128645884643185,NA,0.4152463093772685,0.31032411863738946,0.14111877845946721,NA,0.19157329188964078,0.44209005055432166,0.4914989677089558,0.4397163588452435,0.4592720392973055,0.2288599317016063,0.6090606096800394,0.504170169722886,-0.7621821590771333,-0.2933410961315403,NA,-0.4387251493509773,0.0023991132032495388,0.6407128375722154,-0.4723872490843826,0.11382697447544456,-0.6394676625656197,0.06181929632018096,-0.10306897092797915,-0.06590541197889603,-0.3170904143568616,0.41362170801896236,F,395,Field Notes,T,T,T,T,Ground,0,Nations et al 2019
FMNH188450,Bullimus_luzonicus_MURIDAE_RODENTIA,Bullimus_luzonicus,NA,NA,NA,NA,0.5234807917725135,0.5607174493422721,0.5099802831844271,0.41125770390071,NA,0.5435226578634675,0.3190115304524419,0.3123535525554206,NA,0.21661966387886022,0.3830187701593467,0.6428610660756687,0.31705870911768425,0.5065212122264138,0.3063187829307959,0.6324025808051134,0.49643596301886495,-0.6952918258712,-0.25845275434586223,NA,-0.09667938173895355,0.46923985018705067,-0.09199649475332997,-0.7418947618352025,0.39896952331959024,-0.06338884572903555,0.12964057298913043,-0.5290728098097062,0.390477667501524,-0.3760312533274592,0.44094579426565667,F,418,Field Notes,T,T,T,T,Ground,0,Nations et al 2019
FMNH185971,Bullimus_luzonicus_MURIDAE_RODENTIA,Bullimus_luzonicus,NA,NA,NA,NA,0.5198236001343339,0.5119965550263521,0.47281207945790726,0.4645334848644076,NA,0.44198234558003613,0.4388871321805548,0.2279180195701244,NA,0.24602230475335357,0.4632168336699874,0.525864647609382,0.4413195214760739,0.3752199380573641,0.1774830202210512,0.6370278814529989,0.5884684608042816,-0.6778070034704882,-0.4191210102082599,NA,-0.5097105443180626,0.032109026675337334,-0.099960513966653175,-0.35940704107103727,-0.2615897895456888,-0.16927327106022505,-0.04898827661217914,-0.27985153097304555,-0.06945157582581658,-0.20265373447475551,0.5274271924640653,F,500,Field Notes,T,T,T,T,Ground,0,Nations et al 2019
FMNH188455,Bullimus_luzonicus_MURIDAE_RODENTIA,Bullimus_luzonicus,NA,NA,NA,NA,0.5438350057755459,0.4598586454561,0.4796505663091029,0.4735469592254807,NA,0.6298346335184881,0.36322682891862756,0.3518457403344049,NA,0.4385139921749581,0.4908009453179382,0.6532024535447402,0.46515178776795785,0.47652611709532516,0.29876339966357934,0.6098445311449258,0.5290270444078629,-0.6388808961338316,0.14329479085369845,NA,-0.1032073901947759,0.25253777277230327,0.4674861566423731,-0.546105660207653,0.05874771931149942,-0.21861585662990027,-0.33312172496127745,-0.3563480615499916,0.5052711955214145,-0.2694215562966919,0.5463627434320973,F,520,Field Notes,T,T,T,T,Ground,0,Nations et al 2019
UWBM41848,Callospermophilus_lateralis_SCIURIDAE_RODENTIA,Callospermophilus_lateralis,NA,NA,NA,NA,0.013218865657270106,-0.04222314934197939,-0.13946837089502237,-0.22858013319016496,-0.13994567646534622,-0.042401536891634985,-0.03435654636426179,-0.05624582478305047,-0.20223475137617553,-0.017373997880995494,-0.14632847519441308,0.04202752029214071,-0.16657937640226664,NA,NA,NA,NA,NA,-0.06547123856308558,-0.13672252191889328,-0.1620784195002423,0.24521712060100773,-0.6678639790212675,-0.11794615109254523,NA,-0.553548120078635,-0.2978535605304548,-0.8596450226713981,0.23240738205885184,NA,-0.1615769667393719,F,120,UWBM specimen label,Sf,Is,Is,B,Ground,0,ADW
UWBM38959,Callospermophilus_lateralis_SCIURIDAE_RODENTIA,Callospermophilus_lateralis,NA,NA,NA,NA,0.08744348941835653,0.023204222295381216,-0.12299431243285985,-0.13037649371132248,-0.07529536371039103,-0.01663527221799697,0.03660009381204682,0.02133120996790792,-0.18291948193994878,0.006354061285097135,-0.07291399738062498,-0.24823601938200143,-0.11167434600857058,NA,NA,NA,NA,NA,-0.15561897854337323,-0.23401686955573134,-0.14124002295637558,-0.4698472891213362,-0.7629231914309382,-0.18532199205200978,NA,-0.7021162263424703,-0.3204975379504032,-0.791715250681214,0.05463334419600049,NA,-0.016688071326506144,F,162,UWBM specimen label,Sf,Is,Is,B,Ground,0,ADW
UWBM38971,Callospermophilus_lateralis_SCIURIDAE_RODENTIA,Callospermophilus_lateralis,NA,NA,NA,NA,0.10786610681290465,-0.009097754541634,-0.1284621810399519,-0.1761271366907517,-0.18644957992967987,-0.01663527221799697,0.043697196750421226,-0.0040151423994190544,-0.1107449173033878,0.0693573894796464,-0.08008783837667527,0.10200738531078629,-0.11819926566853857,0.22177366461032993,0.15806784578306435,NA,NA,-0.3269601165763718,-0.0318951401773209,-0.09742786357942064,-0.2111130447841678,0.23793989803653665,-0.8301016413733417,-0.1252868589751919,0.5679370704310566,-0.7683571938461605,-0.5078188204272265,-1.0641487826004496,0.1741749784941171,NA,-0.002012331589833339,F,167,UWBM specimen label,Sf,Is,Is,B,Ground,0,ADW
UWBM37542,Callospermophilus_lateralis_SCIURIDAE_RODENTIA,Callospermophilus_lateralis,NA,NA,NA,NA,0.13923955172801758,0.0017590278436103658,-0.13946837089502237,-0.05726499336903264,-0.16721228409396888,0.11051551913571679,0.13082320330061958,0.02133120996790792,-0.15918361165776795,0.046815800363550236,-0.15438694247394605,0.15945681112507543,-0.1543285882366149,NA,NA,NA,NA,NA,-0.2523636371996126,-0.3614316892142874,-0.3333297249098499,0.5412014062982885,-1.4136801330982447,-0.47808759960454905,NA,-0.8743026580809315,-0.5757999520866713,-0.7249418466468663,0.26131513676752133,NA,0.01223043171972999,F,172,UWBM specimen label,Sf,Is,Is,B,Ground,0,ADW
UWBM38979,Callospermophilus_lateralis_SCIURIDAE_RODENTIA,Callospermophilus_lateralis,NA,NA,NA,NA,0.11777271958194926,0.09760255555591874,0.1333158860634672,-0.13529928438618688,-0.019503626885158377,0.008607783244495173,0.0947956124910699,0.03094927364274219,-0.09948069347131717,0.1660104636352103,-0.07865018283238699,0.045251082000868255,-0.15128237157433783,0.17310101838904646,0.1774830202210512,0.012743381279974396,0.29511918796359227,-0.13784084236283162,0.08182466716140079,-0.17439918458516077,-0.24111586145543273,0.10971623002113615,-1.2324737609740612,-0.11688085146667096,0.38670655218904026,-0.03354640014146245,-0.15163743524166623,-0.9460058921011115,0.14566895992225026,0.5062372471656977,0.017811935068544817,F,174,UWBM specimen label,Sf,Is,Is,B,Ground,0,ADW
UWBM37539,Callospermophilus_lateralis_SCIURIDAE_RODENTIA,Callospermophilus_lateralis,NA,NA,NA,NA,0.12194215539472297,-0.013465991572717259,0.18154155558499524,-0.08044421165761727,-0.03654906994251761,0.12766307055622889,0.10401390216704981,0.08352942073982601,-0.03392733512625546,0.2215687852087031,-0.04972759027805264,0.05167540611131401,-0.10753771584709533,0.801807034880455,0.46744791880597003,NA,NA,-1.022636926564082,0.19377775314970525,-0.0534001254979071,-0.146677255323045,0.06435399871385815,-1.0772524486327404,-0.1666620207375597,2.588493941176202,0.1109043831894625,-0.5707365993269657,-0.7422273101161724,0.3813048474982913,NA,0.12665304962716611,F,218,UWBM specimen label,Sf,Is,Is,B,Ground,0,ADW
NMNH20900,Cavia_porcellus_CAVIIDAE_RODENTIA,Cavia_porcellus,NA,NA,NA,NA,0.33632068600289583,0.4039554330774041,0.8270278180199827,0.24649251676838604,0.3705130410125924,0.7455625778792979,0.4921584275990132,0.09269822919070735,0.364504377387224,0.25567023863274163,0.2891885859662462,0.8032761645425267,0.20091896108999974,0.5421574806863648,0.04768532932343713,0.24144236239383704,0.3281234897250556,-1.3279552103175822,-0.4936282721163507,0.024880330364919524,-0.8421696244971024,1.1340252830739506,-1.5170282636675958,0.3870256398950893,0.38835775892138735,1.8610019904673385,0.22588672199826854,-0.352883190560913,1.6956036836520203,0.05925656121461556,0.7088031114963147,F,727.99,PanTheria,T,T,T,T,Ground,0,Wiki
NMNHA43062,Chaetodipus_fallax_HETEROMYIDAE_RODENTIA,Chaetodipus_fallax,NA,NA,NA,NA,-0.9188680747598571,-0.8882530678375021,-0.9120663275271528,-0.950275722256023,-0.9220406229962601,-0.6949276571108315,-1.0413686800568338,-1.1295918401256,-1.1296341778277523,-1.243382560803216,-1.0641886697773855,-0.9613753607602421,-1.0667566321927442,-1.1503058596448532,-0.9142507757263485,-0.5754634614607177,-0.5527474268134296,0.7250601774936788,-0.6579782174842811,-0.10669028101429164,-0.38696385039223596,-0.02988945557646023,0.1416883327839561,-0.8923967227612355,-0.4278812209985021,-0.21880637500125402,-0.09897322977462783,0.4934238700557214,0.08706714722674767,-0.1327530482418846,-1.0465890370079673,F,19.19,PanTheria,Sf,Is,Is,B,Ground,0,ADW
UWBM52436,Chaetodipus_formosus_HETEROMYIDAE_RODENTIA,Chaetodipus_formosus,NA,NA,NA,NA,-1.0103858322844936,-1.112385373216769,-0.9531006532105302,-1.0805830554847728,-1.1400610413018342,-1.0343655643696188,-1.2069399521536985,-1.1202376678876134,-1.124573204648346,-1.2760095292343383,-1.149825961703819,-1.037636990306781,-1.1260454009414127,-1.0730989202238073,-1.171269586881217,NA,NA,-0.2907972976702442,-0.44050630343955444,0.2565584476251734,-0.025896687114077825,-0.018654278620189754,0.7935915559486719,-0.9487422875660446,0.027597268174540845,-0.07521593025634923,-0.5951412312525163,0.34705642011900034,-0.561301327577641,NA,-1.172000806517253,F,14.8,UWBM specimen label,Sf,Is,Is,B,Ground,0,ADW
UWBM52433,Chaetodipus_formosus_HETEROMYIDAE_RODENTIA,Chaetodipus_formosus,NA,NA,NA,NA,-0.9981659039470706,-1.138119863522043,-0.805557234436597,-1.011393272559409,-1.1975077347453915,-0.846865900959955,-1.2031160490970265,-1.1920978915135982,-1.144939954535876,-1.1503574454130263,-1.1078419871925043,-1.2205196749253002,-1.084284214382626,-1.1197527081059988,-0.9022637212889038,NA,NA,0.6587048552017656,-0.19521473916648477,0.19918825655335248,-0.1938481408030899,-0.4433028319078985,1.020490826325402,-1.0298580378684823,-0.14956004425493777,0.38006214557344675,-0.7232409279221567,0.6231993571473742,-0.21134883444496483,NA,-1.131353314255254,F,16.1,UWBM specimen label,Sf,Is,Is,B,Ground,0,ADW
UWBM52437,Chaetodipus_formosus_HETEROMYIDAE_RODENTIA,Chaetodipus_formosus,NA,NA,NA,NA,-0.9486887594896464,-1.1022325927241081,-0.9120663275271528,-1.0444439503579688,-1.0630134561014768,-0.9370841728938978,-1.1228172990690521,-1.1485052742285184,-1.15524785763872,-1.1355099236796455,-1.1579648417775452,-1.3220788219120985,-1.1236255970674032,-1.06893674299402,-0.9446764512884337,-0.2893984673939896,-0.647227779853548,0.3511892115317437,-0.3164542831296112,0.0032152480508062567,-0.26513793548381026,-0.5356675263052456,0.29962919345959665,-1.0162996823011101,-0.06920386060380893,-0.13092542472232732,-0.7628486254424108,0.1951436465817843,-0.3848299217019677,-0.8180265827893055,-1.131353314255254,F,16.1,UWBM specimen label,Sf,Is,Is,B,Ground,0,ADW
UWBM52426,Chaetodipus_formosus_HETEROMYIDAE_RODENTIA,Chaetodipus_formosus,NA,NA,NA,NA,-0.9972972772385438,-1.0189938334682103,-0.9324193460620797,-1.0300814151988311,-1.1353927505979682,-0.8222477149591775,-1.2405420004964984,-1.2219964621129455,-1.2027039648469993,-1.2273855227642902,-1.2130898476775067,-1.2619196462242286,-1.0866376946975955,-1.040156279839992,-0.9570347909464573,NA,NA,0.22129636884106382,-0.2836677176447932,0.14562619024786264,-0.18084990704892323,-0.33755019548369974,1.2482696430669584,-1.3399838333281748,0.10359479137786298,-0.04900413496571807,-0.30648557235123786,0.5247585584763904,-0.09462775280065452,NA,-1.1108057595777718,F,16.8,UWBM specimen label,Sf,Is,Is,B,Ground,0,ADW
UWBM82345,Chaetodipus_hispidus_HETEROMYIDAE_RODENTIA,Chaetodipus_hispidus,NA,NA,NA,NA,-0.7759755372504269,-0.8502147632091431,-0.7421132496369851,-0.9143638569878699,-0.9103439282970874,-0.7059781989200542,-0.9871432593849627,-1.0744538496967972,-0.9996406324886759,-0.9571166472634532,-0.9592296312602342,-0.9955113378020444,-0.9519239575409826,NA,NA,NA,NA,NA,-0.2057902342577007,0.06772504628527776,-0.38068768841937195,-0.2928886866824339,0.46526236797960585,-0.9089182703949464,NA,-0.11325725285158907,-0.46823193970136406,-0.08246174737346236,-0.03815057995518071,NA,-0.9850227431158134,F,21.8,UWBM specimen label,F,Is,Is,B,Ground,0,ADW
FMNH62284,Chrotomys_whiteheadi_MURIDAE_RODENTIA,Chrotomys_whiteheadi,NA,NA,NA,NA,-0.14228744371257865,-0.19892781441669025,-0.17306539983603175,-0.2644616412813634,NA,-0.16545355178632978,-0.26259109077637444,-0.07274983429959311,NA,-0.005453201739759852,-0.19174226050067747,0.07707388921291669,-0.24304483216064796,-0.11297473128664816,-0.13275669165170803,0.01157796144560661,0.024503562142216054,-0.1752096743370195,0.47118647928153923,NA,0.3164880757583288,0.4274405198821045,0.17836972844999063,-0.31273259251588204,0.21949467319334237,-0.2183731577912747,-0.32271948782577253,-0.2887874558144806,-0.054520239453136866,-0.11532406551956538,-0.1047119457968761,F,135,"RICKART, HEANEY, AND Utzurrum 1991",T,T,T,T,Ground,0,Nations et al 2019
NMNH540931,Cratogeomys_merriami_GEOMYIDAE_RODENTIA,Cratogeomys_merriami,NA,NA,NA,NA,0.3838905994648406,0.741610981450546,0.7712128338113202,0.09414816339382591,0.4513559993167421,0.8734325927230798,0.5538443499422434,1.0531297382910132,0.8634799690092538,1.017569158092823,0.693877287291964,1.416844470396325,0.4765285759903904,0.5116702175897765,0.34104662180180106,NA,NA,-0.6247621537797976,1.2810815813718708,1.2057640873789814,1.3180279420125713,1.8545887386830116,-0.5391982905545395,2.278883651756107,-0.11020222298712966,1.4056194083197273,1.5657246456080671,-1.1907849920600737,2.940560862726337,NA,0.44323881252198377,F,419.99,PanTheria,F,Is,Is,B,Ground,0,Wiki
NMNH296065,Cryptomys_hottentotus_BATHYERGIDAE_RODENTIA,Cryptomys_hottentotus,NA,NA,NA,NA,-0.8674300155567088,-0.27960642576802686,-0.17875149893386674,-1.0604822269975118,-0.3424242066296329,-0.3345403451117355,-0.5327461868670711,-0.3727889924641225,-0.24932855342240873,-0.163395898743315,-0.6160847089672851,0.31062933480668137,-0.8829512988321551,-0.1398017066752263,-0.368235488086947,-0.8016482087662563,-0.7391813798922356,-0.7053007755737615,0.7183945471226999,0.9102146860227726,0.2137545098675562,2.376086518537106,-1.5540397677438929,2.133795512698931,1.5178241824090397,2.5514925383263645,2.5874609765587953,-0.28805655953658954,1.7748489592066417,-0.06354532319519857,-0.38765609061936884,F,75.13,PanTheria,F,Ss,Ss,B,Ground,0,ADW
UWBM75774,Cynomys_ludovicianus_SCIURIDAE_RODENTIA,Cynomys_ludovicianus,NA,NA,NA,NA,0.7681603555377686,0.928230047735847,0.9270561584208938,0.5556416040189466,0.6864832649880055,0.8545962055777911,0.8425905079267829,0.9657968693346075,0.7254318515391767,1.2120151213481978,0.8179570069381734,1.2047403666060184,0.7599494725527862,0.9263670822083258,0.8607734731946056,0.6377973859707715,0.6750414068035907,-0.4002670997050391,1.0545546375758459,0.10024173949961145,0.2615793892507924,0.8450180993337737,-0.6358674542570726,0.8413934024962674,0.24901746943885253,0.5677205783834562,0.686475275750601,-1.037595018085546,1.0736733518164359,-0.022290095095310436,0.7525588401503369,F,797.05,PanTheria,F,Is,Is,B,Ground,0,ADW
NMNH342993,Desmodillus_auricularis_MURIDAE_RODENTIA,Desmodillus_auricularis,NA,NA,NA,NA,-0.1720818021462018,-0.28768655103075075,0.1016546911398711,-0.018029484030554658,-0.3375428783030773,0.15572696584013482,-0.44210647829005134,-0.5856513548994479,-0.5406004222598867,-0.3760267723836707,-0.29214644096148185,-0.45951416770720477,-0.24499410303519195,-0.5941003780546129,-0.7987731781886706,NA,NA,-0.6076709143856712,-0.030572762249555015,-0.0447867956110335,-0.44844599504056565,-0.4734685018246051,1.2732972718211768,-1.534830332688029,-0.7249661072142728,0.8290227741388666,-0.5382180913878405,1.0717932771293368,0.3010516410698741,NA,-0.5399040777581874,F,54.81,PanTheria,Sf,Is,Is,B,Ground,0,???
NMNHA22798,Dipodomys_deserti_HETEROMYIDAE_RODENTIA,Dipodomys_deserti,NA,NA,NA,NA,-0.05062806637484624,0.06093572312611479,0.0878425657103752,0.2137514496790602,0.08328920140272471,0.11625768993543246,-0.6002641027907235,-0.35976830772192536,-0.4876553325647353,-0.7247088385597151,-0.38820193932494357,-0.5069738193151407,-0.35164137473788987,-0.8021454839859457,-0.9884177581165552,0.32420044652933644,0.6920956673589146,-0.5433796348089789,-0.451251591723722,0.4298203202050586,0.41211749576673595,-0.3957149858903663,1.652822022523976,-2.7476353770203743,-0.8868671427763045,0.3515110081553457,0.35065166820915367,1.6161187314388386,-0.3949244724830393,0.7545269215643685,-0.21410131984392722,F,107.63,PanTheria,Sal,T,T,T,Ground,0,ADW
NMNH578714,Eliurus_webbi_NESOMYIDAE_RODENTIA,Eliurus_webbi,NA,NA,NA,NA,-0.25608076733640106,-0.20906080371349992,-0.013247205668922386,-0.3522079126409997,-0.42328078145218195,0.1777306865914823,-0.29924034252341336,-0.30150318858906006,-0.40787863107125905,-0.28357999003773154,-0.2893678684944847,-0.4136527914324608,-0.271906465504418,-0.3886300149656813,-0.09207954590384461,-0.12884367819243747,0.10526397676075946,0.8355478248681512,-0.1159965155217532,-0.046661082178081785,-0.14267716948418213,-0.39747501042941524,0.23124770284941673,-0.15603176644488156,-0.39598488881031624,0.6951064750699766,0.05753451585447595,-0.12196839449510462,1.4187746091981444,0.37565018664645766,-0.4872166552154652,F,61.13,PanTheria,A,A,A,A,Tree,1,Wiki
FMNH140397,Eoglaucomys_fimbriatus_SCIURIDAE_RODENTIA,Eoglaucomys_fimbriatus,NA,NA,NA,NA,0.54438835182792,0.4586421236793148,0.23381521214464815,0.5094603607714581,0.328858209464684,0.35384803564689415,0.5422199609589732,0.3243281233690035,0.20636629277809565,0.30604876565092176,0.620898431967276,0.09271073360880423,0.6400822006498128,0.4379996045058598,1.0082284700576902,0.5936920270823417,0.8193151158557035,1.7567165490804466,-0.48535394802179876,-0.398031017679219,-0.5149156182037428,-0.9657224159726805,0.39454601857489197,0.18159075898321178,-0.4564279030263146,-0.9052542863674634,-0.33953242003321776,-0.19973689348385112,-0.42409773604487966,0.40945532218381747,0.5369877952252209,F,510,PanTheria,G,G,G,A,Tree,1,ADW
UWBM12290,Erethizon_dorsatum_ERETHIZONTIDAE_RODENTIA,Erethizon_dorsatum,NA,NA,NA,NA,0.9293903744768146,1.7224696112673363,1.513359179128606,0.694000608777128,1.3350226017330187,1.303687510340225,1.0920253170484537,1.3470893109377275,1.2381949224257354,1.4842065210993827,0.9104754792524801,-0.034301700032879745,1.078080034947782,0.5116702175897765,0.9726816624417506,NA,NA,1.312322313479415,1.1915999063046299,0.8183984314755536,0.6384273119201468,-1.4438006080188135,-0.3524304989051759,0.9757890847533376,-1.2521767738224185,2.461045891712552,4.357666842843716,-1.1873105764240057,2.555261213468671,NA,1.8296467656625963,F,7419.46,PanTheria,Sc,Sc,Sc,Sc,Tree,1,ADW
NMNH588791,Funisciurus_pyrropus_SCIURIDAE_RODENTIA,Funisciurus_pyrropus,NA,NA,NA,NA,0.33986677516950414,0.3505084905783264,0.3767345363796008,0.28317747088468587,0.20194431158836856,0.41073386243412663,0.3495896109887802,0.17585402869344466,-0.02332516437748438,0.38773201606221,0.24825946510021024,0.16241436752319469,0.26721656552367773,0.29012095863299014,0.6595059813197752,0.4214151475341629,0.5080219611414528,1.00368707722388,0.053550427345862205,-0.49043540911848355,-0.44449845761212753,-0.2821300910098557,-0.5143357499153989,-0.2394948994791042,-0.16059581358612654,0.07076381446971573,-0.001995938937728737,-0.20747183843717198,0.30740647151617695,0.07144064921645288,0.17942581196663834,F,243.18,PanTheria,A,A,A,A,Tree,1,Wiki
UWBM72223,Galea_musteloides_CAVIIDAE_RODENTIA,Galea_musteloides,NA,NA,NA,NA,-0.23520158902243668,-0.07621504259110029,0.12434932333232955,-0.3188066438553689,-0.0812140268888628,0.02720929390022104,-0.14540167044951846,-0.5642368635976162,-0.26457273596852926,-0.0914111129933471,-0.5268038375964386,-0.20113204439838392,-0.4383667506717925,0.07725123244110577,-0.32021413993833825,0.14855852045783524,-0.11008641157850345,-1.0991025753517547,-0.003007047722707747,-0.04782714349365389,-0.9160363761623714,0.5282640203392268,-1.3884760165344874,-0.5323254412558196,0.872761026175047,1.1607155571045649,0.5245213300108582,-0.07422007504229171,0.7268440321650443,-0.6283691242283552,-0.21244446133233966,F,108,UWBM specimen label,T,T,T,T,Ground,0,ADW
UWBM60841,Geocapromys_ingrahami_CAPROMYIDAE_RODENTIA,Geocapromys_ingrahami,NA,NA,NA,NA,0.6840544283789102,0.823415366840659,1.0420267863409187,0.4762675105812293,0.8396974684403271,0.703416922538509,0.6237382519268089,0.6002121191871926,0.570417560768256,0.6443433846802018,0.7146341081294475,1.0195349892906844,0.6813554843524533,NA,NA,NA,NA,NA,0.0649802535607124,0.21638572087804253,-0.1066597109487403,0.6185163335608386,0.1484379337539657,0.38197353831605074,NA,1.3420299426616675,0.581911353523824,-0.986486372452818,0.7565771920211881,NA,0.679416137341934,F,685,UWBM specimen label,Sf,Is,Is,B,Ground,0,Wiki
NMNHA22024,Geomys_pinetis_GEOMYIDAE_RODENTIA,Geomys_pinetis,NA,NA,NA,NA,-0.022111550815809837,0.2544558675665936,0.4203267203587767,-0.2671544672575949,0.13412673050970728,0.45076809075387225,0.16082455804130832,0.6451208284601201,0.3799411358733366,0.6652385969466117,0.25358257493455705,1.1196791678172078,0.02475875860723904,0.3737973671256048,-0.04930993105565987,-0.25561076905809293,-0.7034651494436325,-1.1745646077290492,1.3091143794167948,0.8541763118445443,1.216215258154919,2.297276288749974,-0.7333432551839549,2.000115818669719,0.6478617428887404,1.5610219062058677,1.0929660395128848,-0.8587658348530707,2.3290519724751846,-0.9577664102096878,0.08781503643253691,F,201.15,PanTheria,F,Is,Is,B,Ground,0,Wiki
UWBM61222,Gerbillus_gerbillus_MURIDAE_RODENTIA,Gerbillus_gerbillus,NA,NA,NA,NA,-0.9436725962855244,-0.9678421777290552,-0.9531006532105302,-0.7100090949930107,-0.8497732619930978,-0.7059781989200542,-1.162987586824525,-1.0001525366067394,-1.0897032262134696,-1.4158481093152482,-0.9610060499407428,-1.0664624935083538,-0.9296117669047683,-0.9497028467784047,-1.2079247953961412,NA,NA,-0.7045927811955267,-0.7609824539856465,0.2415347420572493,0.1579463515152082,-0.4187233773727585,1.7341621401076244,-1.439536974370828,0.03458813489609032,-0.27185227340649537,-0.30854230397024673,1.946968598227164,-0.5172387181662099,NA,-0.8819188254302965,F,26.99,PanTheria,F,Is,Is,B,Ground,0,Wiki
NMNH527620,Glaucomys_sabrinus_SCIURIDAE_RODENTIA,Glaucomys_sabrinus,NA,NA,NA,NA,0.1800868686594504,-0.21927342439096417,-0.18446292595089725,0.16021443348392242,-0.31342263247423213,-0.042401536891634985,0.2681710650311532,-0.2990284080338986,-0.3382517820387453,-0.163395898743315,0.3228437598649714,-0.5561471815275754,0.4227727108358204,-0.23478399681218654,0.19934621852040552,0.2070226040039151,0.18659188638779028,1.3155598025509203,-0.8599249528543111,-0.8880385433464993,-1.1164300446066326,-1.403649644084343,0.801101443524837,0.5524219938397281,-1.2946940968239862,-1.0814651909403588,-1.3967403060276768,0.032014382758142376,-0.6883080663605134,-0.17217809410420182,-0.09574775405962521,F,137.53,PanTheria,G,G,G,A,Tree,1,ADW
NMNH570478,Glaucomys_volans_SCIURIDAE_RODENTIA,Glaucomys_volans,NA,NA,NA,NA,-0.19104341345602097,-0.47323756143335527,-0.4436750261277923,-0.2524042027319928,-0.5154453844381659,-0.23947408869325534,-0.1126508507475026,-0.3859418691585469,-0.6676467025534625,-0.2542353479584447,-0.03200207340638225,-0.6071626656240653,0.05979556032391923,-0.1994649026375231,0.16364263668943468,-0.11864004858580222,-0.11302665043894883,1.0466447964578203,-0.40740452478378586,-0.8472571137604284,-0.6668761015863384,-1.0681035597874802,1.0208731437007272,0.669246854492043,-0.5400312947990156,-0.8485964021114433,-1.08874519315347,0.008231623844622832,-0.2965341891895488,-0.13902654561424804,-0.40887186557051736,F,71.9,PanTheria,G,G,G,A,Tree,1,ADW
NMNH105291,Glis_glis_GLIRIDAE_RODENTIA,Glis_glis,NA,NA,NA,NA,0.033576870474614794,-0.02665949873258391,0.03105631555439987,-0.19098589339164526,-0.019503626885158377,-0.13003298577863276,-0.02368502347898409,0.061255853899789985,-0.20467006769110802,0.08047632720944091,-0.1174920959425888,-0.020716009465528776,-0.10990002539617587,-0.11297473128664816,0.2860795407371618,-0.40937409949347064,0.229114157726166,1.166613138065333,0.13652038004529654,-0.16275583787175252,0.08215929158962948,0.04796418318373953,-0.4414045503661646,-0.16289339169728112,-0.25248433371074913,-0.10399910943423116,-0.312849414503128,-0.7977042002671206,-0.13195480933276665,1.483148535808216,-0.13007876750170994,F,128.09,PanTheria,A,A,A,A,Tree,1,Wiki
NMNH539431,Heliosciurus_rufobrachium_SCIURIDAE_RODENTIA,Heliosciurus_rufobrachium,NA,NA,NA,NA,0.47485399100808967,0.31870853099036817,0.4023430700880796,0.37007607008408894,0.2795640566170808,0.392518477683456,0.5169582514237838,0.3215745681843503,0.06040988241987685,0.48330469516315994,0.36242069194412785,0.2060238834733609,0.38159588577006204,0.532071566397884,0.971122216978202,0.5988323302174886,0.8108993012124447,1.2264093693736093,-0.07747640756084626,-0.6196340444967753,-0.47350934341993356,-0.40148903275727327,-0.8143282917853428,-0.06715584481384357,0.10430213806170041,-0.25422559449956394,-0.5989793011622626,-0.4767679792472547,0.020181236909078137,0.3766534615509116,0.3310137548235611,F,332.88,PanTheria,A,A,A,A,Tree,1,Wiki
MVZ175330,Hydromys_chrysogaster_MURIDAE_RODENTIA,Hydromys_chrysogaster,NA,NA,NA,NA,0.3288758469170738,0.5279599519826593,0.8679802249219898,0.2763485172404863,0.45007264695819116,0.6597921739025908,0.14965200874263626,0.3077183160306164,0.11834257068560737,0.4631456616191803,0.10744865762120306,0.40777041862163976,0.006909990695125136,0.35372193063099433,0.303804860978293,0.4959227072655024,0.6385655173898322,-0.30343636469285384,0.7186533856019923,0.19545606462181206,0.2783875263571247,0.5374269947460187,-0.7630172318704151,-1.0583838025410066,0.6289002238920488,2.090333903244035,0.7912226068437983,-0.18394090518689948,1.2308506512087376,0.2040463071825945,0.6360626547129614,F,626.17,PanTheria,Saq,Is,Is,B,Ground,0,ADW
UWBM58730,Hystrix_cristata_HYSTRICIDAE_RODENTIA,Hystrix_cristata,NA,NA,NA,NA,1.801743577783654,2.1316530683997215,2.280827065767601,1.5680999177611032,1.4346846237390671,2.111332950701943,2.0086542202878745,2.119497194938214,1.8019753942471777,1.8756004123618935,1.8292594402776845,2.576860595623692,1.5937529602604494,1.9291300675825607,1.681982912594991,1.375380059957803,1.4759677555620347,-0.9240138026006585,-0.02654321392298711,0.06887364977073704,0.3508261182151996,2.125865811733916,-2.3121310662028485,1.3442306022088168,0.2621385274188786,2.1466278563552477,1.6837489325242934,-1.4983666248856553,2.938183111895594,0.16962567482045812,2.1152759235914407,F,13406.27,PanTheria,T,T,T,T,Ground,0,ADW
NMNH308387,Jaculus_jaculus_DIPODIDAE_RODENTIA,Jaculus_jaculus,NA,NA,NA,NA,-0.25507915131733017,-0.34006147920370455,-0.38211696939216316,0.23981067404623882,-0.41806851465308703,0.18317129819798927,-1.1192240174975356,-0.8144754867150428,-0.86522897128683,-0.9318146823969838,-0.7629856761241665,-0.9681344524796172,-0.7561932730716366,-1.181568434265817,-1.0270326589400678,1.537899106893818,1.0323558793968606,0.46018699630572446,0.12094488131149249,0.7170957527258048,0.5273786305879533,-0.5740002778049402,2.6140370074006896,-3.9036374314602766,-0.7611117928192327,-0.5180171285613117,-0.44016090332756475,3.1766298655274507,-0.27111637094725,-0.9613429828829615,-0.49783672951799407,F,59.8,PanTheria,Sal,T,T,T,Ground,0,ADW
NMNH172694,Lophiomys_imhausi_MURIDAE_RODENTIA,Lophiomys_imhausi,NA,NA,NA,NA,0.6430361888564994,0.7156562098847814,0.8527759371424651,0.34444896402168973,0.6433555128955817,0.7421045011908352,0.7535286941656332,0.6862154861868854,0.5717363192357885,0.7291749122763355,0.5016870401829652,0.4442861229418681,0.47143993045662436,0.7118666808453709,0.8523047797609407,0.2070226040039151,0.7840837685048586,0.19781072642823325,-0.013500643104410187,-0.05696501199106049,-0.19114750422915583,-0.20605536529072424,-1.5328532525333471,0.5960732862082058,0.13891838034956183,0.7352197243264467,0.29156505664547583,-1.3200294930636398,1.3324728847274603,1.3495993135002669,0.7263915322289182,F,755,PanTheria,A,A,A,A,Tree,1,ADW
UWBM82114,Marmota_caligata_SCIURIDAE_RODENTIA,Marmota_caligata,NA,NA,NA,NA,1.355213173964978,1.4487763811337493,1.4747120930720965,1.199102939973502,1.341882454423704,1.4133267292342164,1.5494101655502726,1.5661819418801644,1.2420766073697096,1.501917582979297,1.4654668346821242,1.8690421209486316,1.3531592712222957,1.512006896245316,1.6078329822194555,NA,NA,-0.020406731807943543,0.08311152587854408,-0.21261041482455756,0.07224007423738653,0.9725765923433167,-1.3289904436118274,1.294219763773954,0.10316916461372132,0.5278808521737083,0.48731568601849345,-1.0419308143610029,1.144551482583845,NA,1.4384943466952738,F,3300,UWBM specimen label,Sf,Is,Is,B,Ground,0,ADW
UWBM35529,Marmota_caligata_SCIURIDAE_RODENTIA,Marmota_caligata,NA,NA,NA,NA,1.4935168751840644,1.501656131386467,1.468419009297233,1.3068181614469578,1.37984752539254,1.4233767255021808,1.6975040422217453,1.6195608726678088,1.3792953621211699,1.5966788105158662,1.5891890736152716,1.8305300115480192,1.4642302319254574,1.4691598568620037,1.5737951458683725,1.203257452359272,1.5092807148170788,0.009431110117068046,-0.011420430703521662,-0.21517041518456587,-0.13048640944484632,0.5595332175379102,-1.5223057342760296,1.384790366270323,-0.32772952372377057,0.05130765731362841,0.1519768762231559,-1.2123894340767172,0.8377120611080893,0.6619511316154014,1.603962404080916,F,4649,UWBM specimen label,Sf,Is,Is,B,Ground,0,ADW
UWBM31095,Marmota_caligata_SCIURIDAE_RODENTIA,Marmota_caligata,NA,NA,NA,NA,1.355061605130356,1.4775705993560417,1.5254842174276197,1.1962652125636974,1.3443674918832011,1.361820698105215,1.5302068086200036,1.6446205945349839,1.4108819527919176,1.536598256871845,1.392005394740664,1.7202852324487383,1.3030361319332857,NA,NA,NA,NA,NA,0.2077774768667307,0.19949473791252462,0.31008483118543767,0.7591235679332765,-1.4604747774121036,1.0060796244497348,NA,0.71723782587978,0.6130622244771171,-1.0523923938008235,0.9548370729853879,NA,1.6293492259470328,F,4900,UWBM specimen label,Sf,Is,Is,B,Ground,0,ADW
UWBM82446,Marmota_caligata_SCIURIDAE_RODENTIA,Marmota_caligata,NA,NA,NA,NA,1.3174038888952408,1.438080441798614,1.5026548918955485,1.171667436759925,1.3449879676209946,1.3764587888003519,1.4460730283606764,1.5917107920685076,1.3260384758986248,1.5193791849767437,1.2559812914155302,1.7891086070030542,1.1696137073750923,NA,NA,NA,NA,NA,0.3574438325350797,0.18486691667761382,0.38170309112188755,1.322765486656994,-1.6533643999842103,0.5232011920658203,NA,0.7667987575383122,0.5991200499086984,-0.9864843819660212,1.09042497723021,NA,1.6904433868825766,F,5561,UWBM specimen label,Sf,Is,Is,B,Ground,0,ADW
NMNH519825,Microtus_pennsylvanicus_CRICETIDAE_RODENTIA,Microtus_pennsylvanicus,NA,NA,NA,NA,-0.9395066755289172,-0.7385283393099704,-0.6158920844108852,-0.9325629483191361,-0.8314406853587888,-0.7627541733706104,-0.7906390226214519,-0.7817670873604238,-0.7894036310883243,-0.7899740780671843,-0.8507276781470541,-0.704101496036296,-0.841736198317198,-0.6176714528483807,-0.776780861192216,-0.7161059713405763,-0.694670977663679,-0.49256956408439034,-0.23347263629334306,0.12850765783764154,-0.16207531044098447,0.08252969437406274,-0.06355836350174056,0.34454995780598063,0.3404675866733517,0.8781646941300435,0.5978415463031028,0.6963269557935776,-0.1600474302080036,-0.1444672587802104,-0.6623711959802588,F,42.53,PanTheria,F,Is,Is,B,Ground,0,ADW
UWBM59655,Microtus_townsendii_CRICETIDAE_RODENTIA,Microtus_townsendii,NA,NA,NA,NA,-0.8540904813441681,-0.48262062958367247,-0.5764362560895702,-0.882022997022609,-0.558409930768743,-0.6949276571108315,-0.6964659491787223,-0.6618820015205704,-0.7033188804181345,-0.6933210039116204,-0.776979437481384,-0.5021527375159358,-0.7693118373886014,-0.49828642994068656,-0.5140132176735689,NA,NA,-0.12441168737155318,-0.21218817675989374,0.12394949433602026,-0.09681330529962111,0.37804738148805817,-0.20272275412281868,0.4498300440080411,0.4501001444584486,0.7169560278235312,1.4113905752954932,0.4792039231362623,-0.08600119015473957,NA,-0.7231399693422522,F,37.5,UWBM specimen label,Sf,Is,Is,B,Ground,0,ADW
UWBM77418,Microtus_townsendii_CRICETIDAE_RODENTIA,Microtus_townsendii,NA,NA,NA,NA,-0.4777582859605562,-0.49841121624413776,-0.38211696939216316,-0.5679867029428018,-0.5439210338811331,-0.4374828036234991,-0.41414238194948577,-0.4762700131697373,-0.6398172319268578,-0.4166780616875079,-0.5532738075922023,-0.29289425583810874,-0.571911925171724,-0.5538185584090339,-0.47831841133293806,-0.45317421727602014,-0.4491156003668679,0.14414216565549312,-0.17533558065113988,-0.3049916457759155,-0.28111889072376506,0.3681727007264724,-0.7015670691371179,-0.038734426928179244,-0.318354962905606,0.13391871435132113,-0.23370683517552973,0.004631509726973794,-0.10480641976583875,-0.16367610805388857,-0.36432389576782004,F,78.85,UWBM specimen label,Sf,Is,Is,B,Ground,0,ADW
LSUMZ29349,Microtus_montanus_CRICETIDAE_RODENTIA,Microtus_montanus,NA,NA,NA,NA,-0.9562481863681584,-0.9230256919923018,-1.1806362754045423,-1.0406507991765828,NA,-1.0489058209757853,-0.8171568994783802,-0.909919752541883,NA,-1.1208381163887258,-0.9627846822276569,-0.6493971873683584,-1.0031718351677863,-0.9048165816127668,-0.9385380534159522,-1.016278752673169,-1.0559212934081579,-0.13245475674026985,-0.7977739698489875,NA,-0.3777407370114339,0.44963118533359575,-0.7426614124850346,0.30274498525219,-0.18668727984134384,-0.8714728995589199,-0.09407661439809484,0.2528925133996852,-0.6823777415615105,-0.2873154561868828,-0.6587521981964257,F,42.85,Pantheria,T,T,T,T,Ground,0,ADW
LSUMZ29353,Microtus_montanus_CRICETIDAE_RODENTIA,Microtus_montanus,NA,NA,NA,NA,-1.079650939038628,-0.8754495229590766,-1.1438237973691,-1.128842962613166,NA,-1.005785506417759,-0.9454883213043437,-0.9749138054441053,NA,-0.9699639461357328,-1.054666604939947,-0.7153110587891809,-1.084284214382626,-0.9843776366764005,-0.9022637212889038,-1.0278568654861773,-0.9425320094031774,0.21197153154417347,-0.3109065317637591,NA,-0.257815361612634,0.5024615839084872,-0.478302129634329,0.264674348102774,-0.12713236270769682,-0.4528808128295864,0.5900409229341625,0.4833558409472942,-0.3788476408330374,-0.02945046416919658,-0.6587521981964257,F,42.85,Pantheria,T,T,T,T,Ground,0,ADW
LSUMZ29347,Microtus_montanus_CRICETIDAE_RODENTIA,Microtus_montanus,NA,NA,NA,NA,-0.8627068531581571,-0.8712095541305502,-1.1080387795860625,-0.9157558678765712,NA,-0.9237880272426092,-0.8047802428687334,-0.9178679199662361,NA,-0.919354745892083,-0.9009622665303023,-0.6071626656240653,-0.8993661943836149,-0.9421171181978724,-1.0467480442911523,-0.9137391249698408,-1.0062437101615358,-0.3208534030055532,-0.4643359221695363,NA,-0.4174270927166608,0.40951949783350605,-0.28807077402774117,-0.09174207100877557,-0.40375897488530155,-0.9130967936037141,-0.23967597365539745,0.36008866941129114,-0.6321214847692179,-0.3841745826354672,-0.6587521981964257,F,42.85,Pantheria,T,T,T,T,Ground,0,ADW
LSUMZ29352,Microtus_montanus_CRICETIDAE_RODENTIA,Microtus_montanus,NA,NA,NA,NA,-0.8880905213586687,-0.8502147632091431,-1.0732254217836286,-0.9797916637142381,NA,-0.7627541733706104,-0.8190711084365617,-0.8708942950698959,NA,-0.9444011178813025,-0.8823370028707299,-0.6123709097764991,-0.9487149078704609,-1.0199690462047402,-0.982084489812619,-1.037183861606824,-0.9167848146454423,0.08417227986290705,-0.48679070985354267,NA,-0.2939861458935378,0.3553022253558833,-0.4634696913565692,0.17751623079491893,-0.5114007795700344,-0.7609285703884776,-0.0667205257352615,0.18619491204460878,-0.043544395388781715,0.04655362471286777,-0.6587521981964257,F,42.85,Pantheria,T,T,T,T,Ground,0,ADW
LSUMZ29345,Microtus_montanus_CRICETIDAE_RODENTIA,Microtus_montanus,NA,NA,NA,NA,-0.8408816912828725,-0.8336597712646578,-0.9120663275271528,-0.9689247301810842,NA,-0.8719814575486461,-0.8286830649842669,-0.909919752541883,NA,-0.8588669814555329,-0.9363351503769507,-0.6387151389927839,-0.9380702685886201,-0.91219448095837,-0.9884177581165552,-0.8987295553324336,-1.0671941532910778,-0.2480016408665073,-0.3030980717163221,NA,-0.3553364770218413,0.41475741940673333,-0.3581525443594591,-0.1619412147831028,-0.26254898701158547,-0.4396459874491678,-0.17760059754558882,-0.005720756098200866,-0.3803435950220844,-0.5251469203520351,-0.6587521981964257,F,42.85,Pantheria,T,T,T,T,Ground,0,ADW
LSUMZ29355,Microtus_montanus_CRICETIDAE_RODENTIA,Microtus_montanus,NA,NA,NA,NA,-0.8848912930512308,-0.8173130237390379,-0.8920313379503308,-1.0002926393619562,NA,-0.7744272898199583,-0.8209880345126999,-0.8292819018938961,NA,-0.8948043744082631,-0.9354618849929955,-0.6123709097764991,-0.9659144492802768,-0.8901809672794679,-0.8324250057562881,-0.9775658342716983,-0.9425320094031774,0.12855204113145355,-0.38854746973543225,NA,-0.2019775422432049,0.4761259885310395,-0.5396663637597192,0.064621893463171,-0.18744612814105993,-0.2562786771867091,0.05001904521587621,0.07305573712719766,-0.026948083303430147,-0.13293900907869569,-0.6587521981964257,F,42.85,Pantheria,T,T,T,T,Ground,0,ADW
UAM120322,Microtus_oeconomus_CRICETIDAE_RODENTIA,Microtus_oeconomus,NA,NA,NA,NA,-1.0209489768265618,-0.9363091053608692,-0.8821300281681648,-1.11603156253486,NA,-1.0636181556177873,-0.9698983426139802,-1.0129587090168497,NA,-1.0227273662901457,-1.0594196969963459,-0.8513239705563561,-1.0667566321927442,-0.9421171181978724,-1.060047985463171,-0.9158956107508809,-0.9900532140691588,-0.35583762651295753,-0.37134314561227894,NA,-0.2885079074158716,0.19571294504302822,-0.2578487203787604,-0.006000679417675331,-0.008452779408719885,0.19034900536830063,0.0985745704169653,0.23210773018205758,-0.5599419227269378,-0.34892976803288256,-0.9633691291631551,F,22.8,Specimen tag,T,T,T,T,Ground,0,ADW
UAM120769,Microtus_oeconomus_CRICETIDAE_RODENTIA,Microtus_oeconomus,NA,NA,NA,NA,-1.0954351104829756,-1.0477673179515004,-1.0282308667277538,-1.1184252661556509,NA,-1.1717887650463508,-0.9969411804322579,-1.0699632135657675,NA,-1.211592274196804,-1.1048898615785163,-0.8955676721786053,-1.11759410722677,-0.8938249837436021,-1.0734758126461756,-0.9619099614499511,-1.0171380002794306,-0.5183862747607748,-0.6735324271706171,NA,-0.35254482296014805,0.19380931957235772,-0.37350419429256015,-0.013522025933034476,0.22087851101815698,-0.056796091855923124,-0.05746996290880986,0.6220228624799129,-0.8212278551887509,-0.31475441167676615,-0.9188963593480862,F,25,Specimen tag,T,T,T,T,Ground,0,ADW
UAM51644,Microtus_oeconomus_CRICETIDAE_RODENTIA,Microtus_oeconomus,NA,NA,NA,NA,-1.0954351104829756,-1.0142595867272806,-0.9324193460620797,-1.1336759798620373,NA,-1.4212581123155203,-1.020083287380653,-1.2219964621129455,NA,-1.3266187294779883,-1.054666604939947,-0.9749272555190547,-1.059805866867234,-0.9843776366764005,-1.0870340091216402,-0.96859970624625,-1.0615468421836998,-0.3114735749637135,-0.8291569171343846,NA,-0.604193094424186,-0.07606219554425792,0.058002638000828347,0.1211260282812312,-0.060854805754374894,0.26051601847171624,0.07414945817626047,0.5454883782516036,-1.3292924282710634,-0.38826268620773624,-0.9036889710174156,F,25.8,Specimen tag,T,T,T,T,Ground,0,ADW
UAM56977,Microtus_oeconomus_CRICETIDAE_RODENTIA,Microtus_oeconomus,NA,NA,NA,NA,-1.0768845864594385,-0.976993971137077,-0.8821300281681648,-1.099383191480116,NA,-1.1399106653927276,-0.958168923334143,-1.0744538496967972,NA,-1.2273855227642902,-1.0756996372084349,-0.9020071838730197,-1.0925385563047787,-0.9345738869191461,-1.0467480442911523,-0.9376319916912534,-1.0062437101615358,-0.341472596190085,-0.7602613080785227,NA,-0.4361073828212612,0.1186007765792924,-0.4528441406244189,0.07204905398025133,0.026775404776148596,0.37414301020824053,0.15182817910567822,0.6153377623717591,-0.7835482790244217,-0.339455545947163,-0.8676427834370997,F,27.8,Specimen tag,T,T,T,T,Ground,0,ADW
UAM120378,Microtus_oeconomus_CRICETIDAE_RODENTIA,Microtus_oeconomus,NA,NA,NA,NA,-0.9180490687841044,-0.9542342073881441,-1.0618278956687632,-1.0039836052706343,NA,-1.0489058209757853,-0.8648542791074473,-1.1295918401256,NA,-1.049975787253876,-1.0386234688809615,-0.7786691888217774,-1.072575099605843,-0.9922059335045984,-1.0533821815540223,-0.9708362397837568,-1.0008269020885325,-0.19912258447468698,-0.6028501297222207,NA,-0.7060903401422759,0.31538002359517786,-0.8358706134364906,-0.25043000875849736,-0.2623559289878782,-0.6539143380827095,-0.34926708946644297,0.22764781604004264,-0.7575138470475506,-0.2653198222176973,-0.8308724848777158,F,30,Specimen tag,T,T,T,T,Ground,0,ADW
UAM120648,Microtus_oeconomus_CRICETIDAE_RODENTIA,Microtus_oeconomus,NA,NA,NA,NA,-0.9270856263892449,-0.9011840132643506,-0.8723045912370082,-0.9445845326803888,NA,-1.0785066900712823,-0.8286830649842669,-0.9460769055869358,NA,-1.0227273662901457,-0.9744001322012273,-0.6601636796901501,-0.9844206762902779,-0.8472050874823307,-0.9508419503431259,-0.8442536163640467,-0.8181102288302523,-0.3275388698014704,-0.6134285838873135,NA,-0.42789339240098095,0.4503942706040539,-0.591536265939678,-0.12062233974782793,-0.048362984451465425,-0.0703166282592825,-0.11819084917610373,0.5667303007694359,-0.9430391542520717,-0.1428975675527319,-0.8012247269886027,F,31.9,Specimen tag,T,T,T,T,Ground,0,ADW
UAM120753,Microtus_oeconomus_CRICETIDAE_RODENTIA,Microtus_oeconomus,NA,NA,NA,NA,-0.8057760724639648,-0.9542342073881441,-0.9020097015016539,-0.9311550438689025,NA,-1.005785506417759,-0.7582075520386217,-1.0302329279566256,NA,-0.8707307394220347,-0.8589782920189869,-0.8327936957840123,-0.8298966183559451,-0.9345738869191461,-1.1285167602188584,-0.9843256289856338,-1.1606550617762403,-0.5502052816979494,-0.4532057901197612,NA,-0.711288952657734,-0.16479313049634753,-0.18079195499932404,0.0497330393651984,-0.5133019931279518,-0.5065235844139462,-0.7287363675930942,-0.009301634116455142,-0.8007202376600255,-0.5441926542947426,-0.7997136313498413,F,32,Specimen tag,T,T,T,T,Ground,0,ADW
UAM121655,Microtus_oeconomus_CRICETIDAE_RODENTIA,Microtus_oeconomus,NA,NA,NA,NA,-0.7417816966557533,-0.8419109056065107,-1.0282308667277538,-0.8298634249024733,NA,-0.8593602550530359,-0.6670502297875708,-0.8902600850526478,NA,-0.8588669814555329,-0.7903229428706201,-0.7669281317456103,-0.7571262957091264,-0.9421171181978724,-0.9947798796786359,-0.8775434808961595,-0.9846960407150395,-0.18091650897593586,-0.5858355813427152,NA,-0.6169439554688367,-0.16409643759515735,-0.2997085882612028,0.035849564795327034,-0.7015533120897791,-1.0007639121317273,-0.5552623911460255,0.1354865071252652,-0.6514739990598478,-0.4099799661724086,-0.7662031187035192,F,34.3,Specimen tag,T,T,T,T,Ground,0,ADW
UAM57188,Microtus_oeconomus_CRICETIDAE_RODENTIA,Microtus_oeconomus,NA,NA,NA,NA,-0.8478584503930424,-0.9452407507811895,-1.0963289881990606,-0.9474273913176848,NA,-1.09357569600189,-0.8579363573883126,-1.092573686698834,NA,-0.9960649785430522,-0.9163839892156261,-0.8205787781570077,-0.9024652728861282,-1.0159676665536443,-0.9142507757263485,-0.9354441843919297,-1.0008269020885325,0.27527984177565995,-0.5165483116991767,NA,-0.6518606429549193,-0.03037482749712315,-0.010790726193551668,-0.2211552647686326,-0.5068856375569819,-0.919187213696016,-0.5588989684958783,0.13032608591424819,-0.971547567368436,-0.33303134005624807,-0.7564493594435066,F,35,Specimen tag,T,T,T,T,Ground,0,ADW
UAM34232,Microtus_oeconomus_CRICETIDAE_RODENTIA,Microtus_oeconomus,NA,NA,NA,NA,-0.8785155305190764,-0.9363091053608692,-1.2057785171381372,-1.0017679211048638,NA,-0.9505240634453764,-0.797219835753096,-0.9583570660296463,NA,-0.9444011178813025,-0.9319741563778735,-0.8513239705563561,-0.93277779017494,-0.9270726794309905,-1.060047985463171,-0.9641365768750244,-0.9634618030488628,-0.39645819714099917,-0.5240725869317497,NA,-0.5105600059220387,-0.06281728028789506,-0.4986244031362516,0.1263262321401051,-0.3419283259294471,-1.1150647406359495,-0.4224767417864469,0.03355930139890341,-0.5157405060875999,-0.20299984604393473,-0.7154764010943314,F,38.1,Specimen tag,T,T,T,T,Ground,0,ADW
UAM57109,Microtus_oeconomus_CRICETIDAE_RODENTIA,Microtus_oeconomus,NA,NA,NA,NA,-0.8347103042345875,-0.9862106714235395,-1.2708794652248945,-0.925536783809236,NA,-0.9106325841853146,-0.8076263433823977,-1.0744538496967972,NA,-1.049975787253876,-0.8865487268636119,-0.7964727650338161,-0.8637024495489768,-1.0320450308424978,-1.171269586881217,-0.9574665804674796,-1.0116806926128357,-0.4025357867202885,-0.6944106454859751,NA,-0.7056710628116961,-0.039330527007576235,-0.0856005411114911,-0.10098251013422245,-0.636366838750824,-1.3572945106541705,-0.7424128342403946,0.16553971885000385,-0.5780164729517504,-0.31249346310959947,-0.6956157226598653,F,39.7,Specimen tag,T,T,T,T,Ground,0,ADW
UAM34079,Microtus_oeconomus_CRICETIDAE_RODENTIA,Microtus_oeconomus,NA,NA,NA,NA,-0.9436725962855244,-0.858572022192201,-0.8821300281681648,-0.9907389945270687,NA,-0.9641108409548931,-0.8608968427402708,-0.9218603645023249,NA,-1.0093244979500389,-0.9601175642441111,-0.6493971873683584,-1.014318980191392,-0.8613785158463915,-0.9202831102358892,-0.8319571802355535,-0.8228887211516263,-0.20618289262017198,-0.5359638294001986,NA,-0.31646606905110947,0.4435069130477294,-0.5722044182274231,0.01136876853918433,-0.006703258771661625,-0.05133836722008412,0.11146394243788461,0.428136333834398,-0.5746917424634717,-0.1774469799125672,-0.6919811158143777,F,40,Specimen tag,T,T,T,T,Ground,0,ADW
UAM80965,Microtus_oeconomus_CRICETIDAE_RODENTIA,Microtus_oeconomus,NA,NA,NA,NA,-0.8486358800607653,-0.8092161172146595,-0.8920313379503308,-0.9531295466036231,NA,-0.8593602550530359,-0.8142906638204435,-0.9059638800739043,NA,-0.8011936410351908,-0.9224266142541477,-0.6547697946751478,-0.9540673691809959,-0.8578211471677156,-0.982084489812619,-0.8691517875443276,-0.8765111404779049,-0.380529657616468,-0.21157629794477348,NA,-0.375306008894938,0.34561735925685355,-0.5155700467615,-0.10856427091111259,-0.12923552671241678,-0.35954158866848934,-0.05527829502823987,0.10751690422714341,-0.382103795945297,-0.2133928988934892,-0.6570650864186139,F,43,Specimen tag,T,T,T,T,Ground,0,ADW
UAM120645,Microtus_oeconomus_CRICETIDAE_RODENTIA,Microtus_oeconomus,NA,NA,NA,NA,-0.842428963888682,-0.9274384272785606,-0.995491728701355,-0.9660403092568768,NA,-0.834495870859968,-0.7664729758303184,-0.8747443639558962,NA,-0.9070187909110327,-0.8967078603237901,-0.8389424835918815,-0.8768444151364971,-0.9765945903716068,-1.0734758126461756,-0.9464151364644101,-1.0281142031220074,-0.2969088696251254,-0.5071300434606036,NA,-0.40473061177517106,-0.10570989943457983,-0.37879640411914917,0.1141337552863359,-0.5483800043492792,-0.6691645202302606,-0.5148061412355847,0.015487248497159241,-0.28389023714854494,-0.36534021178833154,-0.6559436116693889,F,43.1,Specimen tag,T,T,T,T,Ground,0,ADW
UAM121639,Microtus_oeconomus_CRICETIDAE_RODENTIA,Microtus_oeconomus,NA,NA,NA,NA,-1.0351632079142168,-0.9011840132643506,-0.805557234436597,-1.0954467500376193,NA,-1.0343655643696188,-0.9122442009421597,-0.909919752541883,NA,-0.88270912484428,-1.0246159744659773,-0.676474703220071,-1.0714094929388434,-0.9011427368733212,-1.1076213588922572,-0.9008646443657097,-0.8814850059393882,-0.5841883279080167,-0.1938983006577897,NA,-0.1870661839085173,0.5274276398670136,-0.5881873654320946,0.22862496367909824,0.026907600405757022,0.50605264813324,0.29750249452482586,0.40726663525896756,-0.5290869082463068,-0.16055836977055368,-0.6120716283583841,F,47.2,Specimen tag,T,T,T,T,Ground,0,ADW
LSUMZ18575,Microtus_pinetorum_CRICETIDAE_RODENTIA,Microtus_pinetorum,NA,NA,NA,NA,-1.0209489768265618,-1.0526254518079092,-0.963567758237283,-1.2678650396878655,NA,-1.09357569600189,-0.902021031804754,-0.8902600850526478,NA,-0.9444011178813025,-1.0227586518544576,-0.5916563783591607,-1.1044145254536135,-0.9383402201767564,-1.066745759777135,-1.1691003186095852,-1.1849860933502727,-0.3835212207450065,-0.3396435491329082,NA,-0.16565735468244105,0.7385783855911319,-0.801588983047498,0.7406151841125499,-0.04458094913819553,-0.07653995649853171,-0.34621892987754693,-0.45778031793536905,-0.29920482602213283,-0.24932212601512158,-0.8999608083800543,F,26,Pantheria,T,T,T,T,Ground,0,ADW
LSUMZ18579,Microtus_pinetorum_CRICETIDAE_RODENTIA,Microtus_pinetorum,NA,NA,NA,NA,-0.9587774475890379,-0.9497296992623886,-1.2314236369035794,-1.1539852125611738,NA,-1.0343655643696188,-0.820029231352871,-0.8786059084740221,NA,-0.9699639461357328,-0.9761955440424218,-0.6071626656240653,-1.046005808179806,-0.9085004779235305,-0.982084489812619,-1.0943921951721058,-1.2540661170008938,-0.24125231362774704,-0.5325803443240678,NA,-0.308092375587762,0.5848997921645868,-0.9329697901231804,0.6002704189613396,-0.14458982601850137,-0.9927487055997672,-0.18661688391088005,-0.257895436995505,-0.39902110818616165,-0.5201324664766034,-0.8999608083800543,F,26,Pantheria,T,T,T,T,Ground,0,ADW
LSUMZ18576,Microtus_pinetorum_CRICETIDAE_RODENTIA,Microtus_pinetorum,NA,NA,NA,NA,-0.9938283582277112,-0.9274384272785606,-0.9324193460620797,-1.183729077669223,NA,-1.0785066900712823,-0.8628741113129493,-0.9298823543846986,NA,-0.8011936410351908,-0.9833998607907541,-0.6228475320990852,-1.047150692948228,-0.9765945903716068,-1.0205222356449868,-1.1513340883486598,-1.2035042456903224,-0.15334248843047465,-0.11641009102174121,NA,-0.32908368997582776,0.5628736782237985,-0.7233277890979781,0.6452442250559888,-0.25481591824096483,-0.05953779175235573,0.029946020577179325,-0.21888567416592247,-0.4502830392626279,-0.3202210919246277,-0.8999608083800543,F,26,Pantheria,T,T,T,T,Ground,0,ADW
UWBM35273,Mus_musculus_MURIDAE_RODENTIA,Mus_musculus,NA,NA,NA,NA,-1.1932267252220632,-1.2635405358932923,-0.8148824627779747,-1.3227586285990254,-1.182892595006785,-1.005785506417759,-1.2523710471675316,-1.508571399965253,-1.3268200687300014,-1.165384941487539,-1.4352396208312552,-1.270352826023753,-1.3287899354965638,-1.1997641606522271,-1.2228605876886396,NA,NA,-0.072037037855953015,-0.13077001454038617,-0.10646841227987573,-0.7187987876769195,0.0643599122991002,-0.07764004970421928,-0.770281822133415,0.011957629521960542,1.047123229543074,-0.5071533054386523,0.14860043756714192,0.09350869954120047,NA,-1.043829486087953,F,19.3,PanTheria,T,T,T,T,Ground,0,ADW
UWBM81975,Myocastor_coypus_MYOCASTORIDAE_RODENTIA,Myocastor_coypus,NA,NA,NA,NA,1.1678746689936141,1.6515352629619169,1.4964977936525972,1.317632525994217,1.4025502284284468,1.4273740851131536,1.1319098366666116,1.2256905587941151,1.162906395377753,1.20756357887527,1.392005394740664,1.7692783479467196,1.293629446034891,1.3387444300311797,1.1875051293139085,NA,NA,-0.6521559863344484,0.29820297921208333,0.5099289564509516,0.21753968150316252,0.8906185422923785,0.5941440340761447,0.08420075166170375,0.2904441953443943,1.3170520754359627,2.403543003509459,0.37894250659555384,0.8189637964820828,NA,1.7553764253924298,F,6361.55,PanTheria,Saq,Is,Is,B,Ground,0,ADW
UAM121657,Myodes_rutilus_CRICETIDAE_RODENTIA,Myodes_rutilus,NA,NA,NA,NA,-1.2124434197020348,-1.1277648342867517,-1.311588066723803,-1.2838524307332069,NA,-1.2902762616343952,-1.1568238417846477,-1.1725420903733004,NA,-1.1063379131186644,-1.217337922913049,-1.0811073032805767,-1.223794144144975,-0.9345738869191461,-1.014042023239532,-0.9933861378722509,-1.0447348164419599,-0.2545006438951407,-0.1920017485277438,NA,-0.24700772479518399,0.024936207511150322,-0.05231280145245459,0.017396260917013455,0.4773833292571171,-0.5702996657119137,0.0714633475418712,0.4379162788654241,-0.7725038779006941,-0.30903849884973045,-1.1496894925051455,F,15.5,Specimen tag,T,T,T,T,Ground,0,nations & Olson 2015
UAM120343,Myodes_rutilus_CRICETIDAE_RODENTIA,Myodes_rutilus,NA,NA,NA,NA,-1.0898430929508498,-1.0722416626457114,-0.984761848134126,-1.11603156253486,NA,-1.1717887650463508,-0.9828113416564962,-1.1580665517705473,NA,-1.0638279229468643,-1.1029251644678315,-0.9280740883926717,-1.1044145254536135,-0.7987410238620649,-0.932426519515068,-0.9376319916912534,-0.9321785752202826,-0.4106109057417214,-0.4281897267116499,NA,-0.5517068209929797,0.11840849523660822,-0.3818963515859718,0.008473645597245383,0.4536639480515573,0.06671255564220561,-0.1719605625571958,0.603149860648304,-0.8259654572608603,-0.1915608203534674,-1.1145562000760352,F,16.67,Specimen tag,T,T,T,T,Ground,0,nations & Olson 2015
UAM120348,Myodes_rutilus_CRICETIDAE_RODENTIA,Myodes_rutilus,NA,NA,NA,NA,-1.1227952062490194,-1.0771923326068287,-1.4119240700598217,-1.1442019870683715,NA,-1.2902762616343952,-1.0641428149408574,-1.1580665517705473,NA,-1.1805968286156687,-1.1346895290231709,-1.05919872063115,-1.139428706177977,-0.8262208197254618,-0.9446764512884337,-0.9051439229846532,-0.9270292644113558,-0.36846079994346365,-0.5077115962246678,NA,-0.4002526627327369,-0.0920257476931116,-0.12063356303917007,-0.1316048412329711,0.5429573934650026,-1.0523173331683018,-0.06925161648340766,0.6435622518661348,-1.0408587133286262,-0.24501149490506033,-1.0748215999621398,F,18.1,Specimen tag,T,T,T,T,Ground,0,nations & Olson 2015
UAM120336,Myodes_rutilus_CRICETIDAE_RODENTIA,Myodes_rutilus,NA,NA,NA,NA,-1.0147770850834277,-1.0821619344302955,-1.0618278956687632,-1.087605144692812,NA,-1.1880396862311629,-0.9860589765536191,-1.0880199131995967,NA,-0.9699639461357328,-1.0931420403186118,-1.073765214415534,-1.0690811525235784,-0.8974788890026627,-0.9508419503431259,-1.0301832058107812,-0.9740403138367518,-0.18738098505882608,-0.2347019778497683,NA,-0.40995797511624993,-0.19890252966693273,-0.18154442894364706,-0.2418719952625731,0.13404412951477307,-0.39401500341894197,-0.47418706511893705,0.33637265062875477,-0.9189250554051521,-0.0919792425884034,-1.0642682909817893,F,18.5,Specimen tag,T,T,T,T,Ground,0,nations & Olson 2015
UAM120650,Myodes_rutilus_CRICETIDAE_RODENTIA,Myodes_rutilus,NA,NA,NA,NA,-1.142960285084269,-1.175026380562563,-1.1198564968386444,-1.220913860509941,NA,-1.3263129230216335,-1.0561281077737765,-1.2069609290226841,NA,-1.0362767169659473,-1.182663694109988,-1.1567908946832786,-1.1554100753759933,-0.972719873275632,-0.9446764512884337,-0.9956598063202158,-1.1666999072693547,0.05030106018219609,-0.23882843901818757,NA,-0.5109927655702522,-0.19427138338048994,-0.24844581628487078,0.022659698167194403,0.13573904729054284,-0.20217702523089,-0.3635380967518997,0.37252165840740775,-0.9781767252644472,-0.5352548859379527,-1.043829486087953,F,19.3,Specimen tag,T,T,T,T,Ground,0,nations & Olson 2015
UAM115727,Myodes_rutilus_CRICETIDAE_RODENTIA,Myodes_rutilus,NA,NA,NA,NA,-1.1010504281554312,-1.0771923326068287,-1.3394633655409083,-1.179562058678904,NA,-1.204505857657688,-1.0046112370396179,-1.2526013630922008,NA,-1.1063379131186644,-1.1246870197954697,-1.1803411215567146,-1.1200036228140322,-0.9345738869191461,-1.007591742637778,-0.9508259889889314,-1.0281142031220074,-0.23710625343615255,-0.47101490702446636,NA,-0.6864901483974052,-0.3426232985004041,-0.3446565908871868,0.10177039043812566,0.12353507527246363,-0.9248224702121858,-0.14971739492488964,0.34981709168701863,-0.7769329979790979,-0.35708271370225564,-0.9386050004131794,F,24,Specimen tag,T,T,T,T,Ground,0,nations & Olson 2015
UAM57447,Myodes_rutilus_CRICETIDAE_RODENTIA,Myodes_rutilus,NA,NA,NA,NA,-1.0982398446724668,-1.0429272777454037,-1.2057785171381372,-1.1531674687074995,NA,-1.2902762616343952,-1.0346106633157917,-1.1342943760570154,NA,-1.0362767169659473,-1.1417332271938272,-1.0164113006589386,-1.146782329038516,-0.8901809672794679,-0.8844738849466086,-0.907288129838938,-0.9373461137160902,-0.022920191460064177,-0.27946481243797305,NA,-0.4093550938145561,0.009368137426922968,-0.32054817115743,-0.11130010919781311,0.32278484716820544,-0.578230969452199,-0.028129800291929505,0.46400264997782226,-1.0243808006977648,-0.26153543105866506,-0.9386050004131794,F,24,Specimen tag,T,T,T,T,Ground,0,nations & Olson 2015
UAM120767,Myodes_rutilus_CRICETIDAE_RODENTIA,Myodes_rutilus,NA,NA,NA,NA,-0.9115148776000781,-1.0722416626457114,-1.3679581658776212,-0.9907389945270687,NA,-1.1880396862311629,-0.8898545153366255,-1.092573686698834,NA,-1.1355099236796455,-1.0070682333739718,-1.164595811092508,-0.9724184920284912,-0.9421171181978724,-1.014042023239532,-0.9245525602154699,-1.022615785696304,-0.233392844237042,-0.7114840337488616,NA,-0.5959034429268021,-0.512802915527999,-0.20387768602979592,-0.2802764884609078,-0.22107817352260867,-1.4090282793377487,-0.7823316960792497,0.2567098826792749,-1.0984608514750995,-0.3954412191391771,-0.8817399794706837,F,27,Specimen tag,T,T,T,T,Ground,0,nations & Olson 2015
UAM51630,Myodes_rutilus_CRICETIDAE_RODENTIA,Myodes_rutilus,NA,NA,NA,NA,-0.9774718421894382,-1.0722416626457114,-1.1806362754045423,-1.0604822269975118,NA,-1.09357569600189,-0.930843221380862,-1.0389571846735335,NA,-1.1063379131186644,-1.0292698821610007,-0.9084772871867143,-1.010965618096154,-0.8974788890026627,-0.982084489812619,-0.8965974883653237,-0.9900532140691588,-0.2719895690848853,-0.5953317945086095,NA,-0.4177321945273061,0.01066868738200333,-0.18055779352714055,-0.08668924240229459,-0.011675247671817034,-0.8194868086794153,-0.5659327985944553,0.269557585639805,-0.7507673152801468,-0.38498345349252433,-0.879955154286551,F,27.1,Specimen tag,T,T,T,T,Ground,0,nations & Olson 2015
UAM120367,Myodes_rutilus_CRICETIDAE_RODENTIA,Myodes_rutilus,NA,NA,NA,NA,-0.9033914395523187,-1.1174916638460544,-1.2185369631528482,-1.003244675185084,NA,-1.1717887650463508,-0.9318840493274821,-1.1342943760570154,NA,-1.0920053460122967,-1.0814901207099386,-1.1108779790171783,-1.0437188103889012,-0.9048165816127668,-1.1145518111686146,-0.909435393297043,-1.0391735598088296,-0.5918377572227419,-0.5678572448127999,NA,-0.5984919617058616,-0.2904795777339962,-0.34472809475609323,-0.5765672160796785,0.010376648647004848,-1.0891622285816112,-0.9550086491027625,0.154665286297915,-1.0407233480952855,-0.4543625443832671,-0.824477760099817,F,30.4,Specimen tag,T,T,T,T,Ground,0,nations & Olson 2015
UAM57217,Myodes_rutilus_CRICETIDAE_RODENTIA,Myodes_rutilus,NA,NA,NA,NA,-0.8186436023752119,-1.023745390107751,-1.2185369631528482,-0.9060391798099555,NA,-1.0343655643696188,-0.7202906789582485,-0.9707547417544616,NA,-0.8125156671832805,-0.849083262958776,-0.7669281317456103,-0.8338321620638098,-1.0239823524894185,-1.1145518111686146,-0.8442536163640467,-0.8518928825181519,-0.2753739124459282,-0.4082935219400974,NA,-0.6702599552648971,-0.05201849541402877,-0.4064958296991269,0.14285794148441616,-0.7409435497907353,-1.2755069886322312,-0.916508456361249,0.17433886612019567,-0.9163455895105145,-0.2124000069027742,-0.7848572387906855,F,33,Specimen tag,T,T,T,T,Ground,0,nations & Olson 2015
UAM33742,Myodes_rutilus_CRICETIDAE_RODENTIA,Myodes_rutilus,NA,NA,NA,NA,-0.8065295945924152,-1.033300942668704,-1.1438237973691,-0.8936393240161995,NA,-1.005785506417759,-0.7831571519946791,-1.0389571846735335,NA,-0.9699639461357328,-0.9592296312602342,-0.9280740883926717,-0.92435073292102,-0.8793077189982903,-0.9508419503431259,-0.8566512588661312,-0.8567834334931291,-0.23864516733734986,-0.593909282654289,NA,-0.6843591497693583,-0.164053729874668,-0.5303041498576014,-0.40149958026407445,-0.25485935350130084,-1.1304752123717048,-0.9842637628167957,0.17006794417973026,-0.8746104654632689,-0.19787588439396972,-0.7704443875235923,F,34,Specimen tag,T,T,T,T,Ground,0,nations & Olson 2015
UAM33738,Myodes_rutilus_CRICETIDAE_RODENTIA,Myodes_rutilus,NA,NA,NA,NA,-0.8801066455700419,-1.0871506134668358,-1.3394633655409083,-0.9710917417456836,NA,-1.1880396862311629,-0.8688233464578891,-1.1063318396417778,NA,-0.9829457741434826,-1.0144304790996845,-1.1108779790171783,-0.9338347054226305,-0.8366720747465226,-0.9884177581165552,-0.8944684349214328,-0.9529593973140085,-0.45329367771215423,-0.4733960462166764,NA,-0.6578378903100819,-0.4070746008900151,-0.11702490991334952,-0.37916102486797554,-0.029002640012493617,-1.4119897375585635,-0.9297943076650146,0.1858807530223034,-1.1334640826000577,-0.31707438287305634,-0.7662031187035192,F,34.3,Specimen tag,T,T,T,T,Ground,0,nations & Olson 2015
UAM66326,Myodes_rutilus_CRICETIDAE_RODENTIA,Myodes_rutilus,NA,NA,NA,NA,-0.8572173372518205,-1.0477673179515004,-1.2978744253563599,-0.954558525435649,NA,-1.1242730030058032,-0.854982347765954,-1.1155857877489228,NA,-1.1063379131186644,-0.9897336053065554,-1.0447863725303805,-0.9551402922340323,-1.0119781428596293,-0.9570347909464573,-0.890219334612182,-0.9373461137160902,0.13363099173116968,-0.716286744568785,NA,-0.6980749821279162,-0.3301968018749245,-0.30410653678066035,-0.3776701397950044,-0.44565986784433914,-1.36940929311447,-0.8739165659760812,0.14515955124920837,-1.0262633704261532,-0.29443246348775437,-0.7564493594435066,F,35,Specimen tag,T,T,T,T,Ground,0,nations & Olson 2015
UAM33749,Myodes_rutilus_CRICETIDAE_RODENTIA,Myodes_rutilus,NA,NA,NA,NA,-0.7693602697409345,-1.05750181510235,-1.1198564968386444,-0.8503738947747052,NA,-0.9505240634453764,-0.791577177708775,-1.1109505512241187,NA,-0.9571166472634532,-0.8631215524770192,-1.0094089500867964,-0.8191299046677548,-0.8296955655549315,-0.9632552166769017,-0.8691517875443276,-0.9218980531505159,-0.40731957816015757,-0.5568268996232724,NA,-0.7954232173335987,-0.4822461115719876,0.0631353035585731,-0.3671545592402462,-0.24366752320157892,-1.1571643603140718,-1.1699435806079455,0.18170959975745063,-0.8304998521056209,-0.3042425160439021,-0.6812386405843023,F,40.9,Specimen tag,T,T,T,T,Ground,0,nations & Olson 2015
NMNH529352,Neotoma_bryanti_CRICETIDAE_RODENTIA,Neotoma_bryanti,NA,NA,NA,NA,0.0994263313177612,0.17366690827560735,0.3543697848767249,-0.04755176782795875,0.09705262470040651,0.16126451516495727,0.1260746956168141,0.007744822402221046,-0.17099577560587176,0.023856750768146414,0.05782638189481413,0.09271073360880423,0.08577345759451736,-0.2214305327032099,-0.2661997667325094,-0.2063091117306861,-0.038441607768625596,-0.23235712709373138,-0.29044336066374815,-0.37561553970064127,-0.3517953837778279,-0.0636614767061647,-0.2436448861784028,0.17548171912814875,-0.8533089122693442,0.8073201509745738,0.21830048278636008,-0.500036997572514,0.4011920468105868,0.2123055456908545,0.03951422519833286,F,182,PanTheria,T,T,T,T,Ground,0,ADW
NMNH449233,Nesomys_rufus_NESOMYIDAE_RODENTIA,Nesomys_rufus,NA,NA,NA,NA,0.09441423405418765,0.06917378109768593,0.2966892990526316,0.15987786860914854,-0.012003035815768693,0.24666651559239616,-0.0505236292344172,-0.36236199672971975,-0.3087916498146319,-0.19064431970704507,-0.00809738723858814,-0.0688709209774472,0.03706715743454193,0.1447182248027675,-0.09207954590384461,0.5160742460819892,0.44513942795594513,-0.7498266198225342,-0.39466488281454687,-0.322623858191538,-0.7306200417044276,-0.25706919453897825,0.5016760268211861,-0.9865815654472707,0.27023545274559,0.6070522497849143,-0.17405363143164998,0.48153011306809557,0.11464368908740862,-0.2554473174636691,-0.010881905273762153,F,163.96,PanTheria,T,T,T,T,Ground,0,???
UWBM75241,Niviventer_confucianus_MURIDAE_RODENTIA,Niviventer_confucianus,NA,NA,NA,NA,-0.236682278742847,-0.46701961036923473,-0.018265659219120996,-0.36655090829128845,-0.47665545022880423,-0.23947408869325534,-0.3011970792007691,-0.4819522469571126,-0.5760812298609154,-0.2761784561328148,-0.47150309617870334,-0.4363904511906958,-0.4510936589752836,-0.1356395294454392,-0.4695354687497883,NA,NA,-0.9461424102011643,-0.09593800382658942,-0.38629766120360104,-0.5094941078228139,-0.11204721947082598,-0.6902155004275576,-0.6758769963921316,0.48846703498846855,0.6072713232717584,-0.930810261272319,-0.2819035524004915,-0.01940579096153489,NA,-0.45758053377541885,F,65,Elton Traits,Sc,Sc,Sc,Sc,Tree,1,???
NMNH397332,Octodon_degus_OCTODONTIDAE_RODENTIA,Octodon_degus,NA,NA,NA,NA,-0.04077064964696759,0.06093572312611479,0.49321908705557005,-0.15432317510001473,-0.0327407290550898,0.2518142569763226,-0.04727469215684939,-0.17644894224192842,-0.09277007829068325,0.018049933375966918,-0.074345884033614,-0.02749191491517315,-0.09812766997170881,-0.039422659727051015,-0.29294581785213863,-0.24037445003173144,-0.23577354773875386,-0.7728334860207523,0.04120904746787588,0.1321673989793293,-0.38800694499325206,-0.051619475999440265,-0.25423613339833184,0.004792693792898789,-0.05354473423486664,1.9791223785901513,0.31095360129903366,-0.2946487434207004,1.0492626061241963,-0.14894757730402278,0.09287677452571284,F,203.27,PanTheria,Sf,Is,Is,B,Ground,0,ADW
NMNH397002,Octodontomys_gliroides_OCTODONTIDAE_RODENTIA,Octodontomys_gliroides,NA,NA,NA,NA,0.06512854687431374,0.016807740342234326,0.4520750251193753,0.03381686243987502,-0.08915013908778717,0.262046230521624,0.0632732665542868,-0.2199047324448007,-0.019109096627988063,0.20165264209750894,0.04030726382870219,0.06443385244330067,0.012342492841109071,0.0754760663808654,-0.2852516757024944,0.05637416957222037,-0.10422364024185922,-1.0213224797494505,0.23643482270528526,0.06404700825513657,-0.6717726840279543,-0.08705107693111987,-0.2827679800388603,-0.1759696346245205,-0.034948540469641735,1.3373695949966224,-0.2645978894368599,0.0311937761818501,0.5109301249195085,-0.45634111124813687,-0.03562123812925212,F,155.77,PanTheria,T,T,T,T,Ground,0,Wiki
NMNH564217,Ondatra_zibethicus_CRICETIDAE_RODENTIA,Ondatra_zibethicus,NA,NA,NA,NA,-0.22831313295804315,0.7464965108629754,0.4023430700880796,-0.005555187043182081,0.50162216034324425,0.2100228337986107,-0.02156080095073862,0.4344295250230404,0.3330529103964119,0.2066617529390474,0.08285315033353349,0.387887522637585,0.0025489412377209873,0.20735571678709402,0.19663196447353296,0.4882958299040952,0.7470016572972739,-0.18300886684121098,0.4470510203457918,1.22988412551184,1.10177300652645,0.5463067798026257,0.1384929628512267,0.6071332479482859,0.4573367822116933,2.4120343866769107,5.436213198612519,1.4788367844589494,0.4464559384127704,0.4835819981623003,0.8578611302294805,F,991.31,PanTheria,Saq,Is,Is,B,Ground,0,ADW
UMMZ63549,Ototylomys_phyllotis_CRICETIDAE_RODENTIA,Ototylomys_phyllotis,NA,NA,NA,NA,-0.24014356115966962,-0.21160644467079212,0.16421408587661862,-0.45259890393878077,-0.35471295143036036,0.1389647644639056,-0.3136560215042664,-0.407268230993546,-0.4876553325647353,-0.023377657297449114,-0.46458182430490486,-0.7905123433275639,-0.42059177849362384,-0.49556904604831015,-0.3723128143921733,-0.7738996992741939,-0.3419896977102453,0.2820601908276959,0.548709694336512,-0.1873878204916401,-0.3378362995997721,-0.7446948637093515,-0.47411632207033416,-0.46176247155916944,-0.4634280566487938,1.3484284509412683,-0.013025785557002444,-0.6365948549888765,1.6118730623835542,0.8366091517358369,-0.3171689007040441,F,86.94,PanTheria,A,A,A,A,Tree,1,ADW
NMNH295211,Paraxerus_cepapi_SCIURIDAE_RODENTIA,Paraxerus_cepapi,NA,NA,NA,NA,0.13024252721438595,0.12934884976590108,0.16421408587661862,0.01982251131875612,0.01755017239932239,0.09895099138957866,0.10353029457230578,0.04997380385057662,-0.19737816416660534,0.04111577539513476,-0.074345884033614,-0.03089255135389447,-0.07891462469237459,0.17969326294855942,0.4852377551482652,NA,NA,0.7936653609058492,-0.21212615609202884,-0.38576731914984214,-0.21842312539746633,-0.058550443230851124,-0.9415574175093454,-0.5171618343649454,0.30152140581166575,0.027966103646364794,-0.07602084419487212,-0.35464651039888284,0.022301134959783184,NA,0.1372763844928277,F,222.85,PanTheria,Sc,Sc,Sc,Sc,Tree,1,Wiki
UWBM82230,Pedetes_capensis_PEDETIDAE_RODENTIA,Pedetes_capensis,NA,NA,NA,NA,1.615819825504917,1.5719909191360204,1.4557394177609007,1.813620684633328,1.5925081361818296,1.8524917433769574,0.9292933099894312,1.0478951969206984,0.7957897520405323,0.9563014293356683,0.7843402738998133,0.7448304084058543,0.754500871333559,0.24076053520780305,0.31632945854085126,2.0183184443104984,2.083321697404206,0.057421167742826476,0.1388462000785052,0.07576333907695752,0.2588734622992016,-0.14593653549020658,-1.0946088748383935,-3.60093991809696,-1.3173404833146143,-0.3506057799893893,-0.03679370783746312,0.39925890624399146,0.8500023195059124,0.133676390154983,1.3138738095826776,F,2549.25,PanTheria,Sal,T,T,T,Ground,0,Wiki
UWBM78440,Perognathus_parvus_HETEROMYIDAE_RODENTIA,Perognathus_parvus,NA,NA,NA,NA,-1.2601353327287796,-1.1072990681205237,-0.8337388797478759,-1.206436031680148,-1.1307421094284928,-0.9778477516410801,-1.2366218984873525,-1.1249063115945515,-1.1920029591255428,-1.0920053460122967,-1.2312321389015592,-1.22869960453608,-1.2739747884749908,-1.0080004050725726,-1.398650244780067,NA,NA,-0.9991242260215252,-3.7878726858806336e-4,0.16207305171515846,0.02910223028223241,-0.24330322362210885,0.1286993759080959,-0.3317175290257309,0.44840508108075616,1.231806372715722,0.3426153832958593,1.105262914424202,-0.11643876942443335,NA,-0.9903673880565321,F,21.56,PanTheria,Sf,Is,Is,B,Ground,0,ADW
UWBM12506,Peromyscus_maniculatus_CRICETIDAE_RODENTIA,Peromyscus_maniculatus,NA,NA,NA,NA,-1.0833482645171486,-1.023745390107751,-1.0172246768726834,-0.9922047771784435,-0.986373877605288,-1.005785506417759,-0.9795714979741259,-1.0744538496967972,-1.0605624456017615,-0.9699639461357328,-1.0255455428645446,-1.22869960453608,-0.958363945101064,-1.0159676665536443,-0.7497687372381171,NA,NA,0.8111509448772057,-0.24704181060900368,-0.08251863934147873,-0.39528527920609613,-0.5905687787411336,0.3837021533628785,-0.13963285864359906,-0.3078136377071693,-0.05837006065715189,-0.009287853404453695,1.2140861516558645,-0.6764001938268797,NA,-1.027111911104387,F,19.98,PanTheria,T,T,T,T,Ground,0,ADW
FMNH114369,Petaurista_elegans_SCIURIDAE_RODENTIA,Petaurista_elegans,NA,NA,NA,NA,1.31537602048888,0.6171387200468045,0.7241792432153233,1.2420007794049919,0.5997979600659281,0.8095019126941174,1.3024930513868735,0.6355418774161004,0.48160192198760415,0.6721261326987794,1.2828043070998678,0.00605545075956044,1.387260469999735,0.760794831022954,1.2527732350984433,0.8032342302937917,NA,1.3957455957326588,-1.0312093468707755,-1.0982640404207042,-1.1980880913692238,-1.730155474970978,0.11465686438817975,0.0021858281103608822,-1.2561786444413916,-1.4652057640944998,-2.063743202026012,-0.6921878060634412,-0.8255244285352107,NA,0.8810105025012693,F,1040,PanTheria,G,G,G,A,Tree,1,ADW
FMNH114365,Petaurista_magnificus_SCIURIDAE_RODENTIA,Petaurista_magnificus,NA,NA,NA,NA,1.6451034719904243,1.0330646141225608,1.1434738009005712,1.5654984623344226,0.7147625132824521,1.066403888631516,1.589594147533836,0.29214664747950486,0.7312534898728523,1.0931873032476445,1.5888912742765002,0.5099351772928056,1.6562840866886743,0.97276944335356,1.6516439973209613,1.0508813965889663,1.3219392624234982,2.1353424734343442,-0.7903018693918821,-1.1233712129333229,-1.8791835027437425,-1.5449265556660736,-0.0587853165804064,-0.13449437978737755,-1.352188030360666,-1.2350627983260802,-1.8262557880659451,-0.850272443445104,-0.8603577309117985,0.5589311311810591,1.049877313913662,F,1475.49,PanTheria,G,G,G,A,Tree,1,ADW
FMNH46647,Petaurista_petaurista_SCIURIDAE_RODENTIA,Petaurista_petaurista,NA,NA,NA,NA,1.806002391142863,1.0608298900910376,1.226098939138579,1.7853904686059758,0.7674598979055218,1.0502933681208497,1.8752413310668126,1.024341549878795,0.9401913432925804,1.2769385014169339,1.825517224171626,0.4751599897412482,1.898848144082995,1.05401185432317,1.7138784860438558,1.1685053061877422,1.5297695290803497,2.0391491112546465,-0.9141632628556366,-1.198733569121736,-1.4072513678014649,-1.7688543527825544,-0.3570950466612803,0.28068792768923295,-1.6161558881194844,-1.3907369540434715,-2.131620655829605,-0.6726390192791128,-1.2917897874835775,0.8072326863814421,1.0686021461871156,F,1533.84,PanTheria,G,G,G,A,Tree,1,ADW
FMNH214420,Phloeomys_pallidus_MURIDAE_RODENTIA,Phloeomys_pallidus,NA,NA,NA,NA,1.1282863200752609,1.4178760480409789,1.245010981771223,0.8958927629853634,NA,1.2473234706056247,1.1785284662901143,1.3268077255804929,NA,1.0534322898668969,1.0245956333060924,1.0613968652595474,0.95842236801221,1.0007559427421708,1.4139922949951935,0.6862455440104072,1.444917067894848,1.0667574024488784,-0.15824476641558288,NA,0.3603158746155303,0.031845260762652206,-1.353948346323277,0.3859465183561984,-0.2501234100904014,0.4778522447495669,1.3560887875631553,-1.2499777276664423,1.5068647993042195,2.002043759094917,1.1336319134495987,F,1755,Field Notes,A,A,A,A,Tree,1,Nations et al 2019
FMNH193967,Phloeomys_pallidus_MURIDAE_RODENTIA,Phloeomys_pallidus,NA,NA,NA,NA,1.1357982599290943,1.3298775748061848,1.0616695861607601,0.934082185305705,NA,1.1006098792725654,1.2142733329787814,1.2801615517759963,NA,1.148190199454616,1.1118695437935058,1.3092014261472604,1.0334283530445518,1.0421076234022928,1.4827220082916073,0.7142912303730814,1.5427974271456217,1.1616086962132877,-0.02240512828017426,NA,0.15731913725285165,0.39943680126621695,-1.1861431410242014,0.6235390125656219,-0.27534489652917266,-0.16056971302065923,0.900092928877799,-1.1356697954444475,0.8023592388295937,2.2592455484688796,1.2316387399981732,F,2150,Field Notes,A,A,A,A,Tree,1,Nations et al 2019
FMNH214419,Phloeomys_pallidus_MURIDAE_RODENTIA,Phloeomys_pallidus,NA,NA,NA,NA,1.1563306005812772,1.4803459325905746,1.2336972620869227,0.9769410638716728,NA,1.353378032258773,1.259617253623388,1.3324344324779092,NA,1.1850629023322892,1.1441588393704345,1.1642902133311532,1.114659160902618,0.9745926843385277,1.5041902753198357,0.7475571204177195,1.5578667542544822,1.5118891152317975,-0.03307173299738027,NA,0.1787151976214397,0.008416978866293367,-1.0317144357204622,0.6726324387385911,-0.5664092991316979,0.3428265445996028,1.5344157617665364,-1.0567856840908254,1.6699337152446079,2.195631802031324,1.3416116060152752,F,2700,Field Notes,A,A,A,A,Tree,1,Nations et al 2019
FMNH175730,Phloeomys_pallidus_MURIDAE_RODENTIA,Phloeomys_pallidus,NA,NA,NA,NA,1.1820809056844266,1.356832156076001,1.0895215955109578,0.9336831809981592,NA,1.1955169009116617,1.2374489659074133,1.2713632345879857,NA,1.2008561508997755,1.137840856756485,1.2224903967098615,1.1116675113859966,1.0576140895432415,1.4487799365884086,0.7801041981888991,1.4550057611281286,0.9795716074471565,0.04906770374097227,NA,0.08279206871819222,0.14552627309231547,-0.9369545839870288,0.6264928026669324,-0.3494307444577514,-0.21056036469940342,0.819083161929844,-1.3298032559233106,1.1650089539951058,1.7227058814693366,1.264199030395298,F,2300,Field Notes,A,A,A,A,Tree,1,Nations et al 2019
UWBM60840,Plagiodontia_aedium_CAPROMYIDAE_RODENTIA,Plagiodontia_aedium,NA,NA,NA,NA,0.8709759938661535,1.0013908624281505,1.276534804063371,0.7490369198654112,1.0130403332912479,0.951911610590441,0.9105309168663099,0.9639327722839715,0.7254318515391767,1.0123601031742915,0.9344651569864725,1.1529168346185728,0.8386546127283592,1.0211505736941553,NA,0.7511291046877003,NA,NA,0.3183861104828782,-0.04195409306957155,0.09751875344796188,0.4303984143981538,-0.5992096681728688,0.5323979032291489,0.315440535659675,1.5900328610350822,0.5719959204179337,-0.7130390430920214,0.8272214321549399,NA,0.8791500198041139,F,1036,UWBM specimen label,Sf,Is,Is,B,Ground,0,Wiki
NMNH584446,Rattus_andamanensis_MURIDAE_RODENTIA,Rattus_andamanensis,NA,NA,NA,NA,-0.037358814175015485,-0.13973507219551362,0.18154155558499524,-0.11570563027660977,-0.1316761117129574,0.32657692755853895,-0.08123000886483168,-0.20602373651065453,-0.3328440173798308,-0.11710640059367085,-0.12439944822582127,-0.09360228614162086,-0.10223687681613955,-0.08067421355614698,-0.0887426667355248,0.04273206822795565,0.021822518044807716,-0.14621734210451742,-0.1881517676504599,-0.3134748962688219,-0.3819721322454409,-0.08881518649150534,-0.08880448155678797,-0.34118607008798213,-0.10989200502194905,0.6451104199272628,-0.4745005243430177,-0.13851597677633273,1.215520163684408,-0.18359183670970422,-0.05397321361631417,F,149.96,Elton Traits,A,A,A,A,Tree,1,???
FMNH216581,Rattus_everetti_MURIDAE_RODENTIA,Rattus_everetti,NA,NA,NA,NA,0.31877598022392983,0.30165383355455994,0.1016546911398711,0.23565912345364115,NA,0.15572696584013482,0.19966679106808302,0.11623782009444468,NA,0.22649822807176043,0.26228481559127514,0.3549456294618146,0.24668625391977597,0.3111598751412783,0.19391242463160555,0.42319040414598735,0.4670621732024991,-0.4739820225105529,-4.434104647341468e-4,NA,-0.27344305544611214,0.07618396971190546,0.20464485774648639,-0.39569679168403327,0.11324545651155707,-0.6898632253942771,-0.11257336182184748,-0.3158073008915188,-0.3375561367798416,-0.022276978716060134,-0.4650658722806694,F,64,Field Notes,T,T,T,T,Ground,0,Nations et al 2019
FMNH183642,Rattus_everetti_MURIDAE_RODENTIA,Rattus_everetti,NA,NA,NA,NA,0.32204227918496386,0.2508905723450245,0.16421408587661862,0.25440794949588785,NA,0.24149736981684178,0.18790379239631014,0.09634766041142155,NA,0.19157329188964078,0.2256056523078186,0.336872038541095,0.1880454213174219,0.3081743677946969,0.2707052577377118,0.40624039043616195,0.4064796998526399,-0.2656979207721817,-0.05458305860496254,NA,-0.29143821551926086,0.11253619800525794,-0.046584655134772966,-0.5845864660542435,0.19699052893096602,-0.5258127332649201,-0.3151103028852716,-0.2485887081965487,-0.1397152455301284,-0.11639285104061597,0.2098545016657698,F,259,Field Notes,T,T,T,T,Ground,0,Nations et al 2019
FMNH189881,Rattus_everetti_MURIDAE_RODENTIA,Rattus_everetti,NA,NA,NA,NA,0.3462904016857869,0.3033694104283326,0.1986379854719865,0.21115262140959476,NA,0.30707569994870504,0.2365466476547473,0.19625676888826996,NA,0.34823211132843923,0.2321699781842274,0.40034830659572224,0.20139351973581193,0.2532713175421553,0.2181997023212091,0.30896587863259123,0.40235005607829555,-0.2537767155060968,0.20590657205750948,NA,-0.17815567673810606,0.23881891765238597,-0.24508520148599747,-0.3989233968369353,-0.030725222171587033,-0.49360948196458504,-0.2068460696996719,-0.5527288921131476,0.16892765658872033,0.07881887266103649,0.22993581327229595,F,270,Field Notes,T,T,T,T,Ground,0,Nations et al 2019
FMNH191077,Rattus_everetti_MURIDAE_RODENTIA,Rattus_everetti,NA,NA,NA,NA,0.21691379257655166,0.27739487565779325,0.1986379854719865,0.1534685477834478,NA,0.16126451516495727,0.08502368711991651,0.03094927364274219,NA,0.1556358989369105,0.1735815354582171,0.2145806918470299,0.16972662126572932,0.27028601365713667,0.37253847231119946,0.3308174232356095,0.44313002901416243,0.13266354008814904,0.0785524631948211,NA,-0.22114160431908472,-0.04036347606653776,0.4472185701807955,-0.4484898988603702,0.25654490023015586,-0.12553828331077546,0.17932886170833143,-0.18371081656064142,-0.12640665309190313,0.12288911123913861,0.26443581966734647,F,290,Field Notes,T,T,T,T,Ground,0,Nations et al 2019
FMNH191078,Rattus_everetti_MURIDAE_RODENTIA,Rattus_everetti,NA,NA,NA,NA,0.29269008212142783,0.2668579317707248,0.1986379854719865,0.20038394528645465,NA,0.22060313398331854,0.16729944671682903,0.1144421895551868,NA,0.2066617529390474,0.140692715801893,0.29195386235977333,0.12035595268991374,0.16148635261579333,0.11840845480802561,0.17807418958414836,0.3688854823787374,-0.2661256078157523,0.022026783548889532,NA,-0.21136568691505722,0.19160860801096638,-0.28856447257024337,-0.6553990973917992,-0.07885926119132788,-0.345393279230168,-0.14941376222125868,-0.34499958393676866,-0.06783287117528342,0.29418133081311426,0.30435893870650527,F,315,Field Notes,T,T,T,T,Ground,0,Nations et al 2019
FMNH188468,Rattus_everetti_MURIDAE_RODENTIA,Rattus_everetti,NA,NA,NA,NA,0.419863510165456,0.3153154499683862,0.2688572211495337,0.3364046269697659,NA,0.38792262118156506,0.3202480397961668,0.18439425228007753,NA,0.34823211132843923,0.2958360339604332,0.387887522637585,0.2789443196643392,0.15145055513678904,0.3063187829307959,0.37999590151919915,0.47888270823748796,0.3054165432485655,0.024680976315224076,NA,-0.37133726650922133,0.0781653006915895,-0.2982278621834926,-0.5286233834173949,-0.46563645737778203,-0.4929831703254673,-0.4238785532653029,-0.3608401334133583,0.09276754731233887,0.09604640315822022,0.4316161384892705,F,410,Field Notes,T,T,T,T,Ground,0,Nations et al 2019
NMNH49703,Ratufa_bicolor_SCIURIDAE_RODENTIA,Ratufa_bicolor,NA,NA,NA,NA,1.1633388030182956,1.10440795461519,1.0309826763283563,0.9650729895473115,0.9565125953909159,0.9548332988163284,1.1926378645187108,1.160841073740771,0.7678895644627909,1.1435030360389333,1.017946464951649,0.9583494536513973,1.0236363259313073,1.0472963129125412,1.593917731320683,1.1290508991877202,1.3235903405644953,1.568832885217468,0.011919728208303665,-0.48503177566605726,-0.07336147819684384,-0.16437255879501744,-1.1273654065287786,0.11804384999266146,-0.2243851475182278,-0.33355727983158356,-0.15705249911951372,-1.1327686797014735,0.2144537151140461,0.37380884085520455,1.0917223097127866,F,1609.08,PanTheria,A,A,A,A,Tree,1,ADW
UMMZ156377,Rhipidomys_fulviventer_CRICETIDAE_RODENTIA,Rhipidomys_fulviventer,NA,NA,NA,NA,-0.7504299036055697,-0.6606433082869613,-0.3888126151308329,-0.824616229809726,-0.7369062351739922,-0.48302554353918026,-0.8114304985567246,-0.6263853364973068,-0.8010774687923409,-0.5110993562183913,-0.7730784997552669,-0.8764298277372699,-0.7664904727181259,-0.6236292646116468,-0.4478167842157532,-0.8504396828028512,-0.3316970950209784,0.4619476868502571,0.46641520328291947,0.1465625302159471,0.24796273301906485,-0.399669799355421,0.47148612818876967,-0.27415838589669556,0.25039042213950224,1.0665258514111349,0.15810626701217748,0.20535336358029763,0.42989431853759014,1.0759488556170338,-0.3058627456934757,F,89,PanTheria,A,A,A,A,Tree,1,Wiki
NMNH270291,Rhizomys_sumatrensis_SPALACIDAE_RODENTIA,Rhizomys_sumatrensis,NA,NA,NA,NA,0.5996686298009618,1.107181806881024,1.3970764847667128,0.23981067404623882,0.9307235350203064,0.692653411423117,0.8197316590269347,1.1267457579365392,1.0810827234910434,0.9725785110276279,0.7353642200981675,1.408586602479408,0.47574689606776194,0.948839869710822,0.9773495774314281,0.3204062252265219,0.7437321641037132,-0.15083007675956825,0.43028006578430594,1.1086521992693914,0.754781779739644,1.692848828869112,-1.805935738804113,2.030095015875507,0.715395272152312,3.560932871813225,2.4241295424887084,-1.5287799337527226,1.4922396293918956,0.9065128903259337,1.304455226137873,F,2500,PanTheria,F,Ss,Ss,B,Ground,0,???
FMNH193980,Rhynchomys_soricoides_MURIDAE_RODENTIA,Rhynchomys_soricoides,NA,NA,NA,NA,-0.06185875046439902,0.0915628113313175,-0.05913647379247771,-0.06704240085797991,NA,0.07549411118825018,-0.24181899707941798,0.11084344494484726,NA,-0.17694524941911663,5.381087035942182e-4,0.13254575409489047,-0.023903072376609123,0.00435314637831562,-0.2511431975086931,0.32230453053230773,0.17697189703993005,-0.7811708529246043,0.0037433476685728795,NA,0.7619385937660159,0.1351623898123966,1.3423257457611202,-0.42364865070756347,0.2151561635427009,-0.1020842452127736,0.5272255167709539,0.21270410362311565,0.17569674556257384,-0.41217887898918687,-0.12293277470624682,F,130,Field Notes,T,T,T,T,Ground,0,Nations et al 2019
FMNH170980,Rhynchomys_soricoides_MURIDAE_RODENTIA,Rhynchomys_soricoides,NA,NA,NA,NA,0.055223502348097975,0.035903502112802646,-0.04879598835258183,-0.0044263573897862975,NA,0.008607783244495173,-0.14133659777908905,0.10180260416172347,NA,4.644860912977864e-4,-0.010378596331399753,0.18293936157492793,-0.04350718781824274,-0.1027973339152075,-0.10213829239968934,0.28679266776079404,0.0874143278206855,-0.11969411783797773,0.20380140575556724,NA,0.4685640681714563,0.2705973326608598,0.5862607028942115,-0.6837165731420668,-0.16234587934610814,-0.40860565990122566,-0.15689885660967218,-0.09476214452887753,-0.1842747279068644,-0.5148191592777729,-0.038013699762165704,F,155,Field Notes,T,T,T,T,Ground,0,Nations et al 2019
FMNH214423,Rhynchomys_soricoides_MURIDAE_RODENTIA,Rhynchomys_soricoides,NA,NA,NA,NA,0.08588952638469458,0.018943401123872227,-0.003268842117599494,0.019452445675820735,NA,-0.029451651379037932,-0.177178999971416,0.10723467596331618,NA,-0.06623759334525924,0.04909370108825815,0.1974129747928275,0.032798092588494004,-0.11911830055336997,-0.3764020801765322,0.3763398194796853,0.11788141140651369,-0.7746883756397144,0.1227590888602045,NA,0.5765570739999498,0.17580727263286275,1.2723842000944754,-0.7266572615403547,-0.2547798214727034,-0.3606339033602401,-0.3306389694864988,-0.13926364097832827,-0.3472447666942406,-0.6157216611140702,-0.01967752151227427,F,161,Field Notes,T,T,T,T,Ground,0,Nations et al 2019
FMNH198886,Rhynchomys_soricoides_MURIDAE_RODENTIA,Rhynchomys_soricoides,NA,NA,NA,NA,0.06631227491846674,0.0895433093038482,0.011554597491227697,0.07359634043963373,NA,0.0023449097071530918,-0.14773007480888478,0.1340585581163516,NA,-0.03547290686143237,0.07728173388211461,0.23153469732566628,0.044507207365276934,0.03398764681773191,-0.2362472347519413,0.3051330392597868,0.18659188638779028,-0.8176055780191912,0.13159532838779797,NA,0.572628282827157,0.19180051364021106,1.1529200672467528,-0.6743370502076323,0.0833305731923731,-0.26056797969972895,0.00907435998017983,0.2122781490797958,-0.3845417900672082,-0.36191562756826157,0.03417942326646202,F,180,Field Notes,T,T,T,T,Ground,0,Nations et al 2019
FMNH198887,Rhynchomys_soricoides_MURIDAE_RODENTIA,Rhynchomys_soricoides,NA,NA,NA,NA,0.09672982619023743,0.11158707951702884,0.07388003305475671,0.061414660543428014,NA,-0.055487739492875075,-0.08678752367867103,0.1305139670497586,NA,0.006354061285097135,0.07211951405797191,0.20888213045341242,0.05874647118022459,-0.10889453646236054,-0.18176113260226143,0.35421498998037243,-0.00799859155465608,-0.31870989158036456,0.0982889745571808,NA,0.40605401758102144,0.15271221827659978,0.8508993510865671,-0.5967746188215515,-0.3614029771370337,-0.1580575435637229,-0.019477060734162412,-0.0017046585913838353,-0.5110448179110749,-0.7928439301060276,0.07282361529958713,F,195,Field Notes,T,T,T,T,Ground,0,Nations et al 2019
FMNH198884,Rhynchomys_soricoides_MURIDAE_RODENTIA,Rhynchomys_soricoides,NA,NA,NA,NA,0.061966846206284565,0.1429976549759623,0.21131235468621695,0.036746252093608274,NA,0.09312813405613919,-0.15591125028975295,0.12160982734919816,NA,0.046815800363550236,0.053030020429940004,0.09891554701104259,0.045566889407067344,-0.05694737472696122,-0.300682587045558,0.295508054046241,0.0874143278206855,-0.7485317161451958,0.35254144518339575,NA,0.5599947637121445,-0.04166840554357001,1.2127588638900826,-0.656140380845056,-0.14246066465653584,0.40921401758623693,0.24064730818572852,0.060990346615061426,-0.03806040069655344,-0.5302018202385184,0.14191193880192557,F,225,Field Notes,T,T,T,T,Ground,0,Nations et al 2019
FMNH198883,Rhynchomys_soricoides_MURIDAE_RODENTIA,Rhynchomys_soricoides,NA,NA,NA,NA,0.12609873157851342,0.16225058923600655,-0.13946837089502237,0.13988380728621935,NA,-0.048927419425125504,-0.08123000886483168,0.14638880834339366,NA,0.04111577539513476,0.09986082520375031,0.2455035806633733,0.07232440975615982,0.03581832454591806,-0.09877732021780877,0.4373176360527478,0.24070935848568734,-0.4919718875526392,0.168696459897292,NA,0.4338172334593292,0.17503361972648765,0.8972893862345198,-0.7791321459380698,-0.029912133963270294,-0.8422393073415592,0.06856968748556437,0.2153474281834252,-0.6621838477225508,-0.5012423665353651,-0.15359670798324176,F,122,"RICKART, HEANEY, AND Utzurrum 1991",T,T,T,T,Ground,0,Nations et al 2019
NMNH448232,Sciurus_aberti_SCIURIDAE_RODENTIA,Sciurus_aberti,NA,NA,NA,NA,0.8151288185693949,0.7193959226616582,0.7980945992179039,0.7854314088692799,0.6618698802095346,0.851428871971732,0.799082681258644,0.8519683335068794,0.4573045237494432,0.829920935830235,0.7711969745350524,0.756339948897192,0.7893912466914075,0.8536200109685039,1.3065629391024767,0.9260864950639686,1.171858581709781,1.2337175680764265,0.12261088204044028,-0.3774775545418614,0.08550324121569833,-0.09810119666626727,-0.2563245386543399,-0.20140336150699878,0.07512625124309288,-0.029388527666366977,-0.3406985914722801,-0.2946413219590425,0.36901907996507904,0.48502391047230276,0.6335735387647453,F,622.95,PanTheria,A,A,A,A,Tree,1,Wiki
NMNH521410,Sciurus_carolinensis_SCIURIDAE_RODENTIA,Sciurus_carolinensis,NA,NA,NA,NA,0.769097216396925,0.7243655244851248,0.857864091618094,0.7379189244777956,0.6167338832671702,0.8734325927230798,0.7378952475240695,0.723803228962328,0.36760686326713354,0.8238585606853983,0.6880108739578386,0.7057472621536054,0.6994982317923211,0.7532995887405586,1.1357776132057769,0.8384555041996212,1.0161504056648265,0.9889347225519614,0.24355357800856192,-0.43895580765427,-0.07514193825189272,-0.03973393423214047,-0.38850586937944237,-0.3448088578911407,0.0032657061516344803,0.3169601366222291,-0.15659285860535974,-0.28122527392718644,0.5794921112903016,0.3115069752519596,0.5693875389670259,F,545.4,PanTheria,Sc,Sc,Sc,Sc,Tree,1,Wiki
UWBM35230,Sciurus_niger_SCIURIDAE_RODENTIA,Sciurus_niger,NA,NA,NA,NA,0.7964456297593642,0.7206401058999686,0.900317093323959,0.5504804286937567,0.6886004653800304,1.0529929951706654,0.7810450585164338,0.8448303142010215,0.48160192198760415,0.9370373952867455,0.699442020365877,0.7254290235408776,0.6349553881801139,0.9206897866784688,1.1888408379451416,0.9901413147429007,NA,0.5753832749890619,0.43021132882185725,-0.29727376416043444,0.10974357699385322,-0.021693609118756476,-0.9270319132338581,0.22576434760263572,0.48682875117413255,0.374533739649483,-0.26968779353473854,-1.1779426309310488,1.9284682984798678,NA,0.49415228646428333,F,466.7,UWBM specimen label,Sc,Sc,Sc,Sc,Tree,1,ADW
UWBM35231,Sciurus_niger_SCIURIDAE_RODENTIA,Sciurus_niger,NA,NA,NA,NA,0.9243920403591815,0.842803473692166,0.9076650403401306,0.8938444411389476,0.7604961495308201,0.8418781635286438,0.9057325431861453,0.9096461154306758,0.5491279332846734,0.8773814009227977,0.8470489321982987,0.8324880980226579,0.7996929840884138,0.8121248115111549,1.2074078405523925,NA,NA,1.0271074225946226,0.005693556851320558,-0.3925651713069896,-0.018703189645168265,-0.09052287347343578,-0.7650851627635284,-0.2895744966113105,-0.18359280028758365,-0.011320748387902002,-0.2741952998902386,-0.34557043960419725,0.04855407611950082,NA,0.7564500555825964,F,803.5,UWBM specimen label,Sc,Sc,Sc,Sc,Tree,1,ADW
UMMZ110416,Spalax_leucodon_SPALACIDAE_RODENTIA,Spalax_leucodon,NA,NA,NA,NA,-0.3249437661702168,0.152659776014006,0.26483143057312225,-0.7350635882879454,-0.10921735612930683,0.06359758243388768,-0.20120942393840624,0.2426496060183897,-0.021215370874310406,0.20165264209750894,-0.06482699429968652,1.1284283682660203,-0.3957862921307165,-0.419059858361983,-0.340022745360048,-0.9865856520064202,-1.2997915405389557,0.1397722065086029,0.8954094235000534,0.6773973544609615,1.0408160492871947,3.6202130158972876,-0.9282086789628569,2.273124736503403,-0.44863806331932493,2.1830102831563116,2.068633894890422,-1.3819958243420887,2.3581971217671502,-0.7803163356459154,0.05689134251209511,F,188.67,PanTheria,F,Ss,Ss,B,Ground,0,Wiki
NMNH252597,Synaptomys_cooperi_CRICETIDAE_RODENTIA,Synaptomys_cooperi,NA,NA,NA,NA,-0.8690080886780349,-0.7045759186445145,-0.6566006859097938,-0.9445845326803888,-0.7745476265642216,-0.834495870859968,-0.7061216394071543,-0.8330100979247775,-0.8570295196320673,-0.9960649785430522,-0.871444329559642,-0.6985311235017869,-0.8447116173117023,-0.6326157046096239,-0.8495599847513008,-0.9137391249698408,-0.9793584548757734,-0.6339934393106668,-0.7603641407564727,-0.19237310821693293,-0.43680195329481736,0.137239248063493,-0.5361953027572816,0.3652559407414195,0.18269394994434168,0.47304883206745973,0.45066758115976396,0.25423116336666274,-0.3338182712174339,-0.33218624664095303,-0.8640094790969549,F,28.01,PanTheria,Sf,Is,Is,B,Ground,0,ADW
UWBM73837,Tamias_amoenus_SCIURIDAE_RODENTIA,Tamias_amoenus,NA,NA,NA,NA,-0.4370399532932357,-0.5669102209142313,-0.4507008697081767,-0.5718451339831903,-0.5239190789625611,-0.6202077949433473,-0.4662292568258837,-0.38330058949408513,-0.8049928552407645,-0.4933882943384771,-0.6091220013774079,-0.7437453731054927,-0.5419300179646888,NA,NA,NA,NA,NA,-0.23602037205158455,-0.5246556459148967,0.035046057613796124,-0.4417165718240184,-0.276386873343889,-0.42567403154064853,NA,-0.20978585933532054,-0.6206898034266304,-0.21643974598558233,-0.5951527960568392,NA,-0.6800596542537093,F,41,UWBM specimen label,Sf,Is,Is,B,Ground,0,ADW
UWBM76643,Tamias_amoenus_SCIURIDAE_RODENTIA,Tamias_amoenus,NA,NA,NA,NA,-0.3903016297768027,-0.488913858798176,-0.3754561063856092,-0.45208980107273566,-0.49036900501590913,-0.4022129836924089,-0.41840704084265723,-0.407268230993546,-0.6295373017334395,-0.4166780616875079,-0.5228753427526331,-0.6547697946751478,-0.43762165739991277,0.6296840965280018,-0.09207954590384461,NA,NA,-1.7363689079974483,-0.16700365181732044,-0.27666410391197394,-0.12380286800345419,-0.42996837251724773,0.00923705391287795,-0.5048706714285137,3.8248133984367327,-0.11414828300389428,-0.5058331231249166,0.09720126387690813,-0.2825317599272993,NA,-0.6234563815759355,F,46.1,UWBM specimen label,Sf,Is,Is,B,Ground,0,ADW
UWBM74793,Tamias_amoenus_SCIURIDAE_RODENTIA,Tamias_amoenus,NA,NA,NA,NA,-0.38367642532405183,-0.4363684420328949,-0.4720123837770204,-0.4991506885097062,-0.5014510000064998,-0.45550018809217735,-0.412723816489333,-0.4565761907636977,-0.6711689115817085,-0.529067109076335,-0.4396927503423796,-0.6123709097764991,-0.4235388306718214,-0.21260123377580423,-0.16406148796519895,NA,NA,0.02784555679047008,-0.4061656454133301,-0.3686793548241711,-0.24249132399852508,-0.49426986160624137,0.05302903042485653,-0.14543319606737612,0.3919808453908571,-0.424998016181529,-0.3398496759951111,-0.1529898228305784,-0.32069348420129923,NA,-0.6141217149311746,F,47,UWBM specimen label,Sf,Is,Is,B,Ground,0,ADW
UWBM76631,Tamias_amoenus_SCIURIDAE_RODENTIA,Tamias_amoenus,NA,NA,NA,NA,-0.35965891286748247,-0.4243075731602983,-0.5231615742270902,-0.468983375457122,-0.48761403606120984,-0.41093707400631685,-0.42411428311984684,-0.39124063820831884,-0.6058713403887973,-0.3212653610688379,-0.5720992629185724,-0.6175991472376453,-0.5307489410318342,0.7934955068733548,0.212838915440618,NA,NA,-1.5053888840852017,0.05649205426916336,-0.2180848794494892,-0.07580819712139351,-0.27696299998742,-0.4452228571712958,-0.6809921111907509,5.062801879992993,-0.6337014675173969,-0.38030250407915955,-0.13580420386924055,-0.26723405114711274,NA,-0.5479871134518965,F,53.9,UWBM specimen label,Sf,Is,Is,B,Ground,0,ADW
UWBM74792,Tamias_amoenus_SCIURIDAE_RODENTIA,Tamias_amoenus,NA,NA,NA,NA,-0.33765776887746674,-0.488913858798176,-0.6239310652596092,-0.4587218401191539,-0.5439210338811331,-0.35948789335259235,-0.39441679524796097,-0.42895153591324886,-0.7512523569411139,-0.40025724882076424,-0.4372275472674934,-0.4363904511906958,-0.4147160009736264,-0.17143503148942393,-0.15354838987536243,0.017396064703552677,-0.049671110069733446,-0.06418230518062688,-0.17891889015405404,-0.5486613188639841,-0.22105671009973527,-0.17655928003935598,-0.0029206694640032276,-0.32149836327656595,0.4732971520310316,-0.9517950339003775,-0.681704251805844,-0.1984844622620722,-0.145082829874944,-0.278442252114011,-0.5470922204015117,F,54,UWBM specimen label,Sf,Is,Is,B,Ground,0,ADW
UWBM78903,Tamias_dorsalis_SCIURIDAE_RODENTIA,Tamias_dorsalis,NA,NA,NA,NA,-0.37052293213230403,-0.5143960339307034,-0.3888126151308329,-0.5602998936275141,-0.6712857111103349,-0.5694587989141066,-0.41840704084265723,-0.44822677050071924,-0.5793567469191653,-0.40025724882076424,-0.4353814350564196,-0.5661985495556325,-0.4154491419078771,NA,NA,NA,NA,NA,-0.1317688505489705,-0.17445077026184058,-0.21304876637878029,-0.4209853819970749,0.1294037345514523,-0.01491128682524901,NA,-0.21407525873130318,-0.6605588706684422,-0.48612389432571373,-0.4891673416877763,NA,-0.6059730883747494,F,47.8,UWBM specimen label,Sf,Is,Is,B,Ground,0,ADW
UWBM41889,Tamiasciurus_douglasii_SCIURIDAE_RODENTIA,Tamiasciurus_douglasii,NA,NA,NA,NA,0.24276422163431752,0.07939845455954996,0.11531961527311874,0.17761114940237824,-0.0176241870633223,0.11625768993543246,0.21712138154016203,0.2163431747568551,-0.1062271625095969,0.2508556568664181,0.16714476141318793,0.09891554701104259,0.15264189440139428,0.4144536932853391,0.6259492917613568,0.5351364077074459,0.601154818366647,0.4527285115666343,0.01850403829801649,-0.41436210163140524,-0.09279846480538845,-0.2559851143086838,-0.39109301312198186,-0.2726283119817426,0.5058335995638067,-0.45010741708331614,-0.6523327827374882,-0.20276457266142944,-0.3119163841234965,0.033608119632091024,-0.02208248121727137,F,160.2,UWBM specimen label,A,A,A,A,Tree,1,ADW
UWBM75768,Tamiasciurus_douglasii_SCIURIDAE_RODENTIA,Tamiasciurus_douglasii,NA,NA,NA,NA,0.22430025505125517,0.09357917991760971,0.11984241800582107,0.12926917622366005,0.09534059502377494,0.014839263800234094,0.23829880384460694,0.18269070538546978,-0.13588569764296712,0.26046619527798914,0.12083933666417734,0.12649261441474513,0.1560753611213201,0.4116888806882855,0.6319299572942013,NA,NA,0.4811050895133557,-0.0038328290230646364,-0.5059201625371712,-0.21107195285452968,-0.11667389443118197,-0.48616128569734135,-0.16839456311526504,0.4608573867048352,-0.3858727381729209,-0.541590017685201,-0.3275214162960031,-0.4761333007398721,NA,0.006583646150215309,F,170,UWBM specimen label,A,A,A,A,Tree,1,ADW
UWBM44621,Thomomys_bottae_GEOMYIDAE_RODENTIA,Thomomys_bottae,NA,NA,NA,NA,-0.3281110397587682,-0.011280037662601165,-0.06956102914210346,-0.6552869882241439,-0.3571855012560028,0.13332676038827848,-0.24057029223419474,0.1707027406873382,-0.006544703233026226,-0.08506965033447188,-0.2089551946420292,0.34464725006398567,-0.4738356372149227,-0.05303323458203272,-0.3764020801765322,-0.4787868226372797,-0.8864758761021854,-0.9297261405803539,0.21735527551200762,0.821993830074433,0.9358010911019637,1.182915743550524,-1.099306127966916,1.3637409677372443,0.6721095375667191,0.7414616288310601,1.2342806411689542,-1.0659819142499216,2.371506050784095,-0.9064985525661995,-0.15083449150929645,F,122.7,PanTheria,F,Is,Is,B,Ground,0,Wiki
UWBM37534,Urocitellus_columbianus_SCIURIDAE_RODENTIA,Urocitellus_columbianus,NA,NA,NA,NA,0.41164688634486796,0.46137769798809247,0.7603003147927795,0.2030017389202422,0.27216720255403204,0.7762598848832112,0.43662123535050185,0.43583239167519905,0.24570734949249817,0.6408263518343579,0.2839968600143195,0.5483026211044427,0.19854378061112762,NA,NA,NA,NA,NA,0.48283337566111556,-0.12071701383694061,-0.07277809296815788,0.46906177026119383,-1.2718973830703715,0.11736105432887772,NA,1.2463436945214645,0.16393856203442497,-0.8833730805799067,1.9983577585367325,NA,0.498518702832912,F,470.94,PanTheria,Sf,Sf,Sf,B,Ground,0,ADW
UWBM39263,Urocitellus_parryii_SCIURIDAE_RODENTIA,Urocitellus_parryii,NA,NA,NA,NA,0.45401400812286596,0.4809654784575677,0.43099707246687274,0.2853437271032157,0.37188209304494685,0.262046230521624,0.4479128913837913,0.4717837144419183,0.27438739201682144,0.4952446261042,0.3404500898438061,0.5877823182944548,0.25995093511956957,0.6645384135313216,0.6614550162034791,0.36808104426924176,0.5271299315993307,-0.20854033792939747,0.09366835628939557,-0.0820171599590079,-0.01563442823701315,0.4343857726493903,-1.046284211688473,-0.031710624202538444,0.7536695096033867,-0.1042334939705568,0.07855300521933613,-0.7373501384133032,-0.15549402087276587,0.2330670197194338,0.3820552608303622,F,370,UWBM specimen label,Sf,Sf,Sf,B,Ground,0,ADW
UWBM39271,Urocitellus_parryii_SCIURIDAE_RODENTIA,Urocitellus_parryii,NA,NA,NA,NA,0.531324272687107,0.7056307075636854,0.6694862120794004,0.41494527353703853,0.5475445252765413,0.5676627904963439,0.5948019756283769,0.6569957716050439,0.44279044305534143,0.6159237276853725,0.5023248204552169,0.7696459574586789,0.41992896399815055,0.8456231752178214,0.6319299572942013,NA,NA,-0.7566713861705768,0.060680528895447845,-0.01438355321385204,0.08787824234431392,0.500757093370516,-1.0190112137907952,0.2693612209803315,0.8560494652221662,0.45066945651561224,0.7122513230512808,-0.5500471418784786,0.46119379118927756,NA,0.5672583418558456,F,543,UWBM specimen label,Sf,Sf,Sf,B,Ground,0,ADW
NMNH589596,Cynomys_ludovicianus_SCIURIDAE_RODENTIA,Cynomys_ludovicianus,NA,NA,NA,NA,0.6216574529747213,0.7700539406969014,0.6427415131462048,0.4213059688117728,0.6411589174474227,0.47031189921527083,0.7307703180363684,0.8484042398514261,0.5991167760940416,0.7357171609501788,0.6770517224145852,0.9949087250305659,0.6065461958970932,0.8635497260423716,0.7455433229352875,NA,NA,-0.5274813829205192,0.049064794677450646,0.05072227024097458,0.23626574409709872,0.6470870843543992,-0.8112671726704179,0.9139307492223415,0.4342520819290822,0.06387482923409998,0.6117349739915557,-0.9326248118702081,0.12712524706458495,NA,0.7525588401503369,F,797.05,PanTheria,F,Is,Is,B,Ground,0,ADW
NMNH570633,Sciurus_carolinensis_SCIURIDAE_RODENTIA,Sciurus_carolinensis,NA,NA,NA,NA,0.7865438347601239,0.7598377780335928,0.8817608614273752,0.7654470607074699,0.7054081478672005,0.8981118700414894,0.7794332516595782,0.8095892567995159,0.39443329811444167,0.829920935830235,0.7089904881392546,0.7753089767866066,0.702166396090924,0.8436165231896933,1.2724022054198942,NA,NA,1.1451316556546418,0.16558670713140125,-0.46129024376212086,0.030123941122156744,0.06367005478143958,-0.5940246442341673,-0.29814608942809667,0.18380690393013333,0.34243646525564886,-0.08519204348965531,-0.2439983068166637,0.5849014651807328,NA,0.5693875389670259,F,545.4,PanTheria,Sc,Sc,Sc,Sc,Tree,1,Wiki
NMNH569266,Thomomys_bottae_GEOMYIDAE_RODENTIA,Thomomys_bottae,NA,NA,NA,NA,-0.5900910220218268,-0.23474443202807663,-0.4973319447631926,-0.8715105358404454,-0.34732498253074784,-0.2703620817575022,-0.41378760086406374,-0.05011062518793688,-0.18291948193994878,-0.2398194501011326,-0.42955111580611205,0.24689262125917302,-0.5904593222891438,-0.20930511643415223,-0.4761174916220609,NA,NA,-0.788977668414124,0.22778901508647006,0.7809060521253938,0.7736040627641837,1.5292953384482322,-0.7931988141296322,1.615375585561827,0.6336699168129688,0.10617156577020852,1.3779443162224014,-0.7803403038022074,1.369924172643091,NA,-0.15083449150929645,F,122.7,PanTheria,F,Is,Is,B,Ground,0,Wiki
UWBM34225,Tupaia_glis_TUPAIIDAE_SCANDENTIA,Tupaia_glis,NA,NA,NA,NA,0.12080631521655219,-0.09238742028487536,0.03105631555439987,-0.014995741367537391,-0.20818323935847935,0.11625768993543246,0.10691191657077202,-0.20372462814032039,-0.34096437409780844,0.1711653702168679,-0.05961853787139819,-0.25223588770813066,-0.018905554588881754,0.18297732131234942,0.13270216473035518,NA,NA,-0.2875097307832096,0.06793908254203933,-0.6504238287812535,-0.7173088173990645,-0.49859801175761526,-0.6704710279756712,-0.3544542138006964,0.23043448007119013,-0.3573715787889157,-0.8338216168614505,-0.46099409211533926,0.16634455250853383,NA,-0.11399153657455549,F,132.43,PanTheria,Sc,Sc,Sc,Sc,Tree,1,Sargis 2002
UWBM34226,Tupaia_glis_TUPAIIDAE_SCANDENTIA,Tupaia_glis,NA,NA,NA,NA,0.03640260763128404,-0.08543174287756278,-0.12299431243285985,-0.13365653376998535,-0.22807736231344122,-0.010276292788457039,0.06725403345694599,-0.2576647014919311,-0.37397830996583864,-0.02941053171659576,-0.18760050285957447,-0.7323003125936259,-0.1678103016089959,0.1497706257090573,-0.039623303078451605,NA,NA,-0.6376549825448248,-0.2889578066856071,-0.6434964013452298,-0.7450414432553321,-1.0376443288882826,-1.1765711106976484,-0.26831318785261193,0.383114211424796,-0.5691605197528068,-0.5339531967163943,-0.5720864859139339,0.08264696457442187,NA,-0.11399153657455549,F,132.43,PanTheria,Sc,Sc,Sc,Sc,Tree,1,Sargis 2002
UWBM34227,Tupaia_glis_TUPAIIDAE_SCANDENTIA,Tupaia_glis,NA,NA,NA,NA,0.22990098744096502,0.006076471326856128,0.24451066856944226,0.049494579881648286,-0.06940504220399599,0.32173022446872657,0.2140050724740526,-0.03590714606259654,-0.22680189045954893,0.10241943538381083,0.08968055815173903,-0.003922280211566351,0.07180458042586463,0.4005725057887893,0.29876339966357934,0.3625499301200751,0.35826850394039683,-0.4431531729560481,-0.2948257427551761,-0.6264316097998569,-0.600146223411084,-0.31009101598838007,-0.7756602412350253,-0.12196637854568215,0.5797542567344065,-0.019044340005123228,-0.8558568200905777,-0.6950380714380302,0.6734534676387457,-0.12868904574814186,-0.11399153657455549,F,132.43,PanTheria,Sc,Sc,Sc,Sc,Tree,1,Sargis 2002
NMNH396667,Tupaia_longipes_TUPAIIDAE_SCANDENTIA,Tupaia_longipes,NA,NA,NA,NA,0.44778780408314933,0.24013562025901541,0.2966892990526316,0.3671529014811822,0.07982414805768888,0.48530302725396196,0.4419024260793627,-0.009935398977450653,-0.03179976744871511,0.1293131851259232,0.2668041403975639,0.05806956896464014,0.32577747400998053,0.6023377658242192,0.3892059896448777,0.6720244216566935,0.47888270823748796,-0.7342196228693559,-0.6387443023642586,-0.6573106997700632,-0.9305887749611726,-0.500585842025112,-0.703492846508022,-0.44845200389845874,0.4834871814322759,-0.4893792216574792,-0.7769673520591214,-0.3604537712213556,0.3205457012209853,-0.4815119054745212,0.0010137006748096179,F,168.05,PanTheria,T,T,T,T,Ground,0,Sargis 2002
NMNH597840,Tupaia_minor_TUPAIIDAE_SCANDENTIA,Tupaia_minor,NA,NA,NA,NA,-0.2834096841942888,-0.4213097649263175,-0.3297744673201168,-0.4348837064414986,-0.5613283025387931,-0.41093707400631685,-0.23124162842679793,-0.47910801480117626,-0.6536553004802272,-0.392127690203688,-0.41280689639938617,-0.7964727650338161,-0.3671487365799604,0.05037482590515499,0.10976147196401231,-0.0847043315685811,-0.030075807792382545,0.03096374791164944,-0.4629905356248057,-0.6444851254997062,-0.6296142704949823,-0.8277996256728454,-0.6384810240495685,-0.03263659012503857,0.8325316393539767,-0.28652770570635033,-0.6294423723564287,-0.3569611373692436,-0.34662689343243175,-0.0328929994725365,-0.4218016003743343,F,70,PanTheria,A,A,A,A,Tree,1,Sargis 2002
NMNH396661,Tupaia_tana_TUPAIIDAE_SCANDENTIA,Tupaia_tana,NA,NA,NA,NA,0.45696878740698643,0.5090729333362255,0.4796505663091029,0.3192771486028757,0.23602967717419268,0.4594921810677802,0.3802789980210688,0.3154345224418793,0.06828954055082853,0.421816726358756,0.3560768938325309,0.20315962545422472,0.3924175204672119,0.7151844564747685,0.6259492917613568,0.6082762800290041,0.6262015031250137,-0.4408874594614332,0.06723529183490576,-0.37254241799184573,-0.2184915422061641,-0.39579405418761227,-0.03296329629095228,-0.262841706042497,0.8334211519107699,0.04290542098172914,0.18012199375611268,-0.6094153478593209,0.3680355982989587,-0.06576227102406783,0.04038882944272847,F,182.33,PanTheria,T,T,T,T,Ground,0,Sargis 2002
